

================================================================
== Vitis HLS Report for 'registration_accumulate_kernel_Pipeline_VITIS_LOOP_70_3'
================================================================
* Date:           Wed Apr 15 02:32:39 2026

* Version:        2024.1 (Build 5069499 on May 21 2024)
* Project:        registration_hls
* Solution:       solution1 (Vivado IP Flow Target)
* Product family: virtexuplus
* Target device:  xcvu9p-flgb2104-2-i


================================================================
== Performance Estimates
================================================================
+ Timing: 
    * Summary: 
    +--------+---------+----------+------------+
    |  Clock |  Target | Estimated| Uncertainty|
    +--------+---------+----------+------------+
    |ap_clk  |  4.00 ns|  2.920 ns|     1.08 ns|
    +--------+---------+----------+------------+

+ Latency: 
    * Summary: 
    +---------+---------+----------+----------+-----+-------+-----------------------------------------------+
    |  Latency (cycles) |  Latency (absolute) |   Interval  |                    Pipeline                   |
    |   min   |   max   |    min   |    max   | min |  max  |                      Type                     |
    +---------+---------+----------+----------+-----+-------+-----------------------------------------------+
    |       75|    98373|  0.300 us|  0.393 ms|   12|  98310|  loop auto-rewind stp(delay=0 clock cycles(s))|
    +---------+---------+----------+----------+-----+-------+-----------------------------------------------+

    + Detail: 
        * Instance: 
        N/A

        * Loop: 
        +-------------------+---------+---------+----------+-----------+-----------+-----------+----------+
        |                   |  Latency (cycles) | Iteration|  Initiation Interval  |    Trip   |          |
        |     Loop Name     |   min   |   max   |  Latency |  achieved |   target  |   Count   | Pipelined|
        +-------------------+---------+---------+----------+-----------+-----------+-----------+----------+
        |- VITIS_LOOP_70_3  |       73|    98371|        74|          6|          1|  1 ~ 16384|       yes|
        +-------------------+---------+---------+----------+-----------+-----------+-----------+----------+

============================================================
+ Verbose Summary: Synthesis Manager
============================================================
InlineROM: 1
ExposeGlobal: 0
============================================================
+ Verbose Summary: CDFG Model
============================================================
IsTopModel: 0
ResetActiveHigh: 1
IsCombinational: 0
IsDatapathOnly: 0
HasWiredReturn: 1
HasMFsm: 2
HasVarLatency: 1
IsPipeline: 0
IsRtlPipelined: 0
IsInstanceOverlapped: 0
IsDontTouch: 0
HasImplIP: 0
IsGatedGlobalClock: 0

+ Individual pipeline summary: 
  * Pipeline-0: initiation interval (II) = 6, depth = 75


============================================================
+ Verbose Summary: Schedule
============================================================
* Number of FSM states : 75
* Pipeline : 1
  Pipeline-0 : II = 6, D = 75, States = { 1 2 3 4 5 6 7 8 9 10 11 12 13 14 15 16 17 18 19 20 21 22 23 24 25 26 27 28 29 30 31 32 33 34 35 36 37 38 39 40 41 42 43 44 45 46 47 48 49 50 51 52 53 54 55 56 57 58 59 60 61 62 63 64 65 66 67 68 69 70 71 72 73 74 75 }
* Dataflow Pipeline: 0

* FSM state transitions: 
1 --> 2 
2 --> 3 
3 --> 4 
4 --> 5 
5 --> 6 
6 --> 7 
7 --> 8 
8 --> 9 
9 --> 10 
10 --> 11 
11 --> 12 
12 --> 13 
13 --> 14 
14 --> 15 
15 --> 16 
16 --> 17 
17 --> 18 
18 --> 19 
19 --> 20 
20 --> 21 
21 --> 22 
22 --> 23 
23 --> 24 
24 --> 25 
25 --> 26 
26 --> 27 
27 --> 28 
28 --> 29 
29 --> 30 
30 --> 31 
31 --> 32 
32 --> 33 
33 --> 34 
34 --> 35 
35 --> 36 
36 --> 37 
37 --> 38 
38 --> 39 
39 --> 40 
40 --> 41 
41 --> 42 
42 --> 43 
43 --> 44 
44 --> 45 
45 --> 46 
46 --> 47 
47 --> 48 
48 --> 49 
49 --> 50 
50 --> 51 
51 --> 52 
52 --> 53 
53 --> 54 
54 --> 55 
55 --> 56 
56 --> 57 
57 --> 58 
58 --> 59 
59 --> 60 
60 --> 61 
61 --> 62 
62 --> 63 
63 --> 64 
64 --> 65 
65 --> 66 
66 --> 67 
67 --> 68 
68 --> 69 
69 --> 70 
70 --> 71 
71 --> 72 
72 --> 73 
73 --> 74 
74 --> 75 
75 --> 

* FSM state operations: 

State 1 <SV = 0> <Delay = 0.38>
ST_1 : Operation 77 [1/1] (0.00ns)   --->   "%empty = alloca i32 1"   --->   Operation 77 'alloca' 'empty' <Predicate = true> <Delay = 0.00>
ST_1 : Operation 78 [1/1] (0.00ns)   --->   "%empty_31 = alloca i32 1"   --->   Operation 78 'alloca' 'empty_31' <Predicate = true> <Delay = 0.00>
ST_1 : Operation 79 [1/1] (0.00ns)   --->   "%empty_32 = alloca i32 1"   --->   Operation 79 'alloca' 'empty_32' <Predicate = true> <Delay = 0.00>
ST_1 : Operation 80 [1/1] (0.00ns)   --->   "%empty_33 = alloca i32 1"   --->   Operation 80 'alloca' 'empty_33' <Predicate = true> <Delay = 0.00>
ST_1 : Operation 81 [1/1] (0.00ns)   --->   "%empty_34 = alloca i32 1"   --->   Operation 81 'alloca' 'empty_34' <Predicate = true> <Delay = 0.00>
ST_1 : Operation 82 [1/1] (0.00ns)   --->   "%empty_35 = alloca i32 1"   --->   Operation 82 'alloca' 'empty_35' <Predicate = true> <Delay = 0.00>
ST_1 : Operation 83 [1/1] (0.00ns)   --->   "%empty_36 = alloca i32 1"   --->   Operation 83 'alloca' 'empty_36' <Predicate = true> <Delay = 0.00>
ST_1 : Operation 84 [1/1] (0.00ns)   --->   "%empty_37 = alloca i32 1"   --->   Operation 84 'alloca' 'empty_37' <Predicate = true> <Delay = 0.00>
ST_1 : Operation 85 [1/1] (0.00ns)   --->   "%empty_38 = alloca i32 1"   --->   Operation 85 'alloca' 'empty_38' <Predicate = true> <Delay = 0.00>
ST_1 : Operation 86 [1/1] (0.00ns)   --->   "%empty_39 = alloca i32 1"   --->   Operation 86 'alloca' 'empty_39' <Predicate = true> <Delay = 0.00>
ST_1 : Operation 87 [1/1] (0.00ns)   --->   "%empty_40 = alloca i32 1"   --->   Operation 87 'alloca' 'empty_40' <Predicate = true> <Delay = 0.00>
ST_1 : Operation 88 [1/1] (0.00ns)   --->   "%empty_41 = alloca i32 1"   --->   Operation 88 'alloca' 'empty_41' <Predicate = true> <Delay = 0.00>
ST_1 : Operation 89 [1/1] (0.00ns)   --->   "%empty_42 = alloca i32 1"   --->   Operation 89 'alloca' 'empty_42' <Predicate = true> <Delay = 0.00>
ST_1 : Operation 90 [1/1] (0.00ns)   --->   "%empty_43 = alloca i32 1"   --->   Operation 90 'alloca' 'empty_43' <Predicate = true> <Delay = 0.00>
ST_1 : Operation 91 [1/1] (0.00ns)   --->   "%empty_44 = alloca i32 1"   --->   Operation 91 'alloca' 'empty_44' <Predicate = true> <Delay = 0.00>
ST_1 : Operation 92 [1/1] (0.00ns)   --->   "%empty_45 = alloca i32 1"   --->   Operation 92 'alloca' 'empty_45' <Predicate = true> <Delay = 0.00>
ST_1 : Operation 93 [1/1] (0.00ns)   --->   "%empty_46 = alloca i32 1"   --->   Operation 93 'alloca' 'empty_46' <Predicate = true> <Delay = 0.00>
ST_1 : Operation 94 [1/1] (0.00ns)   --->   "%empty_47 = alloca i32 1"   --->   Operation 94 'alloca' 'empty_47' <Predicate = true> <Delay = 0.00>
ST_1 : Operation 95 [1/1] (0.00ns)   --->   "%empty_48 = alloca i32 1"   --->   Operation 95 'alloca' 'empty_48' <Predicate = true> <Delay = 0.00>
ST_1 : Operation 96 [1/1] (0.00ns)   --->   "%empty_49 = alloca i32 1"   --->   Operation 96 'alloca' 'empty_49' <Predicate = true> <Delay = 0.00>
ST_1 : Operation 97 [1/1] (0.00ns)   --->   "%empty_50 = alloca i32 1"   --->   Operation 97 'alloca' 'empty_50' <Predicate = true> <Delay = 0.00>
ST_1 : Operation 98 [1/1] (0.00ns)   --->   "%empty_51 = alloca i32 1"   --->   Operation 98 'alloca' 'empty_51' <Predicate = true> <Delay = 0.00>
ST_1 : Operation 99 [1/1] (0.00ns)   --->   "%empty_52 = alloca i32 1"   --->   Operation 99 'alloca' 'empty_52' <Predicate = true> <Delay = 0.00>
ST_1 : Operation 100 [1/1] (0.00ns)   --->   "%empty_53 = alloca i32 1"   --->   Operation 100 'alloca' 'empty_53' <Predicate = true> <Delay = 0.00>
ST_1 : Operation 101 [1/1] (0.00ns)   --->   "%empty_54 = alloca i32 1"   --->   Operation 101 'alloca' 'empty_54' <Predicate = true> <Delay = 0.00>
ST_1 : Operation 102 [1/1] (0.00ns)   --->   "%empty_55 = alloca i32 1"   --->   Operation 102 'alloca' 'empty_55' <Predicate = true> <Delay = 0.00>
ST_1 : Operation 103 [1/1] (0.00ns)   --->   "%empty_56 = alloca i32 1"   --->   Operation 103 'alloca' 'empty_56' <Predicate = true> <Delay = 0.00>
ST_1 : Operation 104 [1/1] (0.00ns)   --->   "%i = alloca i32 1" [cpp/semgraph_slam/hls/registration_kernel_draft.cpp:70]   --->   Operation 104 'alloca' 'i' <Predicate = true> <Delay = 0.00>
ST_1 : Operation 105 [1/1] (0.00ns)   --->   "%kernel_sq_read = read i32 @_ssdm_op_Read.ap_auto.float, i32 %kernel_sq"   --->   Operation 105 'read' 'kernel_sq_read' <Predicate = true> <Delay = 0.00>
ST_1 : Operation 106 [1/1] (0.00ns)   --->   "%sext_ln70_2_read = read i62 @_ssdm_op_Read.ap_auto.i62, i62 %sext_ln70_2"   --->   Operation 106 'read' 'sext_ln70_2_read' <Predicate = true> <Delay = 0.00>
ST_1 : Operation 107 [1/1] (0.00ns)   --->   "%sext_ln70_1_read = read i62 @_ssdm_op_Read.ap_auto.i62, i62 %sext_ln70_1"   --->   Operation 107 'read' 'sext_ln70_1_read' <Predicate = true> <Delay = 0.00>
ST_1 : Operation 108 [1/1] (0.00ns)   --->   "%sext_ln70_read = read i62 @_ssdm_op_Read.ap_auto.i62, i62 %sext_ln70"   --->   Operation 108 'read' 'sext_ln70_read' <Predicate = true> <Delay = 0.00>
ST_1 : Operation 109 [1/1] (0.00ns)   --->   "%sext_ln70_3_read = read i33 @_ssdm_op_Read.ap_auto.i33, i33 %sext_ln70_3"   --->   Operation 109 'read' 'sext_ln70_3_read' <Predicate = true> <Delay = 0.00>
ST_1 : Operation 110 [1/1] (0.00ns)   --->   "%sext_ln70_2_cast = sext i62 %sext_ln70_2_read"   --->   Operation 110 'sext' 'sext_ln70_2_cast' <Predicate = true> <Delay = 0.00>
ST_1 : Operation 111 [1/1] (0.00ns)   --->   "%sext_ln70_1_cast = sext i62 %sext_ln70_1_read"   --->   Operation 111 'sext' 'sext_ln70_1_cast' <Predicate = true> <Delay = 0.00>
ST_1 : Operation 112 [1/1] (0.00ns)   --->   "%sext_ln70_cast = sext i62 %sext_ln70_read"   --->   Operation 112 'sext' 'sext_ln70_cast' <Predicate = true> <Delay = 0.00>
ST_1 : Operation 113 [1/1] (0.00ns)   --->   "%sext_ln70_3_cast = sext i33 %sext_ln70_3_read"   --->   Operation 113 'sext' 'sext_ln70_3_cast' <Predicate = true> <Delay = 0.00>
ST_1 : Operation 114 [1/1] (0.00ns)   --->   "%specinterface_ln0 = specinterface void @_ssdm_op_SpecInterface, i32 %gmem2, void @empty, i32 0, i32 0, void @empty_0, i32 0, i32 0, void @empty_4, void @empty_2, void @empty_0, i32 16, i32 16, i32 16, i32 16, void @empty_0, void @empty_0, i32 4294967295, i32 0, i32 0"   --->   Operation 114 'specinterface' 'specinterface_ln0' <Predicate = true> <Delay = 0.00>
ST_1 : Operation 115 [1/1] (0.00ns)   --->   "%specinterface_ln0 = specinterface void @_ssdm_op_SpecInterface, i32 %gmem1, void @empty, i32 0, i32 0, void @empty_0, i32 0, i32 0, void @empty_3, void @empty_2, void @empty_0, i32 16, i32 16, i32 16, i32 16, void @empty_0, void @empty_0, i32 4294967295, i32 0, i32 0"   --->   Operation 115 'specinterface' 'specinterface_ln0' <Predicate = true> <Delay = 0.00>
ST_1 : Operation 116 [1/1] (0.00ns)   --->   "%specinterface_ln0 = specinterface void @_ssdm_op_SpecInterface, i32 %gmem0, void @empty, i32 0, i32 0, void @empty_0, i32 0, i32 0, void @empty_1, void @empty_2, void @empty_0, i32 16, i32 16, i32 16, i32 16, void @empty_0, void @empty_0, i32 4294967295, i32 0, i32 0"   --->   Operation 116 'specinterface' 'specinterface_ln0' <Predicate = true> <Delay = 0.00>
ST_1 : Operation 117 [1/1] (0.38ns)   --->   "%store_ln70 = store i64 0, i64 %i" [cpp/semgraph_slam/hls/registration_kernel_draft.cpp:70]   --->   Operation 117 'store' 'store_ln70' <Predicate = true> <Delay = 0.38>
ST_1 : Operation 118 [1/1] (0.38ns)   --->   "%store_ln0 = store i64 0, i64 %empty_56"   --->   Operation 118 'store' 'store_ln0' <Predicate = true> <Delay = 0.38>
ST_1 : Operation 119 [1/1] (0.38ns)   --->   "%store_ln0 = store i64 0, i64 %empty_55"   --->   Operation 119 'store' 'store_ln0' <Predicate = true> <Delay = 0.38>
ST_1 : Operation 120 [1/1] (0.38ns)   --->   "%store_ln0 = store i64 0, i64 %empty_54"   --->   Operation 120 'store' 'store_ln0' <Predicate = true> <Delay = 0.38>
ST_1 : Operation 121 [1/1] (0.38ns)   --->   "%store_ln0 = store i64 0, i64 %empty_53"   --->   Operation 121 'store' 'store_ln0' <Predicate = true> <Delay = 0.38>
ST_1 : Operation 122 [1/1] (0.38ns)   --->   "%store_ln0 = store i64 0, i64 %empty_52"   --->   Operation 122 'store' 'store_ln0' <Predicate = true> <Delay = 0.38>
ST_1 : Operation 123 [1/1] (0.38ns)   --->   "%store_ln0 = store i64 0, i64 %empty_51"   --->   Operation 123 'store' 'store_ln0' <Predicate = true> <Delay = 0.38>
ST_1 : Operation 124 [1/1] (0.38ns)   --->   "%store_ln0 = store i64 0, i64 %empty_50"   --->   Operation 124 'store' 'store_ln0' <Predicate = true> <Delay = 0.38>
ST_1 : Operation 125 [1/1] (0.38ns)   --->   "%store_ln0 = store i64 0, i64 %empty_49"   --->   Operation 125 'store' 'store_ln0' <Predicate = true> <Delay = 0.38>
ST_1 : Operation 126 [1/1] (0.38ns)   --->   "%store_ln0 = store i64 0, i64 %empty_48"   --->   Operation 126 'store' 'store_ln0' <Predicate = true> <Delay = 0.38>
ST_1 : Operation 127 [1/1] (0.38ns)   --->   "%store_ln0 = store i64 0, i64 %empty_47"   --->   Operation 127 'store' 'store_ln0' <Predicate = true> <Delay = 0.38>
ST_1 : Operation 128 [1/1] (0.38ns)   --->   "%store_ln0 = store i64 0, i64 %empty_46"   --->   Operation 128 'store' 'store_ln0' <Predicate = true> <Delay = 0.38>
ST_1 : Operation 129 [1/1] (0.38ns)   --->   "%store_ln0 = store i64 0, i64 %empty_45"   --->   Operation 129 'store' 'store_ln0' <Predicate = true> <Delay = 0.38>
ST_1 : Operation 130 [1/1] (0.38ns)   --->   "%store_ln0 = store i64 0, i64 %empty_44"   --->   Operation 130 'store' 'store_ln0' <Predicate = true> <Delay = 0.38>
ST_1 : Operation 131 [1/1] (0.38ns)   --->   "%store_ln0 = store i64 0, i64 %empty_43"   --->   Operation 131 'store' 'store_ln0' <Predicate = true> <Delay = 0.38>
ST_1 : Operation 132 [1/1] (0.38ns)   --->   "%store_ln0 = store i64 0, i64 %empty_42"   --->   Operation 132 'store' 'store_ln0' <Predicate = true> <Delay = 0.38>
ST_1 : Operation 133 [1/1] (0.38ns)   --->   "%store_ln0 = store i64 0, i64 %empty_41"   --->   Operation 133 'store' 'store_ln0' <Predicate = true> <Delay = 0.38>
ST_1 : Operation 134 [1/1] (0.38ns)   --->   "%store_ln0 = store i64 0, i64 %empty_40"   --->   Operation 134 'store' 'store_ln0' <Predicate = true> <Delay = 0.38>
ST_1 : Operation 135 [1/1] (0.38ns)   --->   "%store_ln0 = store i64 0, i64 %empty_39"   --->   Operation 135 'store' 'store_ln0' <Predicate = true> <Delay = 0.38>
ST_1 : Operation 136 [1/1] (0.38ns)   --->   "%store_ln0 = store i64 0, i64 %empty_38"   --->   Operation 136 'store' 'store_ln0' <Predicate = true> <Delay = 0.38>
ST_1 : Operation 137 [1/1] (0.38ns)   --->   "%store_ln0 = store i64 0, i64 %empty_37"   --->   Operation 137 'store' 'store_ln0' <Predicate = true> <Delay = 0.38>
ST_1 : Operation 138 [1/1] (0.38ns)   --->   "%store_ln0 = store i64 0, i64 %empty_36"   --->   Operation 138 'store' 'store_ln0' <Predicate = true> <Delay = 0.38>
ST_1 : Operation 139 [1/1] (0.38ns)   --->   "%store_ln0 = store i64 0, i64 %empty_35"   --->   Operation 139 'store' 'store_ln0' <Predicate = true> <Delay = 0.38>
ST_1 : Operation 140 [1/1] (0.38ns)   --->   "%store_ln0 = store i64 0, i64 %empty_34"   --->   Operation 140 'store' 'store_ln0' <Predicate = true> <Delay = 0.38>
ST_1 : Operation 141 [1/1] (0.38ns)   --->   "%store_ln0 = store i64 0, i64 %empty_33"   --->   Operation 141 'store' 'store_ln0' <Predicate = true> <Delay = 0.38>
ST_1 : Operation 142 [1/1] (0.38ns)   --->   "%store_ln0 = store i64 0, i64 %empty_32"   --->   Operation 142 'store' 'store_ln0' <Predicate = true> <Delay = 0.38>
ST_1 : Operation 143 [1/1] (0.38ns)   --->   "%store_ln0 = store i64 0, i64 %empty_31"   --->   Operation 143 'store' 'store_ln0' <Predicate = true> <Delay = 0.38>
ST_1 : Operation 144 [1/1] (0.38ns)   --->   "%store_ln0 = store i64 0, i64 %empty"   --->   Operation 144 'store' 'store_ln0' <Predicate = true> <Delay = 0.38>
ST_1 : Operation 145 [1/1] (0.00ns)   --->   "%br_ln0 = br void %VITIS_LOOP_111_4"   --->   Operation 145 'br' 'br_ln0' <Predicate = true> <Delay = 0.00>

State 2 <SV = 1> <Delay = 1.53>
ST_2 : Operation 146 [1/1] (0.00ns)   --->   "%i_1 = load i64 %i" [cpp/semgraph_slam/hls/registration_kernel_draft.cpp:70]   --->   Operation 146 'load' 'i_1' <Predicate = true> <Delay = 0.00>
ST_2 : Operation 147 [1/1] (0.00ns)   --->   "%specbitsmap_ln0 = specbitsmap void @_ssdm_op_SpecBitsMap, i32 %gmem2"   --->   Operation 147 'specbitsmap' 'specbitsmap_ln0' <Predicate = true> <Delay = 0.00>
ST_2 : Operation 148 [1/1] (0.00ns)   --->   "%specbitsmap_ln0 = specbitsmap void @_ssdm_op_SpecBitsMap, i32 %gmem1"   --->   Operation 148 'specbitsmap' 'specbitsmap_ln0' <Predicate = true> <Delay = 0.00>
ST_2 : Operation 149 [1/1] (0.00ns)   --->   "%specbitsmap_ln0 = specbitsmap void @_ssdm_op_SpecBitsMap, i32 %gmem0"   --->   Operation 149 'specbitsmap' 'specbitsmap_ln0' <Predicate = true> <Delay = 0.00>
ST_2 : Operation 150 [1/1] (1.14ns)   --->   "%icmp_ln70 = icmp_eq  i64 %i_1, i64 %sext_ln70_3_cast" [cpp/semgraph_slam/hls/registration_kernel_draft.cpp:70]   --->   Operation 150 'icmp' 'icmp_ln70' <Predicate = true> <Delay = 1.14> <CoreInst = "Cmp">   --->   Core 9 'Cmp' <Latency = 0> <II = 1> <Delay = 1.14> <FuncUnit> <Opcode : 'seteq' 'setne' 'setle' 'setge' 'setlt' 'setgt'> <InPorts = 2> <OutPorts = 1>
ST_2 : Operation 151 [1/1] (1.14ns)   --->   "%add_ln70 = add i64 %i_1, i64 1" [cpp/semgraph_slam/hls/registration_kernel_draft.cpp:70]   --->   Operation 151 'add' 'add_ln70' <Predicate = true> <Delay = 1.14> <CoreInst = "Adder">   --->   Core 1 'Adder' <Latency = 0> <II = 1> <Delay = 1.14> <FuncUnit> <Opcode : 'add' 'sub'> <InPorts = 2> <OutPorts = 1>
ST_2 : Operation 152 [1/1] (0.00ns)   --->   "%br_ln70 = br i1 %icmp_ln70, void %VITIS_LOOP_111_4.split, void %VITIS_LOOP_141_10.preheader.exitStub" [cpp/semgraph_slam/hls/registration_kernel_draft.cpp:70]   --->   Operation 152 'br' 'br_ln70' <Predicate = true> <Delay = 0.00>
ST_2 : Operation 153 [1/1] (0.38ns)   --->   "%store_ln70 = store i64 %add_ln70, i64 %i" [cpp/semgraph_slam/hls/registration_kernel_draft.cpp:70]   --->   Operation 153 'store' 'store_ln70' <Predicate = (!icmp_ln70)> <Delay = 0.38>

State 3 <SV = 2> <Delay = 2.92>
ST_3 : Operation 154 [1/1] (0.00ns)   --->   "%gmem0_addr = getelementptr i32 %gmem0, i64 %sext_ln70_cast" [cpp/semgraph_slam/hls/registration_kernel_draft.cpp:70]   --->   Operation 154 'getelementptr' 'gmem0_addr' <Predicate = (!icmp_ln70)> <Delay = 0.00>
ST_3 : Operation 155 [1/1] (0.00ns)   --->   "%gmem1_addr = getelementptr i32 %gmem1, i64 %sext_ln70_1_cast" [cpp/semgraph_slam/hls/registration_kernel_draft.cpp:70]   --->   Operation 155 'getelementptr' 'gmem1_addr' <Predicate = (!icmp_ln70)> <Delay = 0.00>
ST_3 : Operation 156 [1/1] (2.92ns)   --->   "%gmem0_addr_read = read i32 @_ssdm_op_Read.m_axi.p1i32, i32 %gmem0_addr" [cpp/semgraph_slam/hls/registration_kernel_draft.cpp:80]   --->   Operation 156 'read' 'gmem0_addr_read' <Predicate = (!icmp_ln70)> <Delay = 2.92> <CoreInst = "m_axi">   --->   Core 119 'm_axi' <Latency = 0> <II = 1> <Delay = 1.00> <Adapter> <Opcode : 'read' 'write' 'readreq' 'writereq' 'writeresp'>
ST_3 : Operation 157 [1/1] (2.92ns)   --->   "%gmem1_addr_read = read i32 @_ssdm_op_Read.m_axi.p1i32, i32 %gmem1_addr" [cpp/semgraph_slam/hls/registration_kernel_draft.cpp:84]   --->   Operation 157 'read' 'gmem1_addr_read' <Predicate = (!icmp_ln70)> <Delay = 2.92> <CoreInst = "m_axi">   --->   Core 119 'm_axi' <Latency = 0> <II = 1> <Delay = 1.00> <Adapter> <Opcode : 'read' 'write' 'readreq' 'writereq' 'writeresp'>

State 4 <SV = 3> <Delay = 2.92>
ST_4 : Operation 158 [1/1] (0.00ns)   --->   "%sx = bitcast i32 %gmem0_addr_read" [cpp/semgraph_slam/hls/registration_kernel_draft.cpp:80]   --->   Operation 158 'bitcast' 'sx' <Predicate = (!icmp_ln70)> <Delay = 0.00>
ST_4 : Operation 159 [1/1] (2.92ns)   --->   "%gmem0_addr_read_1 = read i32 @_ssdm_op_Read.m_axi.p1i32, i32 %gmem0_addr" [cpp/semgraph_slam/hls/registration_kernel_draft.cpp:80]   --->   Operation 159 'read' 'gmem0_addr_read_1' <Predicate = (!icmp_ln70)> <Delay = 2.92> <CoreInst = "m_axi">   --->   Core 119 'm_axi' <Latency = 0> <II = 1> <Delay = 1.00> <Adapter> <Opcode : 'read' 'write' 'readreq' 'writereq' 'writeresp'>
ST_4 : Operation 160 [1/1] (0.00ns)   --->   "%tx = bitcast i32 %gmem1_addr_read" [cpp/semgraph_slam/hls/registration_kernel_draft.cpp:84]   --->   Operation 160 'bitcast' 'tx' <Predicate = (!icmp_ln70)> <Delay = 0.00>
ST_4 : Operation 161 [1/1] (2.92ns)   --->   "%gmem1_addr_read_1 = read i32 @_ssdm_op_Read.m_axi.p1i32, i32 %gmem1_addr" [cpp/semgraph_slam/hls/registration_kernel_draft.cpp:84]   --->   Operation 161 'read' 'gmem1_addr_read_1' <Predicate = (!icmp_ln70)> <Delay = 2.92> <CoreInst = "m_axi">   --->   Core 119 'm_axi' <Latency = 0> <II = 1> <Delay = 1.00> <Adapter> <Opcode : 'read' 'write' 'readreq' 'writereq' 'writeresp'>
ST_4 : Operation 162 [7/7] (2.34ns)   --->   "%rx = fsub i32 %sx, i32 %tx" [cpp/semgraph_slam/hls/registration_kernel_draft.cpp:88]   --->   Operation 162 'fsub' 'rx' <Predicate = (!icmp_ln70)> <Delay = 2.34> <CoreInst = "FAddSub_fulldsp">   --->   Core 18 'FAddSub_fulldsp' <Latency = 6> <II = 1> <Delay = 2.34> <FuncUnit> <Opcode : 'fadd' 'fsub'> <InPorts = 2> <OutPorts = 1>
ST_4 : Operation 163 [2/2] (1.54ns)   --->   "%conv3 = fpext i32 %sx" [cpp/semgraph_slam/hls/registration_kernel_draft.cpp:104]   --->   Operation 163 'fpext' 'conv3' <Predicate = (!icmp_ln70)> <Delay = 1.54> <CoreInst = "Float2Double">   --->   Core 64 'Float2Double' <Latency = 1> <II = 1> <Delay = 1.54> <FuncUnit> <Opcode : 'fpext'> <InPorts = 1> <OutPorts = 1>
ST_4 : Operation 164 [1/1] (0.00ns)   --->   "%bit_sel = bitselect i1 @_ssdm_op_BitSelect.i1.i32.i32, i32 %gmem0_addr_read, i32 31" [cpp/semgraph_slam/hls/registration_kernel_draft.cpp:105]   --->   Operation 164 'bitselect' 'bit_sel' <Predicate = (!icmp_ln70)> <Delay = 0.00>
ST_4 : Operation 165 [1/1] (0.12ns)   --->   "%xor_ln105 = xor i1 %bit_sel, i1 1" [cpp/semgraph_slam/hls/registration_kernel_draft.cpp:105]   --->   Operation 165 'xor' 'xor_ln105' <Predicate = (!icmp_ln70)> <Delay = 0.12> <CoreInst = "LogicGate">   --->   Core 74 'LogicGate' <Latency = 0> <II = 1> <Delay = 0.12> <FuncUnit> <Opcode : 'and' 'or' 'xor'> <InPorts = 2> <OutPorts = 1>
ST_4 : Operation 166 [1/1] (0.00ns)   --->   "%trunc_ln105 = trunc i32 %gmem0_addr_read" [cpp/semgraph_slam/hls/registration_kernel_draft.cpp:105]   --->   Operation 166 'trunc' 'trunc_ln105' <Predicate = (!icmp_ln70)> <Delay = 0.00>
ST_4 : Operation 167 [1/1] (0.00ns)   --->   "%xor_ln2 = bitconcatenate i32 @_ssdm_op_BitConcatenate.i32.i1.i31, i1 %xor_ln105, i31 %trunc_ln105" [cpp/semgraph_slam/hls/registration_kernel_draft.cpp:105]   --->   Operation 167 'bitconcatenate' 'xor_ln2' <Predicate = (!icmp_ln70)> <Delay = 0.00>
ST_4 : Operation 168 [1/1] (0.00ns)   --->   "%bitcast_ln105 = bitcast i32 %xor_ln2" [cpp/semgraph_slam/hls/registration_kernel_draft.cpp:105]   --->   Operation 168 'bitcast' 'bitcast_ln105' <Predicate = (!icmp_ln70)> <Delay = 0.00>
ST_4 : Operation 169 [2/2] (1.54ns)   --->   "%conv5 = fpext i32 %bitcast_ln105" [cpp/semgraph_slam/hls/registration_kernel_draft.cpp:105]   --->   Operation 169 'fpext' 'conv5' <Predicate = (!icmp_ln70)> <Delay = 1.54> <CoreInst = "Float2Double">   --->   Core 64 'Float2Double' <Latency = 1> <II = 1> <Delay = 1.54> <FuncUnit> <Opcode : 'fpext'> <InPorts = 1> <OutPorts = 1>

State 5 <SV = 4> <Delay = 2.92>
ST_5 : Operation 170 [1/1] (0.00ns)   --->   "%sy = bitcast i32 %gmem0_addr_read_1" [cpp/semgraph_slam/hls/registration_kernel_draft.cpp:80]   --->   Operation 170 'bitcast' 'sy' <Predicate = (!icmp_ln70)> <Delay = 0.00>
ST_5 : Operation 171 [1/1] (2.92ns)   --->   "%gmem0_addr_read_2 = read i32 @_ssdm_op_Read.m_axi.p1i32, i32 %gmem0_addr" [cpp/semgraph_slam/hls/registration_kernel_draft.cpp:80]   --->   Operation 171 'read' 'gmem0_addr_read_2' <Predicate = (!icmp_ln70)> <Delay = 2.92> <CoreInst = "m_axi">   --->   Core 119 'm_axi' <Latency = 0> <II = 1> <Delay = 1.00> <Adapter> <Opcode : 'read' 'write' 'readreq' 'writereq' 'writeresp'>
ST_5 : Operation 172 [1/1] (0.00ns)   --->   "%ty = bitcast i32 %gmem1_addr_read_1" [cpp/semgraph_slam/hls/registration_kernel_draft.cpp:84]   --->   Operation 172 'bitcast' 'ty' <Predicate = (!icmp_ln70)> <Delay = 0.00>
ST_5 : Operation 173 [1/1] (2.92ns)   --->   "%gmem1_addr_read_2 = read i32 @_ssdm_op_Read.m_axi.p1i32, i32 %gmem1_addr" [cpp/semgraph_slam/hls/registration_kernel_draft.cpp:84]   --->   Operation 173 'read' 'gmem1_addr_read_2' <Predicate = (!icmp_ln70)> <Delay = 2.92> <CoreInst = "m_axi">   --->   Core 119 'm_axi' <Latency = 0> <II = 1> <Delay = 1.00> <Adapter> <Opcode : 'read' 'write' 'readreq' 'writereq' 'writeresp'>
ST_5 : Operation 174 [6/7] (2.34ns)   --->   "%rx = fsub i32 %sx, i32 %tx" [cpp/semgraph_slam/hls/registration_kernel_draft.cpp:88]   --->   Operation 174 'fsub' 'rx' <Predicate = (!icmp_ln70)> <Delay = 2.34> <CoreInst = "FAddSub_fulldsp">   --->   Core 18 'FAddSub_fulldsp' <Latency = 6> <II = 1> <Delay = 2.34> <FuncUnit> <Opcode : 'fadd' 'fsub'> <InPorts = 2> <OutPorts = 1>
ST_5 : Operation 175 [7/7] (2.34ns)   --->   "%ry = fsub i32 %sy, i32 %ty" [cpp/semgraph_slam/hls/registration_kernel_draft.cpp:89]   --->   Operation 175 'fsub' 'ry' <Predicate = (!icmp_ln70)> <Delay = 2.34> <CoreInst = "FAddSub_fulldsp">   --->   Core 18 'FAddSub_fulldsp' <Latency = 6> <II = 1> <Delay = 2.34> <FuncUnit> <Opcode : 'fadd' 'fsub'> <InPorts = 2> <OutPorts = 1>
ST_5 : Operation 176 [1/1] (0.00ns)   --->   "%bit_sel6 = bitselect i1 @_ssdm_op_BitSelect.i1.i32.i32, i32 %gmem0_addr_read_1, i32 31" [cpp/semgraph_slam/hls/registration_kernel_draft.cpp:103]   --->   Operation 176 'bitselect' 'bit_sel6' <Predicate = (!icmp_ln70)> <Delay = 0.00>
ST_5 : Operation 177 [1/1] (0.12ns)   --->   "%xor_ln103 = xor i1 %bit_sel6, i1 1" [cpp/semgraph_slam/hls/registration_kernel_draft.cpp:103]   --->   Operation 177 'xor' 'xor_ln103' <Predicate = (!icmp_ln70)> <Delay = 0.12> <CoreInst = "LogicGate">   --->   Core 74 'LogicGate' <Latency = 0> <II = 1> <Delay = 0.12> <FuncUnit> <Opcode : 'and' 'or' 'xor'> <InPorts = 2> <OutPorts = 1>
ST_5 : Operation 178 [1/1] (0.00ns)   --->   "%trunc_ln103 = trunc i32 %gmem0_addr_read_1" [cpp/semgraph_slam/hls/registration_kernel_draft.cpp:103]   --->   Operation 178 'trunc' 'trunc_ln103' <Predicate = (!icmp_ln70)> <Delay = 0.00>
ST_5 : Operation 179 [1/1] (0.00ns)   --->   "%xor_ln = bitconcatenate i32 @_ssdm_op_BitConcatenate.i32.i1.i31, i1 %xor_ln103, i31 %trunc_ln103" [cpp/semgraph_slam/hls/registration_kernel_draft.cpp:103]   --->   Operation 179 'bitconcatenate' 'xor_ln' <Predicate = (!icmp_ln70)> <Delay = 0.00>
ST_5 : Operation 180 [1/1] (0.00ns)   --->   "%bitcast_ln103 = bitcast i32 %xor_ln" [cpp/semgraph_slam/hls/registration_kernel_draft.cpp:103]   --->   Operation 180 'bitcast' 'bitcast_ln103' <Predicate = (!icmp_ln70)> <Delay = 0.00>
ST_5 : Operation 181 [2/2] (1.54ns)   --->   "%conv1 = fpext i32 %bitcast_ln103" [cpp/semgraph_slam/hls/registration_kernel_draft.cpp:103]   --->   Operation 181 'fpext' 'conv1' <Predicate = (!icmp_ln70)> <Delay = 1.54> <CoreInst = "Float2Double">   --->   Core 64 'Float2Double' <Latency = 1> <II = 1> <Delay = 1.54> <FuncUnit> <Opcode : 'fpext'> <InPorts = 1> <OutPorts = 1>
ST_5 : Operation 182 [1/2] (1.54ns)   --->   "%conv3 = fpext i32 %sx" [cpp/semgraph_slam/hls/registration_kernel_draft.cpp:104]   --->   Operation 182 'fpext' 'conv3' <Predicate = (!icmp_ln70)> <Delay = 1.54> <CoreInst = "Float2Double">   --->   Core 64 'Float2Double' <Latency = 1> <II = 1> <Delay = 1.54> <FuncUnit> <Opcode : 'fpext'> <InPorts = 1> <OutPorts = 1>
ST_5 : Operation 183 [1/2] (1.54ns)   --->   "%conv5 = fpext i32 %bitcast_ln105" [cpp/semgraph_slam/hls/registration_kernel_draft.cpp:105]   --->   Operation 183 'fpext' 'conv5' <Predicate = (!icmp_ln70)> <Delay = 1.54> <CoreInst = "Float2Double">   --->   Core 64 'Float2Double' <Latency = 1> <II = 1> <Delay = 1.54> <FuncUnit> <Opcode : 'fpext'> <InPorts = 1> <OutPorts = 1>

State 6 <SV = 5> <Delay = 2.75>
ST_6 : Operation 184 [1/1] (0.00ns)   --->   "%sz = bitcast i32 %gmem0_addr_read_2" [cpp/semgraph_slam/hls/registration_kernel_draft.cpp:80]   --->   Operation 184 'bitcast' 'sz' <Predicate = (!icmp_ln70)> <Delay = 0.00>
ST_6 : Operation 185 [1/1] (0.00ns)   --->   "%tz = bitcast i32 %gmem1_addr_read_2" [cpp/semgraph_slam/hls/registration_kernel_draft.cpp:84]   --->   Operation 185 'bitcast' 'tz' <Predicate = (!icmp_ln70)> <Delay = 0.00>
ST_6 : Operation 186 [5/7] (2.34ns)   --->   "%rx = fsub i32 %sx, i32 %tx" [cpp/semgraph_slam/hls/registration_kernel_draft.cpp:88]   --->   Operation 186 'fsub' 'rx' <Predicate = (!icmp_ln70)> <Delay = 2.34> <CoreInst = "FAddSub_fulldsp">   --->   Core 18 'FAddSub_fulldsp' <Latency = 6> <II = 1> <Delay = 2.34> <FuncUnit> <Opcode : 'fadd' 'fsub'> <InPorts = 2> <OutPorts = 1>
ST_6 : Operation 187 [6/7] (2.34ns)   --->   "%ry = fsub i32 %sy, i32 %ty" [cpp/semgraph_slam/hls/registration_kernel_draft.cpp:89]   --->   Operation 187 'fsub' 'ry' <Predicate = (!icmp_ln70)> <Delay = 2.34> <CoreInst = "FAddSub_fulldsp">   --->   Core 18 'FAddSub_fulldsp' <Latency = 6> <II = 1> <Delay = 2.34> <FuncUnit> <Opcode : 'fadd' 'fsub'> <InPorts = 2> <OutPorts = 1>
ST_6 : Operation 188 [7/7] (2.34ns)   --->   "%rz = fsub i32 %sz, i32 %tz" [cpp/semgraph_slam/hls/registration_kernel_draft.cpp:90]   --->   Operation 188 'fsub' 'rz' <Predicate = (!icmp_ln70)> <Delay = 2.34> <CoreInst = "FAddSub_fulldsp">   --->   Core 18 'FAddSub_fulldsp' <Latency = 6> <II = 1> <Delay = 2.34> <FuncUnit> <Opcode : 'fadd' 'fsub'> <InPorts = 2> <OutPorts = 1>
ST_6 : Operation 189 [2/2] (1.54ns)   --->   "%conv = fpext i32 %sz" [cpp/semgraph_slam/hls/registration_kernel_draft.cpp:103]   --->   Operation 189 'fpext' 'conv' <Predicate = (!icmp_ln70)> <Delay = 1.54> <CoreInst = "Float2Double">   --->   Core 64 'Float2Double' <Latency = 1> <II = 1> <Delay = 1.54> <FuncUnit> <Opcode : 'fpext'> <InPorts = 1> <OutPorts = 1>
ST_6 : Operation 190 [1/2] (1.54ns)   --->   "%conv1 = fpext i32 %bitcast_ln103" [cpp/semgraph_slam/hls/registration_kernel_draft.cpp:103]   --->   Operation 190 'fpext' 'conv1' <Predicate = (!icmp_ln70)> <Delay = 1.54> <CoreInst = "Float2Double">   --->   Core 64 'Float2Double' <Latency = 1> <II = 1> <Delay = 1.54> <FuncUnit> <Opcode : 'fpext'> <InPorts = 1> <OutPorts = 1>
ST_6 : Operation 191 [1/1] (0.00ns)   --->   "%bit_sel3 = bitselect i1 @_ssdm_op_BitSelect.i1.i32.i32, i32 %gmem0_addr_read_2, i32 31" [cpp/semgraph_slam/hls/registration_kernel_draft.cpp:104]   --->   Operation 191 'bitselect' 'bit_sel3' <Predicate = (!icmp_ln70)> <Delay = 0.00>
ST_6 : Operation 192 [1/1] (0.12ns)   --->   "%xor_ln104 = xor i1 %bit_sel3, i1 1" [cpp/semgraph_slam/hls/registration_kernel_draft.cpp:104]   --->   Operation 192 'xor' 'xor_ln104' <Predicate = (!icmp_ln70)> <Delay = 0.12> <CoreInst = "LogicGate">   --->   Core 74 'LogicGate' <Latency = 0> <II = 1> <Delay = 0.12> <FuncUnit> <Opcode : 'and' 'or' 'xor'> <InPorts = 2> <OutPorts = 1>
ST_6 : Operation 193 [1/1] (0.00ns)   --->   "%trunc_ln104 = trunc i32 %gmem0_addr_read_2" [cpp/semgraph_slam/hls/registration_kernel_draft.cpp:104]   --->   Operation 193 'trunc' 'trunc_ln104' <Predicate = (!icmp_ln70)> <Delay = 0.00>
ST_6 : Operation 194 [1/1] (0.00ns)   --->   "%xor_ln1 = bitconcatenate i32 @_ssdm_op_BitConcatenate.i32.i1.i31, i1 %xor_ln104, i31 %trunc_ln104" [cpp/semgraph_slam/hls/registration_kernel_draft.cpp:104]   --->   Operation 194 'bitconcatenate' 'xor_ln1' <Predicate = (!icmp_ln70)> <Delay = 0.00>
ST_6 : Operation 195 [1/1] (0.00ns)   --->   "%bitcast_ln104 = bitcast i32 %xor_ln1" [cpp/semgraph_slam/hls/registration_kernel_draft.cpp:104]   --->   Operation 195 'bitcast' 'bitcast_ln104' <Predicate = (!icmp_ln70)> <Delay = 0.00>
ST_6 : Operation 196 [2/2] (1.54ns)   --->   "%conv2 = fpext i32 %bitcast_ln104" [cpp/semgraph_slam/hls/registration_kernel_draft.cpp:104]   --->   Operation 196 'fpext' 'conv2' <Predicate = (!icmp_ln70)> <Delay = 1.54> <CoreInst = "Float2Double">   --->   Core 64 'Float2Double' <Latency = 1> <II = 1> <Delay = 1.54> <FuncUnit> <Opcode : 'fpext'> <InPorts = 1> <OutPorts = 1>
ST_6 : Operation 197 [6/6] (2.75ns)   --->   "%mul149_4128_2 = dmul i64 %conv5, i64 0" [cpp/semgraph_slam/hls/registration_kernel_draft.cpp:130]   --->   Operation 197 'dmul' 'mul149_4128_2' <Predicate = (!icmp_ln70)> <Delay = 2.75> <CoreInst = "DMul_maxdsp">   --->   Core 49 'DMul_maxdsp' <Latency = 5> <II = 1> <Delay = 2.75> <FuncUnit> <Opcode : 'dmul'> <InPorts = 2> <OutPorts = 1>
ST_6 : Operation 198 [6/6] (2.75ns)   --->   "%mul149_5139_1 = dmul i64 %conv3, i64 0" [cpp/semgraph_slam/hls/registration_kernel_draft.cpp:130]   --->   Operation 198 'dmul' 'mul149_5139_1' <Predicate = (!icmp_ln70)> <Delay = 2.75> <CoreInst = "DMul_maxdsp">   --->   Core 49 'DMul_maxdsp' <Latency = 5> <II = 1> <Delay = 2.75> <FuncUnit> <Opcode : 'dmul'> <InPorts = 2> <OutPorts = 1>
ST_6 : Operation 199 [6/6] (2.75ns)   --->   "%mul149_4_2 = dmul i64 %conv5, i64 %conv5" [cpp/semgraph_slam/hls/registration_kernel_draft.cpp:130]   --->   Operation 199 'dmul' 'mul149_4_2' <Predicate = (!icmp_ln70)> <Delay = 2.75> <CoreInst = "DMul_maxdsp">   --->   Core 49 'DMul_maxdsp' <Latency = 5> <II = 1> <Delay = 2.75> <FuncUnit> <Opcode : 'dmul'> <InPorts = 2> <OutPorts = 1>
ST_6 : Operation 200 [6/6] (2.75ns)   --->   "%mul149_5_1 = dmul i64 %conv3, i64 %conv3" [cpp/semgraph_slam/hls/registration_kernel_draft.cpp:130]   --->   Operation 200 'dmul' 'mul149_5_1' <Predicate = (!icmp_ln70)> <Delay = 2.75> <CoreInst = "DMul_maxdsp">   --->   Core 49 'DMul_maxdsp' <Latency = 5> <II = 1> <Delay = 2.75> <FuncUnit> <Opcode : 'dmul'> <InPorts = 2> <OutPorts = 1>

State 7 <SV = 6> <Delay = 2.89>
ST_7 : Operation 201 [4/7] (2.34ns)   --->   "%rx = fsub i32 %sx, i32 %tx" [cpp/semgraph_slam/hls/registration_kernel_draft.cpp:88]   --->   Operation 201 'fsub' 'rx' <Predicate = (!icmp_ln70)> <Delay = 2.34> <CoreInst = "FAddSub_fulldsp">   --->   Core 18 'FAddSub_fulldsp' <Latency = 6> <II = 1> <Delay = 2.34> <FuncUnit> <Opcode : 'fadd' 'fsub'> <InPorts = 2> <OutPorts = 1>
ST_7 : Operation 202 [5/7] (2.34ns)   --->   "%ry = fsub i32 %sy, i32 %ty" [cpp/semgraph_slam/hls/registration_kernel_draft.cpp:89]   --->   Operation 202 'fsub' 'ry' <Predicate = (!icmp_ln70)> <Delay = 2.34> <CoreInst = "FAddSub_fulldsp">   --->   Core 18 'FAddSub_fulldsp' <Latency = 6> <II = 1> <Delay = 2.34> <FuncUnit> <Opcode : 'fadd' 'fsub'> <InPorts = 2> <OutPorts = 1>
ST_7 : Operation 203 [6/7] (2.34ns)   --->   "%rz = fsub i32 %sz, i32 %tz" [cpp/semgraph_slam/hls/registration_kernel_draft.cpp:90]   --->   Operation 203 'fsub' 'rz' <Predicate = (!icmp_ln70)> <Delay = 2.34> <CoreInst = "FAddSub_fulldsp">   --->   Core 18 'FAddSub_fulldsp' <Latency = 6> <II = 1> <Delay = 2.34> <FuncUnit> <Opcode : 'fadd' 'fsub'> <InPorts = 2> <OutPorts = 1>
ST_7 : Operation 204 [1/2] (1.54ns)   --->   "%conv = fpext i32 %sz" [cpp/semgraph_slam/hls/registration_kernel_draft.cpp:103]   --->   Operation 204 'fpext' 'conv' <Predicate = (!icmp_ln70)> <Delay = 1.54> <CoreInst = "Float2Double">   --->   Core 64 'Float2Double' <Latency = 1> <II = 1> <Delay = 1.54> <FuncUnit> <Opcode : 'fpext'> <InPorts = 1> <OutPorts = 1>
ST_7 : Operation 205 [1/2] (1.54ns)   --->   "%conv2 = fpext i32 %bitcast_ln104" [cpp/semgraph_slam/hls/registration_kernel_draft.cpp:104]   --->   Operation 205 'fpext' 'conv2' <Predicate = (!icmp_ln70)> <Delay = 1.54> <CoreInst = "Float2Double">   --->   Core 64 'Float2Double' <Latency = 1> <II = 1> <Delay = 1.54> <FuncUnit> <Opcode : 'fpext'> <InPorts = 1> <OutPorts = 1>
ST_7 : Operation 206 [2/2] (1.54ns)   --->   "%conv4 = fpext i32 %sy" [cpp/semgraph_slam/hls/registration_kernel_draft.cpp:105]   --->   Operation 206 'fpext' 'conv4' <Predicate = (!icmp_ln70)> <Delay = 1.54> <CoreInst = "Float2Double">   --->   Core 64 'Float2Double' <Latency = 1> <II = 1> <Delay = 1.54> <FuncUnit> <Opcode : 'fpext'> <InPorts = 1> <OutPorts = 1>
ST_7 : Operation 207 [5/6] (2.75ns)   --->   "%mul149_4128_2 = dmul i64 %conv5, i64 0" [cpp/semgraph_slam/hls/registration_kernel_draft.cpp:130]   --->   Operation 207 'dmul' 'mul149_4128_2' <Predicate = (!icmp_ln70)> <Delay = 2.75> <CoreInst = "DMul_maxdsp">   --->   Core 49 'DMul_maxdsp' <Latency = 5> <II = 1> <Delay = 2.75> <FuncUnit> <Opcode : 'dmul'> <InPorts = 2> <OutPorts = 1>
ST_7 : Operation 208 [5/5] (2.89ns)   --->   "%jtj_acc_4 = dadd i64 %conv1, i64 0" [cpp/semgraph_slam/hls/registration_kernel_draft.cpp:130]   --->   Operation 208 'dadd' 'jtj_acc_4' <Predicate = (!icmp_ln70)> <Delay = 2.89> <CoreInst = "DAddSub_fulldsp">   --->   Core 37 'DAddSub_fulldsp' <Latency = 4> <II = 1> <Delay = 2.89> <FuncUnit> <Opcode : 'dadd' 'dsub'> <InPorts = 2> <OutPorts = 1>
ST_7 : Operation 209 [5/6] (2.75ns)   --->   "%mul149_5139_1 = dmul i64 %conv3, i64 0" [cpp/semgraph_slam/hls/registration_kernel_draft.cpp:130]   --->   Operation 209 'dmul' 'mul149_5139_1' <Predicate = (!icmp_ln70)> <Delay = 2.75> <CoreInst = "DMul_maxdsp">   --->   Core 49 'DMul_maxdsp' <Latency = 5> <II = 1> <Delay = 2.75> <FuncUnit> <Opcode : 'dmul'> <InPorts = 2> <OutPorts = 1>
ST_7 : Operation 210 [6/6] (2.75ns)   --->   "%mul149_1_4 = dmul i64 %conv1, i64 0" [cpp/semgraph_slam/hls/registration_kernel_draft.cpp:130]   --->   Operation 210 'dmul' 'mul149_1_4' <Predicate = (!icmp_ln70)> <Delay = 2.75> <CoreInst = "DMul_maxdsp">   --->   Core 49 'DMul_maxdsp' <Latency = 5> <II = 1> <Delay = 2.75> <FuncUnit> <Opcode : 'dmul'> <InPorts = 2> <OutPorts = 1>
ST_7 : Operation 211 [5/6] (2.75ns)   --->   "%mul149_4_2 = dmul i64 %conv5, i64 %conv5" [cpp/semgraph_slam/hls/registration_kernel_draft.cpp:130]   --->   Operation 211 'dmul' 'mul149_4_2' <Predicate = (!icmp_ln70)> <Delay = 2.75> <CoreInst = "DMul_maxdsp">   --->   Core 49 'DMul_maxdsp' <Latency = 5> <II = 1> <Delay = 2.75> <FuncUnit> <Opcode : 'dmul'> <InPorts = 2> <OutPorts = 1>
ST_7 : Operation 212 [6/6] (2.75ns)   --->   "%mul149_5 = dmul i64 %conv1, i64 %conv1" [cpp/semgraph_slam/hls/registration_kernel_draft.cpp:130]   --->   Operation 212 'dmul' 'mul149_5' <Predicate = (!icmp_ln70)> <Delay = 2.75> <CoreInst = "DMul_maxdsp">   --->   Core 49 'DMul_maxdsp' <Latency = 5> <II = 1> <Delay = 2.75> <FuncUnit> <Opcode : 'dmul'> <InPorts = 2> <OutPorts = 1>
ST_7 : Operation 213 [5/6] (2.75ns)   --->   "%mul149_5_1 = dmul i64 %conv3, i64 %conv3" [cpp/semgraph_slam/hls/registration_kernel_draft.cpp:130]   --->   Operation 213 'dmul' 'mul149_5_1' <Predicate = (!icmp_ln70)> <Delay = 2.75> <CoreInst = "DMul_maxdsp">   --->   Core 49 'DMul_maxdsp' <Latency = 5> <II = 1> <Delay = 2.75> <FuncUnit> <Opcode : 'dmul'> <InPorts = 2> <OutPorts = 1>

State 8 <SV = 7> <Delay = 2.89>
ST_8 : Operation 214 [3/7] (2.34ns)   --->   "%rx = fsub i32 %sx, i32 %tx" [cpp/semgraph_slam/hls/registration_kernel_draft.cpp:88]   --->   Operation 214 'fsub' 'rx' <Predicate = (!icmp_ln70)> <Delay = 2.34> <CoreInst = "FAddSub_fulldsp">   --->   Core 18 'FAddSub_fulldsp' <Latency = 6> <II = 1> <Delay = 2.34> <FuncUnit> <Opcode : 'fadd' 'fsub'> <InPorts = 2> <OutPorts = 1>
ST_8 : Operation 215 [4/7] (2.34ns)   --->   "%ry = fsub i32 %sy, i32 %ty" [cpp/semgraph_slam/hls/registration_kernel_draft.cpp:89]   --->   Operation 215 'fsub' 'ry' <Predicate = (!icmp_ln70)> <Delay = 2.34> <CoreInst = "FAddSub_fulldsp">   --->   Core 18 'FAddSub_fulldsp' <Latency = 6> <II = 1> <Delay = 2.34> <FuncUnit> <Opcode : 'fadd' 'fsub'> <InPorts = 2> <OutPorts = 1>
ST_8 : Operation 216 [5/7] (2.34ns)   --->   "%rz = fsub i32 %sz, i32 %tz" [cpp/semgraph_slam/hls/registration_kernel_draft.cpp:90]   --->   Operation 216 'fsub' 'rz' <Predicate = (!icmp_ln70)> <Delay = 2.34> <CoreInst = "FAddSub_fulldsp">   --->   Core 18 'FAddSub_fulldsp' <Latency = 6> <II = 1> <Delay = 2.34> <FuncUnit> <Opcode : 'fadd' 'fsub'> <InPorts = 2> <OutPorts = 1>
ST_8 : Operation 217 [1/2] (1.54ns)   --->   "%conv4 = fpext i32 %sy" [cpp/semgraph_slam/hls/registration_kernel_draft.cpp:105]   --->   Operation 217 'fpext' 'conv4' <Predicate = true> <Delay = 1.54> <CoreInst = "Float2Double">   --->   Core 64 'Float2Double' <Latency = 1> <II = 1> <Delay = 1.54> <FuncUnit> <Opcode : 'fpext'> <InPorts = 1> <OutPorts = 1>
ST_8 : Operation 218 [6/6] (2.75ns)   --->   "%mul149_3117_1 = dmul i64 %conv2, i64 0" [cpp/semgraph_slam/hls/registration_kernel_draft.cpp:130]   --->   Operation 218 'dmul' 'mul149_3117_1' <Predicate = true> <Delay = 2.75> <CoreInst = "DMul_maxdsp">   --->   Core 49 'DMul_maxdsp' <Latency = 5> <II = 1> <Delay = 2.75> <FuncUnit> <Opcode : 'dmul'> <InPorts = 2> <OutPorts = 1>
ST_8 : Operation 219 [5/5] (2.89ns)   --->   "%jtj_acc_2 = dadd i64 %conv, i64 0" [cpp/semgraph_slam/hls/registration_kernel_draft.cpp:130]   --->   Operation 219 'dadd' 'jtj_acc_2' <Predicate = true> <Delay = 2.89> <CoreInst = "DAddSub_fulldsp">   --->   Core 37 'DAddSub_fulldsp' <Latency = 4> <II = 1> <Delay = 2.89> <FuncUnit> <Opcode : 'dadd' 'dsub'> <InPorts = 2> <OutPorts = 1>
ST_8 : Operation 220 [4/6] (2.75ns)   --->   "%mul149_4128_2 = dmul i64 %conv5, i64 0" [cpp/semgraph_slam/hls/registration_kernel_draft.cpp:130]   --->   Operation 220 'dmul' 'mul149_4128_2' <Predicate = true> <Delay = 2.75> <CoreInst = "DMul_maxdsp">   --->   Core 49 'DMul_maxdsp' <Latency = 5> <II = 1> <Delay = 2.75> <FuncUnit> <Opcode : 'dmul'> <InPorts = 2> <OutPorts = 1>
ST_8 : Operation 221 [4/5] (2.89ns)   --->   "%jtj_acc_4 = dadd i64 %conv1, i64 0" [cpp/semgraph_slam/hls/registration_kernel_draft.cpp:130]   --->   Operation 221 'dadd' 'jtj_acc_4' <Predicate = true> <Delay = 2.89> <CoreInst = "DAddSub_fulldsp">   --->   Core 37 'DAddSub_fulldsp' <Latency = 4> <II = 1> <Delay = 2.89> <FuncUnit> <Opcode : 'dadd' 'dsub'> <InPorts = 2> <OutPorts = 1>
ST_8 : Operation 222 [4/6] (2.75ns)   --->   "%mul149_5139_1 = dmul i64 %conv3, i64 0" [cpp/semgraph_slam/hls/registration_kernel_draft.cpp:130]   --->   Operation 222 'dmul' 'mul149_5139_1' <Predicate = true> <Delay = 2.75> <CoreInst = "DMul_maxdsp">   --->   Core 49 'DMul_maxdsp' <Latency = 5> <II = 1> <Delay = 2.75> <FuncUnit> <Opcode : 'dmul'> <InPorts = 2> <OutPorts = 1>
ST_8 : Operation 223 [5/5] (2.89ns)   --->   "%jtj_acc_7 = dadd i64 %conv2, i64 0" [cpp/semgraph_slam/hls/registration_kernel_draft.cpp:130]   --->   Operation 223 'dadd' 'jtj_acc_7' <Predicate = true> <Delay = 2.89> <CoreInst = "DAddSub_fulldsp">   --->   Core 37 'DAddSub_fulldsp' <Latency = 4> <II = 1> <Delay = 2.89> <FuncUnit> <Opcode : 'dadd' 'dsub'> <InPorts = 2> <OutPorts = 1>
ST_8 : Operation 224 [6/6] (2.75ns)   --->   "%mul149_1_3 = dmul i64 %conv, i64 0" [cpp/semgraph_slam/hls/registration_kernel_draft.cpp:130]   --->   Operation 224 'dmul' 'mul149_1_3' <Predicate = true> <Delay = 2.75> <CoreInst = "DMul_maxdsp">   --->   Core 49 'DMul_maxdsp' <Latency = 5> <II = 1> <Delay = 2.75> <FuncUnit> <Opcode : 'dmul'> <InPorts = 2> <OutPorts = 1>
ST_8 : Operation 225 [5/6] (2.75ns)   --->   "%mul149_1_4 = dmul i64 %conv1, i64 0" [cpp/semgraph_slam/hls/registration_kernel_draft.cpp:130]   --->   Operation 225 'dmul' 'mul149_1_4' <Predicate = true> <Delay = 2.75> <CoreInst = "DMul_maxdsp">   --->   Core 49 'DMul_maxdsp' <Latency = 5> <II = 1> <Delay = 2.75> <FuncUnit> <Opcode : 'dmul'> <InPorts = 2> <OutPorts = 1>
ST_8 : Operation 226 [6/6] (2.75ns)   --->   "%mul149_3_s = dmul i64 %conv2, i64 %conv2" [cpp/semgraph_slam/hls/registration_kernel_draft.cpp:130]   --->   Operation 226 'dmul' 'mul149_3_s' <Predicate = true> <Delay = 2.75> <CoreInst = "DMul_maxdsp">   --->   Core 49 'DMul_maxdsp' <Latency = 5> <II = 1> <Delay = 2.75> <FuncUnit> <Opcode : 'dmul'> <InPorts = 2> <OutPorts = 1>
ST_8 : Operation 227 [6/6] (2.75ns)   --->   "%mul149_3_2_1 = dmul i64 %conv2, i64 %conv3" [cpp/semgraph_slam/hls/registration_kernel_draft.cpp:130]   --->   Operation 227 'dmul' 'mul149_3_2_1' <Predicate = true> <Delay = 2.75> <CoreInst = "DMul_maxdsp">   --->   Core 49 'DMul_maxdsp' <Latency = 5> <II = 1> <Delay = 2.75> <FuncUnit> <Opcode : 'dmul'> <InPorts = 2> <OutPorts = 1>
ST_8 : Operation 228 [6/6] (2.75ns)   --->   "%mul149_4 = dmul i64 %conv, i64 %conv" [cpp/semgraph_slam/hls/registration_kernel_draft.cpp:130]   --->   Operation 228 'dmul' 'mul149_4' <Predicate = true> <Delay = 2.75> <CoreInst = "DMul_maxdsp">   --->   Core 49 'DMul_maxdsp' <Latency = 5> <II = 1> <Delay = 2.75> <FuncUnit> <Opcode : 'dmul'> <InPorts = 2> <OutPorts = 1>
ST_8 : Operation 229 [4/6] (2.75ns)   --->   "%mul149_4_2 = dmul i64 %conv5, i64 %conv5" [cpp/semgraph_slam/hls/registration_kernel_draft.cpp:130]   --->   Operation 229 'dmul' 'mul149_4_2' <Predicate = true> <Delay = 2.75> <CoreInst = "DMul_maxdsp">   --->   Core 49 'DMul_maxdsp' <Latency = 5> <II = 1> <Delay = 2.75> <FuncUnit> <Opcode : 'dmul'> <InPorts = 2> <OutPorts = 1>
ST_8 : Operation 230 [6/6] (2.75ns)   --->   "%mul149_4_1 = dmul i64 %conv, i64 %conv1" [cpp/semgraph_slam/hls/registration_kernel_draft.cpp:130]   --->   Operation 230 'dmul' 'mul149_4_1' <Predicate = true> <Delay = 2.75> <CoreInst = "DMul_maxdsp">   --->   Core 49 'DMul_maxdsp' <Latency = 5> <II = 1> <Delay = 2.75> <FuncUnit> <Opcode : 'dmul'> <InPorts = 2> <OutPorts = 1>
ST_8 : Operation 231 [5/6] (2.75ns)   --->   "%mul149_5 = dmul i64 %conv1, i64 %conv1" [cpp/semgraph_slam/hls/registration_kernel_draft.cpp:130]   --->   Operation 231 'dmul' 'mul149_5' <Predicate = true> <Delay = 2.75> <CoreInst = "DMul_maxdsp">   --->   Core 49 'DMul_maxdsp' <Latency = 5> <II = 1> <Delay = 2.75> <FuncUnit> <Opcode : 'dmul'> <InPorts = 2> <OutPorts = 1>
ST_8 : Operation 232 [4/6] (2.75ns)   --->   "%mul149_5_1 = dmul i64 %conv3, i64 %conv3" [cpp/semgraph_slam/hls/registration_kernel_draft.cpp:130]   --->   Operation 232 'dmul' 'mul149_5_1' <Predicate = true> <Delay = 2.75> <CoreInst = "DMul_maxdsp">   --->   Core 49 'DMul_maxdsp' <Latency = 5> <II = 1> <Delay = 2.75> <FuncUnit> <Opcode : 'dmul'> <InPorts = 2> <OutPorts = 1>

State 9 <SV = 8> <Delay = 2.89>
ST_9 : Operation 233 [2/7] (2.34ns)   --->   "%rx = fsub i32 %sx, i32 %tx" [cpp/semgraph_slam/hls/registration_kernel_draft.cpp:88]   --->   Operation 233 'fsub' 'rx' <Predicate = (!icmp_ln70)> <Delay = 2.34> <CoreInst = "FAddSub_fulldsp">   --->   Core 18 'FAddSub_fulldsp' <Latency = 6> <II = 1> <Delay = 2.34> <FuncUnit> <Opcode : 'fadd' 'fsub'> <InPorts = 2> <OutPorts = 1>
ST_9 : Operation 234 [3/7] (2.34ns)   --->   "%ry = fsub i32 %sy, i32 %ty" [cpp/semgraph_slam/hls/registration_kernel_draft.cpp:89]   --->   Operation 234 'fsub' 'ry' <Predicate = (!icmp_ln70)> <Delay = 2.34> <CoreInst = "FAddSub_fulldsp">   --->   Core 18 'FAddSub_fulldsp' <Latency = 6> <II = 1> <Delay = 2.34> <FuncUnit> <Opcode : 'fadd' 'fsub'> <InPorts = 2> <OutPorts = 1>
ST_9 : Operation 235 [4/7] (2.34ns)   --->   "%rz = fsub i32 %sz, i32 %tz" [cpp/semgraph_slam/hls/registration_kernel_draft.cpp:90]   --->   Operation 235 'fsub' 'rz' <Predicate = (!icmp_ln70)> <Delay = 2.34> <CoreInst = "FAddSub_fulldsp">   --->   Core 18 'FAddSub_fulldsp' <Latency = 6> <II = 1> <Delay = 2.34> <FuncUnit> <Opcode : 'fadd' 'fsub'> <InPorts = 2> <OutPorts = 1>
ST_9 : Operation 236 [5/6] (2.75ns)   --->   "%mul149_3117_1 = dmul i64 %conv2, i64 0" [cpp/semgraph_slam/hls/registration_kernel_draft.cpp:130]   --->   Operation 236 'dmul' 'mul149_3117_1' <Predicate = true> <Delay = 2.75> <CoreInst = "DMul_maxdsp">   --->   Core 49 'DMul_maxdsp' <Latency = 5> <II = 1> <Delay = 2.75> <FuncUnit> <Opcode : 'dmul'> <InPorts = 2> <OutPorts = 1>
ST_9 : Operation 237 [6/6] (2.75ns)   --->   "%mul149_3117_2 = dmul i64 %conv4, i64 0" [cpp/semgraph_slam/hls/registration_kernel_draft.cpp:130]   --->   Operation 237 'dmul' 'mul149_3117_2' <Predicate = true> <Delay = 2.75> <CoreInst = "DMul_maxdsp">   --->   Core 49 'DMul_maxdsp' <Latency = 5> <II = 1> <Delay = 2.75> <FuncUnit> <Opcode : 'dmul'> <InPorts = 2> <OutPorts = 1>
ST_9 : Operation 238 [4/5] (2.89ns)   --->   "%jtj_acc_2 = dadd i64 %conv, i64 0" [cpp/semgraph_slam/hls/registration_kernel_draft.cpp:130]   --->   Operation 238 'dadd' 'jtj_acc_2' <Predicate = true> <Delay = 2.89> <CoreInst = "DAddSub_fulldsp">   --->   Core 37 'DAddSub_fulldsp' <Latency = 4> <II = 1> <Delay = 2.89> <FuncUnit> <Opcode : 'dadd' 'dsub'> <InPorts = 2> <OutPorts = 1>
ST_9 : Operation 239 [3/6] (2.75ns)   --->   "%mul149_4128_2 = dmul i64 %conv5, i64 0" [cpp/semgraph_slam/hls/registration_kernel_draft.cpp:130]   --->   Operation 239 'dmul' 'mul149_4128_2' <Predicate = true> <Delay = 2.75> <CoreInst = "DMul_maxdsp">   --->   Core 49 'DMul_maxdsp' <Latency = 5> <II = 1> <Delay = 2.75> <FuncUnit> <Opcode : 'dmul'> <InPorts = 2> <OutPorts = 1>
ST_9 : Operation 240 [3/5] (2.89ns)   --->   "%jtj_acc_4 = dadd i64 %conv1, i64 0" [cpp/semgraph_slam/hls/registration_kernel_draft.cpp:130]   --->   Operation 240 'dadd' 'jtj_acc_4' <Predicate = true> <Delay = 2.89> <CoreInst = "DAddSub_fulldsp">   --->   Core 37 'DAddSub_fulldsp' <Latency = 4> <II = 1> <Delay = 2.89> <FuncUnit> <Opcode : 'dadd' 'dsub'> <InPorts = 2> <OutPorts = 1>
ST_9 : Operation 241 [3/6] (2.75ns)   --->   "%mul149_5139_1 = dmul i64 %conv3, i64 0" [cpp/semgraph_slam/hls/registration_kernel_draft.cpp:130]   --->   Operation 241 'dmul' 'mul149_5139_1' <Predicate = true> <Delay = 2.75> <CoreInst = "DMul_maxdsp">   --->   Core 49 'DMul_maxdsp' <Latency = 5> <II = 1> <Delay = 2.75> <FuncUnit> <Opcode : 'dmul'> <InPorts = 2> <OutPorts = 1>
ST_9 : Operation 242 [4/5] (2.89ns)   --->   "%jtj_acc_7 = dadd i64 %conv2, i64 0" [cpp/semgraph_slam/hls/registration_kernel_draft.cpp:130]   --->   Operation 242 'dadd' 'jtj_acc_7' <Predicate = true> <Delay = 2.89> <CoreInst = "DAddSub_fulldsp">   --->   Core 37 'DAddSub_fulldsp' <Latency = 4> <II = 1> <Delay = 2.89> <FuncUnit> <Opcode : 'dadd' 'dsub'> <InPorts = 2> <OutPorts = 1>
ST_9 : Operation 243 [5/6] (2.75ns)   --->   "%mul149_1_3 = dmul i64 %conv, i64 0" [cpp/semgraph_slam/hls/registration_kernel_draft.cpp:130]   --->   Operation 243 'dmul' 'mul149_1_3' <Predicate = true> <Delay = 2.75> <CoreInst = "DMul_maxdsp">   --->   Core 49 'DMul_maxdsp' <Latency = 5> <II = 1> <Delay = 2.75> <FuncUnit> <Opcode : 'dmul'> <InPorts = 2> <OutPorts = 1>
ST_9 : Operation 244 [4/6] (2.75ns)   --->   "%mul149_1_4 = dmul i64 %conv1, i64 0" [cpp/semgraph_slam/hls/registration_kernel_draft.cpp:130]   --->   Operation 244 'dmul' 'mul149_1_4' <Predicate = true> <Delay = 2.75> <CoreInst = "DMul_maxdsp">   --->   Core 49 'DMul_maxdsp' <Latency = 5> <II = 1> <Delay = 2.75> <FuncUnit> <Opcode : 'dmul'> <InPorts = 2> <OutPorts = 1>
ST_9 : Operation 245 [5/6] (2.75ns)   --->   "%mul149_3_s = dmul i64 %conv2, i64 %conv2" [cpp/semgraph_slam/hls/registration_kernel_draft.cpp:130]   --->   Operation 245 'dmul' 'mul149_3_s' <Predicate = true> <Delay = 2.75> <CoreInst = "DMul_maxdsp">   --->   Core 49 'DMul_maxdsp' <Latency = 5> <II = 1> <Delay = 2.75> <FuncUnit> <Opcode : 'dmul'> <InPorts = 2> <OutPorts = 1>
ST_9 : Operation 246 [6/6] (2.75ns)   --->   "%mul149_3_1 = dmul i64 %conv4, i64 %conv4" [cpp/semgraph_slam/hls/registration_kernel_draft.cpp:130]   --->   Operation 246 'dmul' 'mul149_3_1' <Predicate = true> <Delay = 2.75> <CoreInst = "DMul_maxdsp">   --->   Core 49 'DMul_maxdsp' <Latency = 5> <II = 1> <Delay = 2.75> <FuncUnit> <Opcode : 'dmul'> <InPorts = 2> <OutPorts = 1>
ST_9 : Operation 247 [6/6] (2.75ns)   --->   "%mul149_3_1_2 = dmul i64 %conv4, i64 %conv5" [cpp/semgraph_slam/hls/registration_kernel_draft.cpp:130]   --->   Operation 247 'dmul' 'mul149_3_1_2' <Predicate = true> <Delay = 2.75> <CoreInst = "DMul_maxdsp">   --->   Core 49 'DMul_maxdsp' <Latency = 5> <II = 1> <Delay = 2.75> <FuncUnit> <Opcode : 'dmul'> <InPorts = 2> <OutPorts = 1>
ST_9 : Operation 248 [5/6] (2.75ns)   --->   "%mul149_3_2_1 = dmul i64 %conv2, i64 %conv3" [cpp/semgraph_slam/hls/registration_kernel_draft.cpp:130]   --->   Operation 248 'dmul' 'mul149_3_2_1' <Predicate = true> <Delay = 2.75> <CoreInst = "DMul_maxdsp">   --->   Core 49 'DMul_maxdsp' <Latency = 5> <II = 1> <Delay = 2.75> <FuncUnit> <Opcode : 'dmul'> <InPorts = 2> <OutPorts = 1>
ST_9 : Operation 249 [5/6] (2.75ns)   --->   "%mul149_4 = dmul i64 %conv, i64 %conv" [cpp/semgraph_slam/hls/registration_kernel_draft.cpp:130]   --->   Operation 249 'dmul' 'mul149_4' <Predicate = true> <Delay = 2.75> <CoreInst = "DMul_maxdsp">   --->   Core 49 'DMul_maxdsp' <Latency = 5> <II = 1> <Delay = 2.75> <FuncUnit> <Opcode : 'dmul'> <InPorts = 2> <OutPorts = 1>
ST_9 : Operation 250 [3/6] (2.75ns)   --->   "%mul149_4_2 = dmul i64 %conv5, i64 %conv5" [cpp/semgraph_slam/hls/registration_kernel_draft.cpp:130]   --->   Operation 250 'dmul' 'mul149_4_2' <Predicate = true> <Delay = 2.75> <CoreInst = "DMul_maxdsp">   --->   Core 49 'DMul_maxdsp' <Latency = 5> <II = 1> <Delay = 2.75> <FuncUnit> <Opcode : 'dmul'> <InPorts = 2> <OutPorts = 1>
ST_9 : Operation 251 [5/6] (2.75ns)   --->   "%mul149_4_1 = dmul i64 %conv, i64 %conv1" [cpp/semgraph_slam/hls/registration_kernel_draft.cpp:130]   --->   Operation 251 'dmul' 'mul149_4_1' <Predicate = true> <Delay = 2.75> <CoreInst = "DMul_maxdsp">   --->   Core 49 'DMul_maxdsp' <Latency = 5> <II = 1> <Delay = 2.75> <FuncUnit> <Opcode : 'dmul'> <InPorts = 2> <OutPorts = 1>
ST_9 : Operation 252 [4/6] (2.75ns)   --->   "%mul149_5 = dmul i64 %conv1, i64 %conv1" [cpp/semgraph_slam/hls/registration_kernel_draft.cpp:130]   --->   Operation 252 'dmul' 'mul149_5' <Predicate = true> <Delay = 2.75> <CoreInst = "DMul_maxdsp">   --->   Core 49 'DMul_maxdsp' <Latency = 5> <II = 1> <Delay = 2.75> <FuncUnit> <Opcode : 'dmul'> <InPorts = 2> <OutPorts = 1>
ST_9 : Operation 253 [3/6] (2.75ns)   --->   "%mul149_5_1 = dmul i64 %conv3, i64 %conv3" [cpp/semgraph_slam/hls/registration_kernel_draft.cpp:130]   --->   Operation 253 'dmul' 'mul149_5_1' <Predicate = true> <Delay = 2.75> <CoreInst = "DMul_maxdsp">   --->   Core 49 'DMul_maxdsp' <Latency = 5> <II = 1> <Delay = 2.75> <FuncUnit> <Opcode : 'dmul'> <InPorts = 2> <OutPorts = 1>

State 10 <SV = 9> <Delay = 2.89>
ST_10 : Operation 254 [1/7] (2.34ns)   --->   "%rx = fsub i32 %sx, i32 %tx" [cpp/semgraph_slam/hls/registration_kernel_draft.cpp:88]   --->   Operation 254 'fsub' 'rx' <Predicate = (!icmp_ln70)> <Delay = 2.34> <CoreInst = "FAddSub_fulldsp">   --->   Core 18 'FAddSub_fulldsp' <Latency = 6> <II = 1> <Delay = 2.34> <FuncUnit> <Opcode : 'fadd' 'fsub'> <InPorts = 2> <OutPorts = 1>
ST_10 : Operation 255 [2/7] (2.34ns)   --->   "%ry = fsub i32 %sy, i32 %ty" [cpp/semgraph_slam/hls/registration_kernel_draft.cpp:89]   --->   Operation 255 'fsub' 'ry' <Predicate = (!icmp_ln70)> <Delay = 2.34> <CoreInst = "FAddSub_fulldsp">   --->   Core 18 'FAddSub_fulldsp' <Latency = 6> <II = 1> <Delay = 2.34> <FuncUnit> <Opcode : 'fadd' 'fsub'> <InPorts = 2> <OutPorts = 1>
ST_10 : Operation 256 [3/7] (2.34ns)   --->   "%rz = fsub i32 %sz, i32 %tz" [cpp/semgraph_slam/hls/registration_kernel_draft.cpp:90]   --->   Operation 256 'fsub' 'rz' <Predicate = (!icmp_ln70)> <Delay = 2.34> <CoreInst = "FAddSub_fulldsp">   --->   Core 18 'FAddSub_fulldsp' <Latency = 6> <II = 1> <Delay = 2.34> <FuncUnit> <Opcode : 'fadd' 'fsub'> <InPorts = 2> <OutPorts = 1>
ST_10 : Operation 257 [4/6] (2.75ns)   --->   "%mul149_3117_1 = dmul i64 %conv2, i64 0" [cpp/semgraph_slam/hls/registration_kernel_draft.cpp:130]   --->   Operation 257 'dmul' 'mul149_3117_1' <Predicate = true> <Delay = 2.75> <CoreInst = "DMul_maxdsp">   --->   Core 49 'DMul_maxdsp' <Latency = 5> <II = 1> <Delay = 2.75> <FuncUnit> <Opcode : 'dmul'> <InPorts = 2> <OutPorts = 1>
ST_10 : Operation 258 [5/6] (2.75ns)   --->   "%mul149_3117_2 = dmul i64 %conv4, i64 0" [cpp/semgraph_slam/hls/registration_kernel_draft.cpp:130]   --->   Operation 258 'dmul' 'mul149_3117_2' <Predicate = true> <Delay = 2.75> <CoreInst = "DMul_maxdsp">   --->   Core 49 'DMul_maxdsp' <Latency = 5> <II = 1> <Delay = 2.75> <FuncUnit> <Opcode : 'dmul'> <InPorts = 2> <OutPorts = 1>
ST_10 : Operation 259 [3/5] (2.89ns)   --->   "%jtj_acc_2 = dadd i64 %conv, i64 0" [cpp/semgraph_slam/hls/registration_kernel_draft.cpp:130]   --->   Operation 259 'dadd' 'jtj_acc_2' <Predicate = true> <Delay = 2.89> <CoreInst = "DAddSub_fulldsp">   --->   Core 37 'DAddSub_fulldsp' <Latency = 4> <II = 1> <Delay = 2.89> <FuncUnit> <Opcode : 'dadd' 'dsub'> <InPorts = 2> <OutPorts = 1>
ST_10 : Operation 260 [2/6] (2.75ns)   --->   "%mul149_4128_2 = dmul i64 %conv5, i64 0" [cpp/semgraph_slam/hls/registration_kernel_draft.cpp:130]   --->   Operation 260 'dmul' 'mul149_4128_2' <Predicate = true> <Delay = 2.75> <CoreInst = "DMul_maxdsp">   --->   Core 49 'DMul_maxdsp' <Latency = 5> <II = 1> <Delay = 2.75> <FuncUnit> <Opcode : 'dmul'> <InPorts = 2> <OutPorts = 1>
ST_10 : Operation 261 [2/5] (2.89ns)   --->   "%jtj_acc_4 = dadd i64 %conv1, i64 0" [cpp/semgraph_slam/hls/registration_kernel_draft.cpp:130]   --->   Operation 261 'dadd' 'jtj_acc_4' <Predicate = true> <Delay = 2.89> <CoreInst = "DAddSub_fulldsp">   --->   Core 37 'DAddSub_fulldsp' <Latency = 4> <II = 1> <Delay = 2.89> <FuncUnit> <Opcode : 'dadd' 'dsub'> <InPorts = 2> <OutPorts = 1>
ST_10 : Operation 262 [2/6] (2.75ns)   --->   "%mul149_5139_1 = dmul i64 %conv3, i64 0" [cpp/semgraph_slam/hls/registration_kernel_draft.cpp:130]   --->   Operation 262 'dmul' 'mul149_5139_1' <Predicate = true> <Delay = 2.75> <CoreInst = "DMul_maxdsp">   --->   Core 49 'DMul_maxdsp' <Latency = 5> <II = 1> <Delay = 2.75> <FuncUnit> <Opcode : 'dmul'> <InPorts = 2> <OutPorts = 1>
ST_10 : Operation 263 [3/5] (2.89ns)   --->   "%jtj_acc_7 = dadd i64 %conv2, i64 0" [cpp/semgraph_slam/hls/registration_kernel_draft.cpp:130]   --->   Operation 263 'dadd' 'jtj_acc_7' <Predicate = true> <Delay = 2.89> <CoreInst = "DAddSub_fulldsp">   --->   Core 37 'DAddSub_fulldsp' <Latency = 4> <II = 1> <Delay = 2.89> <FuncUnit> <Opcode : 'dadd' 'dsub'> <InPorts = 2> <OutPorts = 1>
ST_10 : Operation 264 [4/6] (2.75ns)   --->   "%mul149_1_3 = dmul i64 %conv, i64 0" [cpp/semgraph_slam/hls/registration_kernel_draft.cpp:130]   --->   Operation 264 'dmul' 'mul149_1_3' <Predicate = true> <Delay = 2.75> <CoreInst = "DMul_maxdsp">   --->   Core 49 'DMul_maxdsp' <Latency = 5> <II = 1> <Delay = 2.75> <FuncUnit> <Opcode : 'dmul'> <InPorts = 2> <OutPorts = 1>
ST_10 : Operation 265 [3/6] (2.75ns)   --->   "%mul149_1_4 = dmul i64 %conv1, i64 0" [cpp/semgraph_slam/hls/registration_kernel_draft.cpp:130]   --->   Operation 265 'dmul' 'mul149_1_4' <Predicate = true> <Delay = 2.75> <CoreInst = "DMul_maxdsp">   --->   Core 49 'DMul_maxdsp' <Latency = 5> <II = 1> <Delay = 2.75> <FuncUnit> <Opcode : 'dmul'> <InPorts = 2> <OutPorts = 1>
ST_10 : Operation 266 [4/6] (2.75ns)   --->   "%mul149_3_s = dmul i64 %conv2, i64 %conv2" [cpp/semgraph_slam/hls/registration_kernel_draft.cpp:130]   --->   Operation 266 'dmul' 'mul149_3_s' <Predicate = true> <Delay = 2.75> <CoreInst = "DMul_maxdsp">   --->   Core 49 'DMul_maxdsp' <Latency = 5> <II = 1> <Delay = 2.75> <FuncUnit> <Opcode : 'dmul'> <InPorts = 2> <OutPorts = 1>
ST_10 : Operation 267 [5/6] (2.75ns)   --->   "%mul149_3_1 = dmul i64 %conv4, i64 %conv4" [cpp/semgraph_slam/hls/registration_kernel_draft.cpp:130]   --->   Operation 267 'dmul' 'mul149_3_1' <Predicate = true> <Delay = 2.75> <CoreInst = "DMul_maxdsp">   --->   Core 49 'DMul_maxdsp' <Latency = 5> <II = 1> <Delay = 2.75> <FuncUnit> <Opcode : 'dmul'> <InPorts = 2> <OutPorts = 1>
ST_10 : Operation 268 [5/6] (2.75ns)   --->   "%mul149_3_1_2 = dmul i64 %conv4, i64 %conv5" [cpp/semgraph_slam/hls/registration_kernel_draft.cpp:130]   --->   Operation 268 'dmul' 'mul149_3_1_2' <Predicate = true> <Delay = 2.75> <CoreInst = "DMul_maxdsp">   --->   Core 49 'DMul_maxdsp' <Latency = 5> <II = 1> <Delay = 2.75> <FuncUnit> <Opcode : 'dmul'> <InPorts = 2> <OutPorts = 1>
ST_10 : Operation 269 [4/6] (2.75ns)   --->   "%mul149_3_2_1 = dmul i64 %conv2, i64 %conv3" [cpp/semgraph_slam/hls/registration_kernel_draft.cpp:130]   --->   Operation 269 'dmul' 'mul149_3_2_1' <Predicate = true> <Delay = 2.75> <CoreInst = "DMul_maxdsp">   --->   Core 49 'DMul_maxdsp' <Latency = 5> <II = 1> <Delay = 2.75> <FuncUnit> <Opcode : 'dmul'> <InPorts = 2> <OutPorts = 1>
ST_10 : Operation 270 [4/6] (2.75ns)   --->   "%mul149_4 = dmul i64 %conv, i64 %conv" [cpp/semgraph_slam/hls/registration_kernel_draft.cpp:130]   --->   Operation 270 'dmul' 'mul149_4' <Predicate = true> <Delay = 2.75> <CoreInst = "DMul_maxdsp">   --->   Core 49 'DMul_maxdsp' <Latency = 5> <II = 1> <Delay = 2.75> <FuncUnit> <Opcode : 'dmul'> <InPorts = 2> <OutPorts = 1>
ST_10 : Operation 271 [2/6] (2.75ns)   --->   "%mul149_4_2 = dmul i64 %conv5, i64 %conv5" [cpp/semgraph_slam/hls/registration_kernel_draft.cpp:130]   --->   Operation 271 'dmul' 'mul149_4_2' <Predicate = true> <Delay = 2.75> <CoreInst = "DMul_maxdsp">   --->   Core 49 'DMul_maxdsp' <Latency = 5> <II = 1> <Delay = 2.75> <FuncUnit> <Opcode : 'dmul'> <InPorts = 2> <OutPorts = 1>
ST_10 : Operation 272 [4/6] (2.75ns)   --->   "%mul149_4_1 = dmul i64 %conv, i64 %conv1" [cpp/semgraph_slam/hls/registration_kernel_draft.cpp:130]   --->   Operation 272 'dmul' 'mul149_4_1' <Predicate = true> <Delay = 2.75> <CoreInst = "DMul_maxdsp">   --->   Core 49 'DMul_maxdsp' <Latency = 5> <II = 1> <Delay = 2.75> <FuncUnit> <Opcode : 'dmul'> <InPorts = 2> <OutPorts = 1>
ST_10 : Operation 273 [3/6] (2.75ns)   --->   "%mul149_5 = dmul i64 %conv1, i64 %conv1" [cpp/semgraph_slam/hls/registration_kernel_draft.cpp:130]   --->   Operation 273 'dmul' 'mul149_5' <Predicate = true> <Delay = 2.75> <CoreInst = "DMul_maxdsp">   --->   Core 49 'DMul_maxdsp' <Latency = 5> <II = 1> <Delay = 2.75> <FuncUnit> <Opcode : 'dmul'> <InPorts = 2> <OutPorts = 1>
ST_10 : Operation 274 [2/6] (2.75ns)   --->   "%mul149_5_1 = dmul i64 %conv3, i64 %conv3" [cpp/semgraph_slam/hls/registration_kernel_draft.cpp:130]   --->   Operation 274 'dmul' 'mul149_5_1' <Predicate = true> <Delay = 2.75> <CoreInst = "DMul_maxdsp">   --->   Core 49 'DMul_maxdsp' <Latency = 5> <II = 1> <Delay = 2.75> <FuncUnit> <Opcode : 'dmul'> <InPorts = 2> <OutPorts = 1>

State 11 <SV = 10> <Delay = 2.89>
ST_11 : Operation 275 [1/7] (2.34ns)   --->   "%ry = fsub i32 %sy, i32 %ty" [cpp/semgraph_slam/hls/registration_kernel_draft.cpp:89]   --->   Operation 275 'fsub' 'ry' <Predicate = (!icmp_ln70)> <Delay = 2.34> <CoreInst = "FAddSub_fulldsp">   --->   Core 18 'FAddSub_fulldsp' <Latency = 6> <II = 1> <Delay = 2.34> <FuncUnit> <Opcode : 'fadd' 'fsub'> <InPorts = 2> <OutPorts = 1>
ST_11 : Operation 276 [2/7] (2.34ns)   --->   "%rz = fsub i32 %sz, i32 %tz" [cpp/semgraph_slam/hls/registration_kernel_draft.cpp:90]   --->   Operation 276 'fsub' 'rz' <Predicate = (!icmp_ln70)> <Delay = 2.34> <CoreInst = "FAddSub_fulldsp">   --->   Core 18 'FAddSub_fulldsp' <Latency = 6> <II = 1> <Delay = 2.34> <FuncUnit> <Opcode : 'fadd' 'fsub'> <InPorts = 2> <OutPorts = 1>
ST_11 : Operation 277 [4/4] (2.32ns)   --->   "%mul = fmul i32 %rx, i32 %rx" [cpp/semgraph_slam/hls/registration_kernel_draft.cpp:92]   --->   Operation 277 'fmul' 'mul' <Predicate = (!icmp_ln70)> <Delay = 2.32> <CoreInst = "FMul_maxdsp">   --->   Core 30 'FMul_maxdsp' <Latency = 3> <II = 1> <Delay = 2.32> <FuncUnit> <Opcode : 'fmul'> <InPorts = 2> <OutPorts = 1>
ST_11 : Operation 278 [2/2] (1.54ns)   --->   "%conv6 = fpext i32 %rx" [cpp/semgraph_slam/hls/registration_kernel_draft.cpp:107]   --->   Operation 278 'fpext' 'conv6' <Predicate = true> <Delay = 1.54> <CoreInst = "Float2Double">   --->   Core 64 'Float2Double' <Latency = 1> <II = 1> <Delay = 1.54> <FuncUnit> <Opcode : 'fpext'> <InPorts = 1> <OutPorts = 1>
ST_11 : Operation 279 [3/6] (2.75ns)   --->   "%mul149_3117_1 = dmul i64 %conv2, i64 0" [cpp/semgraph_slam/hls/registration_kernel_draft.cpp:130]   --->   Operation 279 'dmul' 'mul149_3117_1' <Predicate = true> <Delay = 2.75> <CoreInst = "DMul_maxdsp">   --->   Core 49 'DMul_maxdsp' <Latency = 5> <II = 1> <Delay = 2.75> <FuncUnit> <Opcode : 'dmul'> <InPorts = 2> <OutPorts = 1>
ST_11 : Operation 280 [4/6] (2.75ns)   --->   "%mul149_3117_2 = dmul i64 %conv4, i64 0" [cpp/semgraph_slam/hls/registration_kernel_draft.cpp:130]   --->   Operation 280 'dmul' 'mul149_3117_2' <Predicate = true> <Delay = 2.75> <CoreInst = "DMul_maxdsp">   --->   Core 49 'DMul_maxdsp' <Latency = 5> <II = 1> <Delay = 2.75> <FuncUnit> <Opcode : 'dmul'> <InPorts = 2> <OutPorts = 1>
ST_11 : Operation 281 [2/5] (2.89ns)   --->   "%jtj_acc_2 = dadd i64 %conv, i64 0" [cpp/semgraph_slam/hls/registration_kernel_draft.cpp:130]   --->   Operation 281 'dadd' 'jtj_acc_2' <Predicate = true> <Delay = 2.89> <CoreInst = "DAddSub_fulldsp">   --->   Core 37 'DAddSub_fulldsp' <Latency = 4> <II = 1> <Delay = 2.89> <FuncUnit> <Opcode : 'dadd' 'dsub'> <InPorts = 2> <OutPorts = 1>
ST_11 : Operation 282 [1/6] (2.75ns)   --->   "%mul149_4128_2 = dmul i64 %conv5, i64 0" [cpp/semgraph_slam/hls/registration_kernel_draft.cpp:130]   --->   Operation 282 'dmul' 'mul149_4128_2' <Predicate = true> <Delay = 2.75> <CoreInst = "DMul_maxdsp">   --->   Core 49 'DMul_maxdsp' <Latency = 5> <II = 1> <Delay = 2.75> <FuncUnit> <Opcode : 'dmul'> <InPorts = 2> <OutPorts = 1>
ST_11 : Operation 283 [1/5] (2.89ns)   --->   "%jtj_acc_4 = dadd i64 %conv1, i64 0" [cpp/semgraph_slam/hls/registration_kernel_draft.cpp:130]   --->   Operation 283 'dadd' 'jtj_acc_4' <Predicate = true> <Delay = 2.89> <CoreInst = "DAddSub_fulldsp">   --->   Core 37 'DAddSub_fulldsp' <Latency = 4> <II = 1> <Delay = 2.89> <FuncUnit> <Opcode : 'dadd' 'dsub'> <InPorts = 2> <OutPorts = 1>
ST_11 : Operation 284 [1/6] (2.75ns)   --->   "%mul149_5139_1 = dmul i64 %conv3, i64 0" [cpp/semgraph_slam/hls/registration_kernel_draft.cpp:130]   --->   Operation 284 'dmul' 'mul149_5139_1' <Predicate = true> <Delay = 2.75> <CoreInst = "DMul_maxdsp">   --->   Core 49 'DMul_maxdsp' <Latency = 5> <II = 1> <Delay = 2.75> <FuncUnit> <Opcode : 'dmul'> <InPorts = 2> <OutPorts = 1>
ST_11 : Operation 285 [2/5] (2.89ns)   --->   "%jtj_acc_7 = dadd i64 %conv2, i64 0" [cpp/semgraph_slam/hls/registration_kernel_draft.cpp:130]   --->   Operation 285 'dadd' 'jtj_acc_7' <Predicate = true> <Delay = 2.89> <CoreInst = "DAddSub_fulldsp">   --->   Core 37 'DAddSub_fulldsp' <Latency = 4> <II = 1> <Delay = 2.89> <FuncUnit> <Opcode : 'dadd' 'dsub'> <InPorts = 2> <OutPorts = 1>
ST_11 : Operation 286 [3/6] (2.75ns)   --->   "%mul149_1_3 = dmul i64 %conv, i64 0" [cpp/semgraph_slam/hls/registration_kernel_draft.cpp:130]   --->   Operation 286 'dmul' 'mul149_1_3' <Predicate = true> <Delay = 2.75> <CoreInst = "DMul_maxdsp">   --->   Core 49 'DMul_maxdsp' <Latency = 5> <II = 1> <Delay = 2.75> <FuncUnit> <Opcode : 'dmul'> <InPorts = 2> <OutPorts = 1>
ST_11 : Operation 287 [2/6] (2.75ns)   --->   "%mul149_1_4 = dmul i64 %conv1, i64 0" [cpp/semgraph_slam/hls/registration_kernel_draft.cpp:130]   --->   Operation 287 'dmul' 'mul149_1_4' <Predicate = true> <Delay = 2.75> <CoreInst = "DMul_maxdsp">   --->   Core 49 'DMul_maxdsp' <Latency = 5> <II = 1> <Delay = 2.75> <FuncUnit> <Opcode : 'dmul'> <InPorts = 2> <OutPorts = 1>
ST_11 : Operation 288 [3/6] (2.75ns)   --->   "%mul149_3_s = dmul i64 %conv2, i64 %conv2" [cpp/semgraph_slam/hls/registration_kernel_draft.cpp:130]   --->   Operation 288 'dmul' 'mul149_3_s' <Predicate = true> <Delay = 2.75> <CoreInst = "DMul_maxdsp">   --->   Core 49 'DMul_maxdsp' <Latency = 5> <II = 1> <Delay = 2.75> <FuncUnit> <Opcode : 'dmul'> <InPorts = 2> <OutPorts = 1>
ST_11 : Operation 289 [4/6] (2.75ns)   --->   "%mul149_3_1 = dmul i64 %conv4, i64 %conv4" [cpp/semgraph_slam/hls/registration_kernel_draft.cpp:130]   --->   Operation 289 'dmul' 'mul149_3_1' <Predicate = true> <Delay = 2.75> <CoreInst = "DMul_maxdsp">   --->   Core 49 'DMul_maxdsp' <Latency = 5> <II = 1> <Delay = 2.75> <FuncUnit> <Opcode : 'dmul'> <InPorts = 2> <OutPorts = 1>
ST_11 : Operation 290 [4/6] (2.75ns)   --->   "%mul149_3_1_2 = dmul i64 %conv4, i64 %conv5" [cpp/semgraph_slam/hls/registration_kernel_draft.cpp:130]   --->   Operation 290 'dmul' 'mul149_3_1_2' <Predicate = true> <Delay = 2.75> <CoreInst = "DMul_maxdsp">   --->   Core 49 'DMul_maxdsp' <Latency = 5> <II = 1> <Delay = 2.75> <FuncUnit> <Opcode : 'dmul'> <InPorts = 2> <OutPorts = 1>
ST_11 : Operation 291 [3/6] (2.75ns)   --->   "%mul149_3_2_1 = dmul i64 %conv2, i64 %conv3" [cpp/semgraph_slam/hls/registration_kernel_draft.cpp:130]   --->   Operation 291 'dmul' 'mul149_3_2_1' <Predicate = true> <Delay = 2.75> <CoreInst = "DMul_maxdsp">   --->   Core 49 'DMul_maxdsp' <Latency = 5> <II = 1> <Delay = 2.75> <FuncUnit> <Opcode : 'dmul'> <InPorts = 2> <OutPorts = 1>
ST_11 : Operation 292 [3/6] (2.75ns)   --->   "%mul149_4 = dmul i64 %conv, i64 %conv" [cpp/semgraph_slam/hls/registration_kernel_draft.cpp:130]   --->   Operation 292 'dmul' 'mul149_4' <Predicate = true> <Delay = 2.75> <CoreInst = "DMul_maxdsp">   --->   Core 49 'DMul_maxdsp' <Latency = 5> <II = 1> <Delay = 2.75> <FuncUnit> <Opcode : 'dmul'> <InPorts = 2> <OutPorts = 1>
ST_11 : Operation 293 [1/6] (2.75ns)   --->   "%mul149_4_2 = dmul i64 %conv5, i64 %conv5" [cpp/semgraph_slam/hls/registration_kernel_draft.cpp:130]   --->   Operation 293 'dmul' 'mul149_4_2' <Predicate = true> <Delay = 2.75> <CoreInst = "DMul_maxdsp">   --->   Core 49 'DMul_maxdsp' <Latency = 5> <II = 1> <Delay = 2.75> <FuncUnit> <Opcode : 'dmul'> <InPorts = 2> <OutPorts = 1>
ST_11 : Operation 294 [3/6] (2.75ns)   --->   "%mul149_4_1 = dmul i64 %conv, i64 %conv1" [cpp/semgraph_slam/hls/registration_kernel_draft.cpp:130]   --->   Operation 294 'dmul' 'mul149_4_1' <Predicate = true> <Delay = 2.75> <CoreInst = "DMul_maxdsp">   --->   Core 49 'DMul_maxdsp' <Latency = 5> <II = 1> <Delay = 2.75> <FuncUnit> <Opcode : 'dmul'> <InPorts = 2> <OutPorts = 1>
ST_11 : Operation 295 [2/6] (2.75ns)   --->   "%mul149_5 = dmul i64 %conv1, i64 %conv1" [cpp/semgraph_slam/hls/registration_kernel_draft.cpp:130]   --->   Operation 295 'dmul' 'mul149_5' <Predicate = true> <Delay = 2.75> <CoreInst = "DMul_maxdsp">   --->   Core 49 'DMul_maxdsp' <Latency = 5> <II = 1> <Delay = 2.75> <FuncUnit> <Opcode : 'dmul'> <InPorts = 2> <OutPorts = 1>
ST_11 : Operation 296 [1/6] (2.75ns)   --->   "%mul149_5_1 = dmul i64 %conv3, i64 %conv3" [cpp/semgraph_slam/hls/registration_kernel_draft.cpp:130]   --->   Operation 296 'dmul' 'mul149_5_1' <Predicate = true> <Delay = 2.75> <CoreInst = "DMul_maxdsp">   --->   Core 49 'DMul_maxdsp' <Latency = 5> <II = 1> <Delay = 2.75> <FuncUnit> <Opcode : 'dmul'> <InPorts = 2> <OutPorts = 1>

State 12 <SV = 11> <Delay = 2.89>
ST_12 : Operation 297 [1/7] (2.34ns)   --->   "%rz = fsub i32 %sz, i32 %tz" [cpp/semgraph_slam/hls/registration_kernel_draft.cpp:90]   --->   Operation 297 'fsub' 'rz' <Predicate = (!icmp_ln70)> <Delay = 2.34> <CoreInst = "FAddSub_fulldsp">   --->   Core 18 'FAddSub_fulldsp' <Latency = 6> <II = 1> <Delay = 2.34> <FuncUnit> <Opcode : 'fadd' 'fsub'> <InPorts = 2> <OutPorts = 1>
ST_12 : Operation 298 [3/4] (2.32ns)   --->   "%mul = fmul i32 %rx, i32 %rx" [cpp/semgraph_slam/hls/registration_kernel_draft.cpp:92]   --->   Operation 298 'fmul' 'mul' <Predicate = (!icmp_ln70)> <Delay = 2.32> <CoreInst = "FMul_maxdsp">   --->   Core 30 'FMul_maxdsp' <Latency = 3> <II = 1> <Delay = 2.32> <FuncUnit> <Opcode : 'fmul'> <InPorts = 2> <OutPorts = 1>
ST_12 : Operation 299 [4/4] (2.32ns)   --->   "%mul1 = fmul i32 %ry, i32 %ry" [cpp/semgraph_slam/hls/registration_kernel_draft.cpp:92]   --->   Operation 299 'fmul' 'mul1' <Predicate = (!icmp_ln70)> <Delay = 2.32> <CoreInst = "FMul_maxdsp">   --->   Core 30 'FMul_maxdsp' <Latency = 3> <II = 1> <Delay = 2.32> <FuncUnit> <Opcode : 'fmul'> <InPorts = 2> <OutPorts = 1>
ST_12 : Operation 300 [1/2] (1.54ns)   --->   "%conv6 = fpext i32 %rx" [cpp/semgraph_slam/hls/registration_kernel_draft.cpp:107]   --->   Operation 300 'fpext' 'conv6' <Predicate = true> <Delay = 1.54> <CoreInst = "Float2Double">   --->   Core 64 'Float2Double' <Latency = 1> <II = 1> <Delay = 1.54> <FuncUnit> <Opcode : 'fpext'> <InPorts = 1> <OutPorts = 1>
ST_12 : Operation 301 [2/6] (2.75ns)   --->   "%mul149_3117_1 = dmul i64 %conv2, i64 0" [cpp/semgraph_slam/hls/registration_kernel_draft.cpp:130]   --->   Operation 301 'dmul' 'mul149_3117_1' <Predicate = true> <Delay = 2.75> <CoreInst = "DMul_maxdsp">   --->   Core 49 'DMul_maxdsp' <Latency = 5> <II = 1> <Delay = 2.75> <FuncUnit> <Opcode : 'dmul'> <InPorts = 2> <OutPorts = 1>
ST_12 : Operation 302 [3/6] (2.75ns)   --->   "%mul149_3117_2 = dmul i64 %conv4, i64 0" [cpp/semgraph_slam/hls/registration_kernel_draft.cpp:130]   --->   Operation 302 'dmul' 'mul149_3117_2' <Predicate = true> <Delay = 2.75> <CoreInst = "DMul_maxdsp">   --->   Core 49 'DMul_maxdsp' <Latency = 5> <II = 1> <Delay = 2.75> <FuncUnit> <Opcode : 'dmul'> <InPorts = 2> <OutPorts = 1>
ST_12 : Operation 303 [1/5] (2.89ns)   --->   "%jtj_acc_2 = dadd i64 %conv, i64 0" [cpp/semgraph_slam/hls/registration_kernel_draft.cpp:130]   --->   Operation 303 'dadd' 'jtj_acc_2' <Predicate = true> <Delay = 2.89> <CoreInst = "DAddSub_fulldsp">   --->   Core 37 'DAddSub_fulldsp' <Latency = 4> <II = 1> <Delay = 2.89> <FuncUnit> <Opcode : 'dadd' 'dsub'> <InPorts = 2> <OutPorts = 1>
ST_12 : Operation 304 [5/5] (2.89ns)   --->   "%jtj_acc_5 = dadd i64 %jtj_acc_4, i64 %mul149_5139_1" [cpp/semgraph_slam/hls/registration_kernel_draft.cpp:130]   --->   Operation 304 'dadd' 'jtj_acc_5' <Predicate = true> <Delay = 2.89> <CoreInst = "DAddSub_fulldsp">   --->   Core 37 'DAddSub_fulldsp' <Latency = 4> <II = 1> <Delay = 2.89> <FuncUnit> <Opcode : 'dadd' 'dsub'> <InPorts = 2> <OutPorts = 1>
ST_12 : Operation 305 [1/5] (2.89ns)   --->   "%jtj_acc_7 = dadd i64 %conv2, i64 0" [cpp/semgraph_slam/hls/registration_kernel_draft.cpp:130]   --->   Operation 305 'dadd' 'jtj_acc_7' <Predicate = true> <Delay = 2.89> <CoreInst = "DAddSub_fulldsp">   --->   Core 37 'DAddSub_fulldsp' <Latency = 4> <II = 1> <Delay = 2.89> <FuncUnit> <Opcode : 'dadd' 'dsub'> <InPorts = 2> <OutPorts = 1>
ST_12 : Operation 306 [2/6] (2.75ns)   --->   "%mul149_1_3 = dmul i64 %conv, i64 0" [cpp/semgraph_slam/hls/registration_kernel_draft.cpp:130]   --->   Operation 306 'dmul' 'mul149_1_3' <Predicate = true> <Delay = 2.75> <CoreInst = "DMul_maxdsp">   --->   Core 49 'DMul_maxdsp' <Latency = 5> <II = 1> <Delay = 2.75> <FuncUnit> <Opcode : 'dmul'> <InPorts = 2> <OutPorts = 1>
ST_12 : Operation 307 [1/6] (2.75ns)   --->   "%mul149_1_4 = dmul i64 %conv1, i64 0" [cpp/semgraph_slam/hls/registration_kernel_draft.cpp:130]   --->   Operation 307 'dmul' 'mul149_1_4' <Predicate = true> <Delay = 2.75> <CoreInst = "DMul_maxdsp">   --->   Core 49 'DMul_maxdsp' <Latency = 5> <II = 1> <Delay = 2.75> <FuncUnit> <Opcode : 'dmul'> <InPorts = 2> <OutPorts = 1>
ST_12 : Operation 308 [2/6] (2.75ns)   --->   "%mul149_3_s = dmul i64 %conv2, i64 %conv2" [cpp/semgraph_slam/hls/registration_kernel_draft.cpp:130]   --->   Operation 308 'dmul' 'mul149_3_s' <Predicate = true> <Delay = 2.75> <CoreInst = "DMul_maxdsp">   --->   Core 49 'DMul_maxdsp' <Latency = 5> <II = 1> <Delay = 2.75> <FuncUnit> <Opcode : 'dmul'> <InPorts = 2> <OutPorts = 1>
ST_12 : Operation 309 [3/6] (2.75ns)   --->   "%mul149_3_1 = dmul i64 %conv4, i64 %conv4" [cpp/semgraph_slam/hls/registration_kernel_draft.cpp:130]   --->   Operation 309 'dmul' 'mul149_3_1' <Predicate = true> <Delay = 2.75> <CoreInst = "DMul_maxdsp">   --->   Core 49 'DMul_maxdsp' <Latency = 5> <II = 1> <Delay = 2.75> <FuncUnit> <Opcode : 'dmul'> <InPorts = 2> <OutPorts = 1>
ST_12 : Operation 310 [3/6] (2.75ns)   --->   "%mul149_3_1_2 = dmul i64 %conv4, i64 %conv5" [cpp/semgraph_slam/hls/registration_kernel_draft.cpp:130]   --->   Operation 310 'dmul' 'mul149_3_1_2' <Predicate = true> <Delay = 2.75> <CoreInst = "DMul_maxdsp">   --->   Core 49 'DMul_maxdsp' <Latency = 5> <II = 1> <Delay = 2.75> <FuncUnit> <Opcode : 'dmul'> <InPorts = 2> <OutPorts = 1>
ST_12 : Operation 311 [2/6] (2.75ns)   --->   "%mul149_3_2_1 = dmul i64 %conv2, i64 %conv3" [cpp/semgraph_slam/hls/registration_kernel_draft.cpp:130]   --->   Operation 311 'dmul' 'mul149_3_2_1' <Predicate = true> <Delay = 2.75> <CoreInst = "DMul_maxdsp">   --->   Core 49 'DMul_maxdsp' <Latency = 5> <II = 1> <Delay = 2.75> <FuncUnit> <Opcode : 'dmul'> <InPorts = 2> <OutPorts = 1>
ST_12 : Operation 312 [2/6] (2.75ns)   --->   "%mul149_4 = dmul i64 %conv, i64 %conv" [cpp/semgraph_slam/hls/registration_kernel_draft.cpp:130]   --->   Operation 312 'dmul' 'mul149_4' <Predicate = true> <Delay = 2.75> <CoreInst = "DMul_maxdsp">   --->   Core 49 'DMul_maxdsp' <Latency = 5> <II = 1> <Delay = 2.75> <FuncUnit> <Opcode : 'dmul'> <InPorts = 2> <OutPorts = 1>
ST_12 : Operation 313 [2/6] (2.75ns)   --->   "%mul149_4_1 = dmul i64 %conv, i64 %conv1" [cpp/semgraph_slam/hls/registration_kernel_draft.cpp:130]   --->   Operation 313 'dmul' 'mul149_4_1' <Predicate = true> <Delay = 2.75> <CoreInst = "DMul_maxdsp">   --->   Core 49 'DMul_maxdsp' <Latency = 5> <II = 1> <Delay = 2.75> <FuncUnit> <Opcode : 'dmul'> <InPorts = 2> <OutPorts = 1>
ST_12 : Operation 314 [1/6] (2.75ns)   --->   "%mul149_5 = dmul i64 %conv1, i64 %conv1" [cpp/semgraph_slam/hls/registration_kernel_draft.cpp:130]   --->   Operation 314 'dmul' 'mul149_5' <Predicate = true> <Delay = 2.75> <CoreInst = "DMul_maxdsp">   --->   Core 49 'DMul_maxdsp' <Latency = 5> <II = 1> <Delay = 2.75> <FuncUnit> <Opcode : 'dmul'> <InPorts = 2> <OutPorts = 1>

State 13 <SV = 12> <Delay = 2.89>
ST_13 : Operation 315 [2/4] (2.32ns)   --->   "%mul = fmul i32 %rx, i32 %rx" [cpp/semgraph_slam/hls/registration_kernel_draft.cpp:92]   --->   Operation 315 'fmul' 'mul' <Predicate = (!icmp_ln70)> <Delay = 2.32> <CoreInst = "FMul_maxdsp">   --->   Core 30 'FMul_maxdsp' <Latency = 3> <II = 1> <Delay = 2.32> <FuncUnit> <Opcode : 'fmul'> <InPorts = 2> <OutPorts = 1>
ST_13 : Operation 316 [3/4] (2.32ns)   --->   "%mul1 = fmul i32 %ry, i32 %ry" [cpp/semgraph_slam/hls/registration_kernel_draft.cpp:92]   --->   Operation 316 'fmul' 'mul1' <Predicate = (!icmp_ln70)> <Delay = 2.32> <CoreInst = "FMul_maxdsp">   --->   Core 30 'FMul_maxdsp' <Latency = 3> <II = 1> <Delay = 2.32> <FuncUnit> <Opcode : 'fmul'> <InPorts = 2> <OutPorts = 1>
ST_13 : Operation 317 [4/4] (2.32ns)   --->   "%mul2 = fmul i32 %rz, i32 %rz" [cpp/semgraph_slam/hls/registration_kernel_draft.cpp:92]   --->   Operation 317 'fmul' 'mul2' <Predicate = (!icmp_ln70)> <Delay = 2.32> <CoreInst = "FMul_maxdsp">   --->   Core 30 'FMul_maxdsp' <Latency = 3> <II = 1> <Delay = 2.32> <FuncUnit> <Opcode : 'fmul'> <InPorts = 2> <OutPorts = 1>
ST_13 : Operation 318 [2/2] (1.54ns)   --->   "%conv7 = fpext i32 %ry" [cpp/semgraph_slam/hls/registration_kernel_draft.cpp:107]   --->   Operation 318 'fpext' 'conv7' <Predicate = true> <Delay = 1.54> <CoreInst = "Float2Double">   --->   Core 64 'Float2Double' <Latency = 1> <II = 1> <Delay = 1.54> <FuncUnit> <Opcode : 'fpext'> <InPorts = 1> <OutPorts = 1>
ST_13 : Operation 319 [5/5] (2.89ns)   --->   "%jtr_acc = dadd i64 %conv6, i64 0" [cpp/semgraph_slam/hls/registration_kernel_draft.cpp:116]   --->   Operation 319 'dadd' 'jtr_acc' <Predicate = true> <Delay = 2.89> <CoreInst = "DAddSub_fulldsp">   --->   Core 37 'DAddSub_fulldsp' <Latency = 4> <II = 1> <Delay = 2.89> <FuncUnit> <Opcode : 'dadd' 'dsub'> <InPorts = 2> <OutPorts = 1>
ST_13 : Operation 320 [6/6] (2.75ns)   --->   "%mul116_1 = dmul i64 %conv6, i64 0" [cpp/semgraph_slam/hls/registration_kernel_draft.cpp:116]   --->   Operation 320 'dmul' 'mul116_1' <Predicate = true> <Delay = 2.75> <CoreInst = "DMul_maxdsp">   --->   Core 49 'DMul_maxdsp' <Latency = 5> <II = 1> <Delay = 2.75> <FuncUnit> <Opcode : 'dmul'> <InPorts = 2> <OutPorts = 1>
ST_13 : Operation 321 [6/6] (2.75ns)   --->   "%mul116_4 = dmul i64 %conv, i64 %conv6" [cpp/semgraph_slam/hls/registration_kernel_draft.cpp:116]   --->   Operation 321 'dmul' 'mul116_4' <Predicate = true> <Delay = 2.75> <CoreInst = "DMul_maxdsp">   --->   Core 49 'DMul_maxdsp' <Latency = 5> <II = 1> <Delay = 2.75> <FuncUnit> <Opcode : 'dmul'> <InPorts = 2> <OutPorts = 1>
ST_13 : Operation 322 [6/6] (2.75ns)   --->   "%mul116_5 = dmul i64 %conv1, i64 %conv6" [cpp/semgraph_slam/hls/registration_kernel_draft.cpp:116]   --->   Operation 322 'dmul' 'mul116_5' <Predicate = true> <Delay = 2.75> <CoreInst = "DMul_maxdsp">   --->   Core 49 'DMul_maxdsp' <Latency = 5> <II = 1> <Delay = 2.75> <FuncUnit> <Opcode : 'dmul'> <InPorts = 2> <OutPorts = 1>
ST_13 : Operation 323 [1/6] (2.75ns)   --->   "%mul149_3117_1 = dmul i64 %conv2, i64 0" [cpp/semgraph_slam/hls/registration_kernel_draft.cpp:130]   --->   Operation 323 'dmul' 'mul149_3117_1' <Predicate = true> <Delay = 2.75> <CoreInst = "DMul_maxdsp">   --->   Core 49 'DMul_maxdsp' <Latency = 5> <II = 1> <Delay = 2.75> <FuncUnit> <Opcode : 'dmul'> <InPorts = 2> <OutPorts = 1>
ST_13 : Operation 324 [2/6] (2.75ns)   --->   "%mul149_3117_2 = dmul i64 %conv4, i64 0" [cpp/semgraph_slam/hls/registration_kernel_draft.cpp:130]   --->   Operation 324 'dmul' 'mul149_3117_2' <Predicate = true> <Delay = 2.75> <CoreInst = "DMul_maxdsp">   --->   Core 49 'DMul_maxdsp' <Latency = 5> <II = 1> <Delay = 2.75> <FuncUnit> <Opcode : 'dmul'> <InPorts = 2> <OutPorts = 1>
ST_13 : Operation 325 [5/5] (2.89ns)   --->   "%jtj_acc_3 = dadd i64 %jtj_acc_2, i64 %mul149_4128_2" [cpp/semgraph_slam/hls/registration_kernel_draft.cpp:130]   --->   Operation 325 'dadd' 'jtj_acc_3' <Predicate = true> <Delay = 2.89> <CoreInst = "DAddSub_fulldsp">   --->   Core 37 'DAddSub_fulldsp' <Latency = 4> <II = 1> <Delay = 2.89> <FuncUnit> <Opcode : 'dadd' 'dsub'> <InPorts = 2> <OutPorts = 1>
ST_13 : Operation 326 [4/5] (2.89ns)   --->   "%jtj_acc_5 = dadd i64 %jtj_acc_4, i64 %mul149_5139_1" [cpp/semgraph_slam/hls/registration_kernel_draft.cpp:130]   --->   Operation 326 'dadd' 'jtj_acc_5' <Predicate = true> <Delay = 2.89> <CoreInst = "DAddSub_fulldsp">   --->   Core 37 'DAddSub_fulldsp' <Latency = 4> <II = 1> <Delay = 2.89> <FuncUnit> <Opcode : 'dadd' 'dsub'> <InPorts = 2> <OutPorts = 1>
ST_13 : Operation 327 [1/6] (2.75ns)   --->   "%mul149_1_3 = dmul i64 %conv, i64 0" [cpp/semgraph_slam/hls/registration_kernel_draft.cpp:130]   --->   Operation 327 'dmul' 'mul149_1_3' <Predicate = true> <Delay = 2.75> <CoreInst = "DMul_maxdsp">   --->   Core 49 'DMul_maxdsp' <Latency = 5> <II = 1> <Delay = 2.75> <FuncUnit> <Opcode : 'dmul'> <InPorts = 2> <OutPorts = 1>
ST_13 : Operation 328 [5/5] (2.89ns)   --->   "%jtj_acc_11 = dadd i64 %mul149_1_4, i64 0" [cpp/semgraph_slam/hls/registration_kernel_draft.cpp:130]   --->   Operation 328 'dadd' 'jtj_acc_11' <Predicate = true> <Delay = 2.89> <CoreInst = "DAddSub_fulldsp">   --->   Core 37 'DAddSub_fulldsp' <Latency = 4> <II = 1> <Delay = 2.89> <FuncUnit> <Opcode : 'dadd' 'dsub'> <InPorts = 2> <OutPorts = 1>
ST_13 : Operation 329 [1/6] (2.75ns)   --->   "%mul149_3_s = dmul i64 %conv2, i64 %conv2" [cpp/semgraph_slam/hls/registration_kernel_draft.cpp:130]   --->   Operation 329 'dmul' 'mul149_3_s' <Predicate = true> <Delay = 2.75> <CoreInst = "DMul_maxdsp">   --->   Core 49 'DMul_maxdsp' <Latency = 5> <II = 1> <Delay = 2.75> <FuncUnit> <Opcode : 'dmul'> <InPorts = 2> <OutPorts = 1>
ST_13 : Operation 330 [2/6] (2.75ns)   --->   "%mul149_3_1 = dmul i64 %conv4, i64 %conv4" [cpp/semgraph_slam/hls/registration_kernel_draft.cpp:130]   --->   Operation 330 'dmul' 'mul149_3_1' <Predicate = true> <Delay = 2.75> <CoreInst = "DMul_maxdsp">   --->   Core 49 'DMul_maxdsp' <Latency = 5> <II = 1> <Delay = 2.75> <FuncUnit> <Opcode : 'dmul'> <InPorts = 2> <OutPorts = 1>
ST_13 : Operation 331 [2/6] (2.75ns)   --->   "%mul149_3_1_2 = dmul i64 %conv4, i64 %conv5" [cpp/semgraph_slam/hls/registration_kernel_draft.cpp:130]   --->   Operation 331 'dmul' 'mul149_3_1_2' <Predicate = true> <Delay = 2.75> <CoreInst = "DMul_maxdsp">   --->   Core 49 'DMul_maxdsp' <Latency = 5> <II = 1> <Delay = 2.75> <FuncUnit> <Opcode : 'dmul'> <InPorts = 2> <OutPorts = 1>
ST_13 : Operation 332 [1/6] (2.75ns)   --->   "%mul149_3_2_1 = dmul i64 %conv2, i64 %conv3" [cpp/semgraph_slam/hls/registration_kernel_draft.cpp:130]   --->   Operation 332 'dmul' 'mul149_3_2_1' <Predicate = true> <Delay = 2.75> <CoreInst = "DMul_maxdsp">   --->   Core 49 'DMul_maxdsp' <Latency = 5> <II = 1> <Delay = 2.75> <FuncUnit> <Opcode : 'dmul'> <InPorts = 2> <OutPorts = 1>
ST_13 : Operation 333 [1/6] (2.75ns)   --->   "%mul149_4 = dmul i64 %conv, i64 %conv" [cpp/semgraph_slam/hls/registration_kernel_draft.cpp:130]   --->   Operation 333 'dmul' 'mul149_4' <Predicate = true> <Delay = 2.75> <CoreInst = "DMul_maxdsp">   --->   Core 49 'DMul_maxdsp' <Latency = 5> <II = 1> <Delay = 2.75> <FuncUnit> <Opcode : 'dmul'> <InPorts = 2> <OutPorts = 1>
ST_13 : Operation 334 [1/6] (2.75ns)   --->   "%mul149_4_1 = dmul i64 %conv, i64 %conv1" [cpp/semgraph_slam/hls/registration_kernel_draft.cpp:130]   --->   Operation 334 'dmul' 'mul149_4_1' <Predicate = true> <Delay = 2.75> <CoreInst = "DMul_maxdsp">   --->   Core 49 'DMul_maxdsp' <Latency = 5> <II = 1> <Delay = 2.75> <FuncUnit> <Opcode : 'dmul'> <InPorts = 2> <OutPorts = 1>
ST_13 : Operation 335 [5/5] (2.89ns)   --->   "%jtj_acc_29 = dadd i64 %mul149_5, i64 0" [cpp/semgraph_slam/hls/registration_kernel_draft.cpp:130]   --->   Operation 335 'dadd' 'jtj_acc_29' <Predicate = true> <Delay = 2.89> <CoreInst = "DAddSub_fulldsp">   --->   Core 37 'DAddSub_fulldsp' <Latency = 4> <II = 1> <Delay = 2.89> <FuncUnit> <Opcode : 'dadd' 'dsub'> <InPorts = 2> <OutPorts = 1>

State 14 <SV = 13> <Delay = 2.89>
ST_14 : Operation 336 [1/4] (2.32ns)   --->   "%mul = fmul i32 %rx, i32 %rx" [cpp/semgraph_slam/hls/registration_kernel_draft.cpp:92]   --->   Operation 336 'fmul' 'mul' <Predicate = (!icmp_ln70)> <Delay = 2.32> <CoreInst = "FMul_maxdsp">   --->   Core 30 'FMul_maxdsp' <Latency = 3> <II = 1> <Delay = 2.32> <FuncUnit> <Opcode : 'fmul'> <InPorts = 2> <OutPorts = 1>
ST_14 : Operation 337 [2/4] (2.32ns)   --->   "%mul1 = fmul i32 %ry, i32 %ry" [cpp/semgraph_slam/hls/registration_kernel_draft.cpp:92]   --->   Operation 337 'fmul' 'mul1' <Predicate = (!icmp_ln70)> <Delay = 2.32> <CoreInst = "FMul_maxdsp">   --->   Core 30 'FMul_maxdsp' <Latency = 3> <II = 1> <Delay = 2.32> <FuncUnit> <Opcode : 'fmul'> <InPorts = 2> <OutPorts = 1>
ST_14 : Operation 338 [3/4] (2.32ns)   --->   "%mul2 = fmul i32 %rz, i32 %rz" [cpp/semgraph_slam/hls/registration_kernel_draft.cpp:92]   --->   Operation 338 'fmul' 'mul2' <Predicate = (!icmp_ln70)> <Delay = 2.32> <CoreInst = "FMul_maxdsp">   --->   Core 30 'FMul_maxdsp' <Latency = 3> <II = 1> <Delay = 2.32> <FuncUnit> <Opcode : 'fmul'> <InPorts = 2> <OutPorts = 1>
ST_14 : Operation 339 [1/2] (1.54ns)   --->   "%conv7 = fpext i32 %ry" [cpp/semgraph_slam/hls/registration_kernel_draft.cpp:107]   --->   Operation 339 'fpext' 'conv7' <Predicate = true> <Delay = 1.54> <CoreInst = "Float2Double">   --->   Core 64 'Float2Double' <Latency = 1> <II = 1> <Delay = 1.54> <FuncUnit> <Opcode : 'fpext'> <InPorts = 1> <OutPorts = 1>
ST_14 : Operation 340 [2/2] (1.54ns)   --->   "%conv8 = fpext i32 %rz" [cpp/semgraph_slam/hls/registration_kernel_draft.cpp:107]   --->   Operation 340 'fpext' 'conv8' <Predicate = true> <Delay = 1.54> <CoreInst = "Float2Double">   --->   Core 64 'Float2Double' <Latency = 1> <II = 1> <Delay = 1.54> <FuncUnit> <Opcode : 'fpext'> <InPorts = 1> <OutPorts = 1>
ST_14 : Operation 341 [4/5] (2.89ns)   --->   "%jtr_acc = dadd i64 %conv6, i64 0" [cpp/semgraph_slam/hls/registration_kernel_draft.cpp:116]   --->   Operation 341 'dadd' 'jtr_acc' <Predicate = true> <Delay = 2.89> <CoreInst = "DAddSub_fulldsp">   --->   Core 37 'DAddSub_fulldsp' <Latency = 4> <II = 1> <Delay = 2.89> <FuncUnit> <Opcode : 'dadd' 'dsub'> <InPorts = 2> <OutPorts = 1>
ST_14 : Operation 342 [5/6] (2.75ns)   --->   "%mul116_1 = dmul i64 %conv6, i64 0" [cpp/semgraph_slam/hls/registration_kernel_draft.cpp:116]   --->   Operation 342 'dmul' 'mul116_1' <Predicate = true> <Delay = 2.75> <CoreInst = "DMul_maxdsp">   --->   Core 49 'DMul_maxdsp' <Latency = 5> <II = 1> <Delay = 2.75> <FuncUnit> <Opcode : 'dmul'> <InPorts = 2> <OutPorts = 1>
ST_14 : Operation 343 [5/6] (2.75ns)   --->   "%mul116_4 = dmul i64 %conv, i64 %conv6" [cpp/semgraph_slam/hls/registration_kernel_draft.cpp:116]   --->   Operation 343 'dmul' 'mul116_4' <Predicate = true> <Delay = 2.75> <CoreInst = "DMul_maxdsp">   --->   Core 49 'DMul_maxdsp' <Latency = 5> <II = 1> <Delay = 2.75> <FuncUnit> <Opcode : 'dmul'> <InPorts = 2> <OutPorts = 1>
ST_14 : Operation 344 [5/6] (2.75ns)   --->   "%mul116_5 = dmul i64 %conv1, i64 %conv6" [cpp/semgraph_slam/hls/registration_kernel_draft.cpp:116]   --->   Operation 344 'dmul' 'mul116_5' <Predicate = true> <Delay = 2.75> <CoreInst = "DMul_maxdsp">   --->   Core 49 'DMul_maxdsp' <Latency = 5> <II = 1> <Delay = 2.75> <FuncUnit> <Opcode : 'dmul'> <InPorts = 2> <OutPorts = 1>
ST_14 : Operation 345 [5/5] (2.89ns)   --->   "%jtj_acc = dadd i64 %mul149_3117_1, i64 0" [cpp/semgraph_slam/hls/registration_kernel_draft.cpp:130]   --->   Operation 345 'dadd' 'jtj_acc' <Predicate = true> <Delay = 2.89> <CoreInst = "DAddSub_fulldsp">   --->   Core 37 'DAddSub_fulldsp' <Latency = 4> <II = 1> <Delay = 2.89> <FuncUnit> <Opcode : 'dadd' 'dsub'> <InPorts = 2> <OutPorts = 1>
ST_14 : Operation 346 [1/6] (2.75ns)   --->   "%mul149_3117_2 = dmul i64 %conv4, i64 0" [cpp/semgraph_slam/hls/registration_kernel_draft.cpp:130]   --->   Operation 346 'dmul' 'mul149_3117_2' <Predicate = true> <Delay = 2.75> <CoreInst = "DMul_maxdsp">   --->   Core 49 'DMul_maxdsp' <Latency = 5> <II = 1> <Delay = 2.75> <FuncUnit> <Opcode : 'dmul'> <InPorts = 2> <OutPorts = 1>
ST_14 : Operation 347 [4/5] (2.89ns)   --->   "%jtj_acc_3 = dadd i64 %jtj_acc_2, i64 %mul149_4128_2" [cpp/semgraph_slam/hls/registration_kernel_draft.cpp:130]   --->   Operation 347 'dadd' 'jtj_acc_3' <Predicate = true> <Delay = 2.89> <CoreInst = "DAddSub_fulldsp">   --->   Core 37 'DAddSub_fulldsp' <Latency = 4> <II = 1> <Delay = 2.89> <FuncUnit> <Opcode : 'dadd' 'dsub'> <InPorts = 2> <OutPorts = 1>
ST_14 : Operation 348 [3/5] (2.89ns)   --->   "%jtj_acc_5 = dadd i64 %jtj_acc_4, i64 %mul149_5139_1" [cpp/semgraph_slam/hls/registration_kernel_draft.cpp:130]   --->   Operation 348 'dadd' 'jtj_acc_5' <Predicate = true> <Delay = 2.89> <CoreInst = "DAddSub_fulldsp">   --->   Core 37 'DAddSub_fulldsp' <Latency = 4> <II = 1> <Delay = 2.89> <FuncUnit> <Opcode : 'dadd' 'dsub'> <InPorts = 2> <OutPorts = 1>
ST_14 : Operation 349 [5/5] (2.89ns)   --->   "%jtj_acc_9 = dadd i64 %mul149_1_3, i64 0" [cpp/semgraph_slam/hls/registration_kernel_draft.cpp:130]   --->   Operation 349 'dadd' 'jtj_acc_9' <Predicate = true> <Delay = 2.89> <CoreInst = "DAddSub_fulldsp">   --->   Core 37 'DAddSub_fulldsp' <Latency = 4> <II = 1> <Delay = 2.89> <FuncUnit> <Opcode : 'dadd' 'dsub'> <InPorts = 2> <OutPorts = 1>
ST_14 : Operation 350 [4/5] (2.89ns)   --->   "%jtj_acc_11 = dadd i64 %mul149_1_4, i64 0" [cpp/semgraph_slam/hls/registration_kernel_draft.cpp:130]   --->   Operation 350 'dadd' 'jtj_acc_11' <Predicate = true> <Delay = 2.89> <CoreInst = "DAddSub_fulldsp">   --->   Core 37 'DAddSub_fulldsp' <Latency = 4> <II = 1> <Delay = 2.89> <FuncUnit> <Opcode : 'dadd' 'dsub'> <InPorts = 2> <OutPorts = 1>
ST_14 : Operation 351 [5/5] (2.89ns)   --->   "%jtj_acc_18 = dadd i64 %mul149_3_s, i64 0" [cpp/semgraph_slam/hls/registration_kernel_draft.cpp:130]   --->   Operation 351 'dadd' 'jtj_acc_18' <Predicate = true> <Delay = 2.89> <CoreInst = "DAddSub_fulldsp">   --->   Core 37 'DAddSub_fulldsp' <Latency = 4> <II = 1> <Delay = 2.89> <FuncUnit> <Opcode : 'dadd' 'dsub'> <InPorts = 2> <OutPorts = 1>
ST_14 : Operation 352 [1/6] (2.75ns)   --->   "%mul149_3_1 = dmul i64 %conv4, i64 %conv4" [cpp/semgraph_slam/hls/registration_kernel_draft.cpp:130]   --->   Operation 352 'dmul' 'mul149_3_1' <Predicate = true> <Delay = 2.75> <CoreInst = "DMul_maxdsp">   --->   Core 49 'DMul_maxdsp' <Latency = 5> <II = 1> <Delay = 2.75> <FuncUnit> <Opcode : 'dmul'> <InPorts = 2> <OutPorts = 1>
ST_14 : Operation 353 [1/6] (2.75ns)   --->   "%mul149_3_1_2 = dmul i64 %conv4, i64 %conv5" [cpp/semgraph_slam/hls/registration_kernel_draft.cpp:130]   --->   Operation 353 'dmul' 'mul149_3_1_2' <Predicate = true> <Delay = 2.75> <CoreInst = "DMul_maxdsp">   --->   Core 49 'DMul_maxdsp' <Latency = 5> <II = 1> <Delay = 2.75> <FuncUnit> <Opcode : 'dmul'> <InPorts = 2> <OutPorts = 1>
ST_14 : Operation 354 [5/5] (2.89ns)   --->   "%jtj_acc_24 = dadd i64 %mul149_4, i64 0" [cpp/semgraph_slam/hls/registration_kernel_draft.cpp:130]   --->   Operation 354 'dadd' 'jtj_acc_24' <Predicate = true> <Delay = 2.89> <CoreInst = "DAddSub_fulldsp">   --->   Core 37 'DAddSub_fulldsp' <Latency = 4> <II = 1> <Delay = 2.89> <FuncUnit> <Opcode : 'dadd' 'dsub'> <InPorts = 2> <OutPorts = 1>
ST_14 : Operation 355 [5/5] (2.89ns)   --->   "%jtj_acc_26 = dadd i64 %mul149_4_1, i64 0" [cpp/semgraph_slam/hls/registration_kernel_draft.cpp:130]   --->   Operation 355 'dadd' 'jtj_acc_26' <Predicate = true> <Delay = 2.89> <CoreInst = "DAddSub_fulldsp">   --->   Core 37 'DAddSub_fulldsp' <Latency = 4> <II = 1> <Delay = 2.89> <FuncUnit> <Opcode : 'dadd' 'dsub'> <InPorts = 2> <OutPorts = 1>
ST_14 : Operation 356 [4/5] (2.89ns)   --->   "%jtj_acc_29 = dadd i64 %mul149_5, i64 0" [cpp/semgraph_slam/hls/registration_kernel_draft.cpp:130]   --->   Operation 356 'dadd' 'jtj_acc_29' <Predicate = true> <Delay = 2.89> <CoreInst = "DAddSub_fulldsp">   --->   Core 37 'DAddSub_fulldsp' <Latency = 4> <II = 1> <Delay = 2.89> <FuncUnit> <Opcode : 'dadd' 'dsub'> <InPorts = 2> <OutPorts = 1>

State 15 <SV = 14> <Delay = 2.89>
ST_15 : Operation 357 [1/4] (2.32ns)   --->   "%mul1 = fmul i32 %ry, i32 %ry" [cpp/semgraph_slam/hls/registration_kernel_draft.cpp:92]   --->   Operation 357 'fmul' 'mul1' <Predicate = (!icmp_ln70)> <Delay = 2.32> <CoreInst = "FMul_maxdsp">   --->   Core 30 'FMul_maxdsp' <Latency = 3> <II = 1> <Delay = 2.32> <FuncUnit> <Opcode : 'fmul'> <InPorts = 2> <OutPorts = 1>
ST_15 : Operation 358 [2/4] (2.32ns)   --->   "%mul2 = fmul i32 %rz, i32 %rz" [cpp/semgraph_slam/hls/registration_kernel_draft.cpp:92]   --->   Operation 358 'fmul' 'mul2' <Predicate = (!icmp_ln70)> <Delay = 2.32> <CoreInst = "FMul_maxdsp">   --->   Core 30 'FMul_maxdsp' <Latency = 3> <II = 1> <Delay = 2.32> <FuncUnit> <Opcode : 'fmul'> <InPorts = 2> <OutPorts = 1>
ST_15 : Operation 359 [1/2] (1.54ns)   --->   "%conv8 = fpext i32 %rz" [cpp/semgraph_slam/hls/registration_kernel_draft.cpp:107]   --->   Operation 359 'fpext' 'conv8' <Predicate = true> <Delay = 1.54> <CoreInst = "Float2Double">   --->   Core 64 'Float2Double' <Latency = 1> <II = 1> <Delay = 1.54> <FuncUnit> <Opcode : 'fpext'> <InPorts = 1> <OutPorts = 1>
ST_15 : Operation 360 [3/5] (2.89ns)   --->   "%jtr_acc = dadd i64 %conv6, i64 0" [cpp/semgraph_slam/hls/registration_kernel_draft.cpp:116]   --->   Operation 360 'dadd' 'jtr_acc' <Predicate = true> <Delay = 2.89> <CoreInst = "DAddSub_fulldsp">   --->   Core 37 'DAddSub_fulldsp' <Latency = 4> <II = 1> <Delay = 2.89> <FuncUnit> <Opcode : 'dadd' 'dsub'> <InPorts = 2> <OutPorts = 1>
ST_15 : Operation 361 [6/6] (2.75ns)   --->   "%mul116_s = dmul i64 %conv7, i64 0" [cpp/semgraph_slam/hls/registration_kernel_draft.cpp:116]   --->   Operation 361 'dmul' 'mul116_s' <Predicate = true> <Delay = 2.75> <CoreInst = "DMul_maxdsp">   --->   Core 49 'DMul_maxdsp' <Latency = 5> <II = 1> <Delay = 2.75> <FuncUnit> <Opcode : 'dmul'> <InPorts = 2> <OutPorts = 1>
ST_15 : Operation 362 [4/6] (2.75ns)   --->   "%mul116_1 = dmul i64 %conv6, i64 0" [cpp/semgraph_slam/hls/registration_kernel_draft.cpp:116]   --->   Operation 362 'dmul' 'mul116_1' <Predicate = true> <Delay = 2.75> <CoreInst = "DMul_maxdsp">   --->   Core 49 'DMul_maxdsp' <Latency = 5> <II = 1> <Delay = 2.75> <FuncUnit> <Opcode : 'dmul'> <InPorts = 2> <OutPorts = 1>
ST_15 : Operation 363 [6/6] (2.75ns)   --->   "%mul116_3_1 = dmul i64 %conv2, i64 %conv7" [cpp/semgraph_slam/hls/registration_kernel_draft.cpp:116]   --->   Operation 363 'dmul' 'mul116_3_1' <Predicate = true> <Delay = 2.75> <CoreInst = "DMul_maxdsp">   --->   Core 49 'DMul_maxdsp' <Latency = 5> <II = 1> <Delay = 2.75> <FuncUnit> <Opcode : 'dmul'> <InPorts = 2> <OutPorts = 1>
ST_15 : Operation 364 [4/6] (2.75ns)   --->   "%mul116_4 = dmul i64 %conv, i64 %conv6" [cpp/semgraph_slam/hls/registration_kernel_draft.cpp:116]   --->   Operation 364 'dmul' 'mul116_4' <Predicate = true> <Delay = 2.75> <CoreInst = "DMul_maxdsp">   --->   Core 49 'DMul_maxdsp' <Latency = 5> <II = 1> <Delay = 2.75> <FuncUnit> <Opcode : 'dmul'> <InPorts = 2> <OutPorts = 1>
ST_15 : Operation 365 [4/6] (2.75ns)   --->   "%mul116_5 = dmul i64 %conv1, i64 %conv6" [cpp/semgraph_slam/hls/registration_kernel_draft.cpp:116]   --->   Operation 365 'dmul' 'mul116_5' <Predicate = true> <Delay = 2.75> <CoreInst = "DMul_maxdsp">   --->   Core 49 'DMul_maxdsp' <Latency = 5> <II = 1> <Delay = 2.75> <FuncUnit> <Opcode : 'dmul'> <InPorts = 2> <OutPorts = 1>
ST_15 : Operation 366 [6/6] (2.75ns)   --->   "%mul116_5_1 = dmul i64 %conv3, i64 %conv7" [cpp/semgraph_slam/hls/registration_kernel_draft.cpp:116]   --->   Operation 366 'dmul' 'mul116_5_1' <Predicate = true> <Delay = 2.75> <CoreInst = "DMul_maxdsp">   --->   Core 49 'DMul_maxdsp' <Latency = 5> <II = 1> <Delay = 2.75> <FuncUnit> <Opcode : 'dmul'> <InPorts = 2> <OutPorts = 1>
ST_15 : Operation 367 [4/5] (2.89ns)   --->   "%jtj_acc = dadd i64 %mul149_3117_1, i64 0" [cpp/semgraph_slam/hls/registration_kernel_draft.cpp:130]   --->   Operation 367 'dadd' 'jtj_acc' <Predicate = true> <Delay = 2.89> <CoreInst = "DAddSub_fulldsp">   --->   Core 37 'DAddSub_fulldsp' <Latency = 4> <II = 1> <Delay = 2.89> <FuncUnit> <Opcode : 'dadd' 'dsub'> <InPorts = 2> <OutPorts = 1>
ST_15 : Operation 368 [3/5] (2.89ns)   --->   "%jtj_acc_3 = dadd i64 %jtj_acc_2, i64 %mul149_4128_2" [cpp/semgraph_slam/hls/registration_kernel_draft.cpp:130]   --->   Operation 368 'dadd' 'jtj_acc_3' <Predicate = true> <Delay = 2.89> <CoreInst = "DAddSub_fulldsp">   --->   Core 37 'DAddSub_fulldsp' <Latency = 4> <II = 1> <Delay = 2.89> <FuncUnit> <Opcode : 'dadd' 'dsub'> <InPorts = 2> <OutPorts = 1>
ST_15 : Operation 369 [2/5] (2.89ns)   --->   "%jtj_acc_5 = dadd i64 %jtj_acc_4, i64 %mul149_5139_1" [cpp/semgraph_slam/hls/registration_kernel_draft.cpp:130]   --->   Operation 369 'dadd' 'jtj_acc_5' <Predicate = true> <Delay = 2.89> <CoreInst = "DAddSub_fulldsp">   --->   Core 37 'DAddSub_fulldsp' <Latency = 4> <II = 1> <Delay = 2.89> <FuncUnit> <Opcode : 'dadd' 'dsub'> <InPorts = 2> <OutPorts = 1>
ST_15 : Operation 370 [5/5] (2.89ns)   --->   "%jtj_acc_8 = dadd i64 %jtj_acc_7, i64 %mul149_3117_2" [cpp/semgraph_slam/hls/registration_kernel_draft.cpp:130]   --->   Operation 370 'dadd' 'jtj_acc_8' <Predicate = true> <Delay = 2.89> <CoreInst = "DAddSub_fulldsp">   --->   Core 37 'DAddSub_fulldsp' <Latency = 4> <II = 1> <Delay = 2.89> <FuncUnit> <Opcode : 'dadd' 'dsub'> <InPorts = 2> <OutPorts = 1>
ST_15 : Operation 371 [4/5] (2.89ns)   --->   "%jtj_acc_9 = dadd i64 %mul149_1_3, i64 0" [cpp/semgraph_slam/hls/registration_kernel_draft.cpp:130]   --->   Operation 371 'dadd' 'jtj_acc_9' <Predicate = true> <Delay = 2.89> <CoreInst = "DAddSub_fulldsp">   --->   Core 37 'DAddSub_fulldsp' <Latency = 4> <II = 1> <Delay = 2.89> <FuncUnit> <Opcode : 'dadd' 'dsub'> <InPorts = 2> <OutPorts = 1>
ST_15 : Operation 372 [3/5] (2.89ns)   --->   "%jtj_acc_11 = dadd i64 %mul149_1_4, i64 0" [cpp/semgraph_slam/hls/registration_kernel_draft.cpp:130]   --->   Operation 372 'dadd' 'jtj_acc_11' <Predicate = true> <Delay = 2.89> <CoreInst = "DAddSub_fulldsp">   --->   Core 37 'DAddSub_fulldsp' <Latency = 4> <II = 1> <Delay = 2.89> <FuncUnit> <Opcode : 'dadd' 'dsub'> <InPorts = 2> <OutPorts = 1>
ST_15 : Operation 373 [4/5] (2.89ns)   --->   "%jtj_acc_18 = dadd i64 %mul149_3_s, i64 0" [cpp/semgraph_slam/hls/registration_kernel_draft.cpp:130]   --->   Operation 373 'dadd' 'jtj_acc_18' <Predicate = true> <Delay = 2.89> <CoreInst = "DAddSub_fulldsp">   --->   Core 37 'DAddSub_fulldsp' <Latency = 4> <II = 1> <Delay = 2.89> <FuncUnit> <Opcode : 'dadd' 'dsub'> <InPorts = 2> <OutPorts = 1>
ST_15 : Operation 374 [4/5] (2.89ns)   --->   "%jtj_acc_24 = dadd i64 %mul149_4, i64 0" [cpp/semgraph_slam/hls/registration_kernel_draft.cpp:130]   --->   Operation 374 'dadd' 'jtj_acc_24' <Predicate = true> <Delay = 2.89> <CoreInst = "DAddSub_fulldsp">   --->   Core 37 'DAddSub_fulldsp' <Latency = 4> <II = 1> <Delay = 2.89> <FuncUnit> <Opcode : 'dadd' 'dsub'> <InPorts = 2> <OutPorts = 1>
ST_15 : Operation 375 [4/5] (2.89ns)   --->   "%jtj_acc_26 = dadd i64 %mul149_4_1, i64 0" [cpp/semgraph_slam/hls/registration_kernel_draft.cpp:130]   --->   Operation 375 'dadd' 'jtj_acc_26' <Predicate = true> <Delay = 2.89> <CoreInst = "DAddSub_fulldsp">   --->   Core 37 'DAddSub_fulldsp' <Latency = 4> <II = 1> <Delay = 2.89> <FuncUnit> <Opcode : 'dadd' 'dsub'> <InPorts = 2> <OutPorts = 1>
ST_15 : Operation 376 [3/5] (2.89ns)   --->   "%jtj_acc_29 = dadd i64 %mul149_5, i64 0" [cpp/semgraph_slam/hls/registration_kernel_draft.cpp:130]   --->   Operation 376 'dadd' 'jtj_acc_29' <Predicate = true> <Delay = 2.89> <CoreInst = "DAddSub_fulldsp">   --->   Core 37 'DAddSub_fulldsp' <Latency = 4> <II = 1> <Delay = 2.89> <FuncUnit> <Opcode : 'dadd' 'dsub'> <InPorts = 2> <OutPorts = 1>

State 16 <SV = 15> <Delay = 2.89>
ST_16 : Operation 377 [1/4] (2.32ns)   --->   "%mul2 = fmul i32 %rz, i32 %rz" [cpp/semgraph_slam/hls/registration_kernel_draft.cpp:92]   --->   Operation 377 'fmul' 'mul2' <Predicate = (!icmp_ln70)> <Delay = 2.32> <CoreInst = "FMul_maxdsp">   --->   Core 30 'FMul_maxdsp' <Latency = 3> <II = 1> <Delay = 2.32> <FuncUnit> <Opcode : 'fmul'> <InPorts = 2> <OutPorts = 1>
ST_16 : Operation 378 [2/5] (2.89ns)   --->   "%jtr_acc = dadd i64 %conv6, i64 0" [cpp/semgraph_slam/hls/registration_kernel_draft.cpp:116]   --->   Operation 378 'dadd' 'jtr_acc' <Predicate = true> <Delay = 2.89> <CoreInst = "DAddSub_fulldsp">   --->   Core 37 'DAddSub_fulldsp' <Latency = 4> <II = 1> <Delay = 2.89> <FuncUnit> <Opcode : 'dadd' 'dsub'> <InPorts = 2> <OutPorts = 1>
ST_16 : Operation 379 [5/6] (2.75ns)   --->   "%mul116_s = dmul i64 %conv7, i64 0" [cpp/semgraph_slam/hls/registration_kernel_draft.cpp:116]   --->   Operation 379 'dmul' 'mul116_s' <Predicate = true> <Delay = 2.75> <CoreInst = "DMul_maxdsp">   --->   Core 49 'DMul_maxdsp' <Latency = 5> <II = 1> <Delay = 2.75> <FuncUnit> <Opcode : 'dmul'> <InPorts = 2> <OutPorts = 1>
ST_16 : Operation 380 [6/6] (2.75ns)   --->   "%mul116_2 = dmul i64 %conv8, i64 0" [cpp/semgraph_slam/hls/registration_kernel_draft.cpp:116]   --->   Operation 380 'dmul' 'mul116_2' <Predicate = true> <Delay = 2.75> <CoreInst = "DMul_maxdsp">   --->   Core 49 'DMul_maxdsp' <Latency = 5> <II = 1> <Delay = 2.75> <FuncUnit> <Opcode : 'dmul'> <InPorts = 2> <OutPorts = 1>
ST_16 : Operation 381 [3/6] (2.75ns)   --->   "%mul116_1 = dmul i64 %conv6, i64 0" [cpp/semgraph_slam/hls/registration_kernel_draft.cpp:116]   --->   Operation 381 'dmul' 'mul116_1' <Predicate = true> <Delay = 2.75> <CoreInst = "DMul_maxdsp">   --->   Core 49 'DMul_maxdsp' <Latency = 5> <II = 1> <Delay = 2.75> <FuncUnit> <Opcode : 'dmul'> <InPorts = 2> <OutPorts = 1>
ST_16 : Operation 382 [5/6] (2.75ns)   --->   "%mul116_3_1 = dmul i64 %conv2, i64 %conv7" [cpp/semgraph_slam/hls/registration_kernel_draft.cpp:116]   --->   Operation 382 'dmul' 'mul116_3_1' <Predicate = true> <Delay = 2.75> <CoreInst = "DMul_maxdsp">   --->   Core 49 'DMul_maxdsp' <Latency = 5> <II = 1> <Delay = 2.75> <FuncUnit> <Opcode : 'dmul'> <InPorts = 2> <OutPorts = 1>
ST_16 : Operation 383 [6/6] (2.75ns)   --->   "%mul116_3_2 = dmul i64 %conv4, i64 %conv8" [cpp/semgraph_slam/hls/registration_kernel_draft.cpp:116]   --->   Operation 383 'dmul' 'mul116_3_2' <Predicate = true> <Delay = 2.75> <CoreInst = "DMul_maxdsp">   --->   Core 49 'DMul_maxdsp' <Latency = 5> <II = 1> <Delay = 2.75> <FuncUnit> <Opcode : 'dmul'> <InPorts = 2> <OutPorts = 1>
ST_16 : Operation 384 [3/6] (2.75ns)   --->   "%mul116_4 = dmul i64 %conv, i64 %conv6" [cpp/semgraph_slam/hls/registration_kernel_draft.cpp:116]   --->   Operation 384 'dmul' 'mul116_4' <Predicate = true> <Delay = 2.75> <CoreInst = "DMul_maxdsp">   --->   Core 49 'DMul_maxdsp' <Latency = 5> <II = 1> <Delay = 2.75> <FuncUnit> <Opcode : 'dmul'> <InPorts = 2> <OutPorts = 1>
ST_16 : Operation 385 [6/6] (2.75ns)   --->   "%mul116_4_2 = dmul i64 %conv5, i64 %conv8" [cpp/semgraph_slam/hls/registration_kernel_draft.cpp:116]   --->   Operation 385 'dmul' 'mul116_4_2' <Predicate = true> <Delay = 2.75> <CoreInst = "DMul_maxdsp">   --->   Core 49 'DMul_maxdsp' <Latency = 5> <II = 1> <Delay = 2.75> <FuncUnit> <Opcode : 'dmul'> <InPorts = 2> <OutPorts = 1>
ST_16 : Operation 386 [3/6] (2.75ns)   --->   "%mul116_5 = dmul i64 %conv1, i64 %conv6" [cpp/semgraph_slam/hls/registration_kernel_draft.cpp:116]   --->   Operation 386 'dmul' 'mul116_5' <Predicate = true> <Delay = 2.75> <CoreInst = "DMul_maxdsp">   --->   Core 49 'DMul_maxdsp' <Latency = 5> <II = 1> <Delay = 2.75> <FuncUnit> <Opcode : 'dmul'> <InPorts = 2> <OutPorts = 1>
ST_16 : Operation 387 [5/6] (2.75ns)   --->   "%mul116_5_1 = dmul i64 %conv3, i64 %conv7" [cpp/semgraph_slam/hls/registration_kernel_draft.cpp:116]   --->   Operation 387 'dmul' 'mul116_5_1' <Predicate = true> <Delay = 2.75> <CoreInst = "DMul_maxdsp">   --->   Core 49 'DMul_maxdsp' <Latency = 5> <II = 1> <Delay = 2.75> <FuncUnit> <Opcode : 'dmul'> <InPorts = 2> <OutPorts = 1>
ST_16 : Operation 388 [3/5] (2.89ns)   --->   "%jtj_acc = dadd i64 %mul149_3117_1, i64 0" [cpp/semgraph_slam/hls/registration_kernel_draft.cpp:130]   --->   Operation 388 'dadd' 'jtj_acc' <Predicate = true> <Delay = 2.89> <CoreInst = "DAddSub_fulldsp">   --->   Core 37 'DAddSub_fulldsp' <Latency = 4> <II = 1> <Delay = 2.89> <FuncUnit> <Opcode : 'dadd' 'dsub'> <InPorts = 2> <OutPorts = 1>
ST_16 : Operation 389 [2/5] (2.89ns)   --->   "%jtj_acc_3 = dadd i64 %jtj_acc_2, i64 %mul149_4128_2" [cpp/semgraph_slam/hls/registration_kernel_draft.cpp:130]   --->   Operation 389 'dadd' 'jtj_acc_3' <Predicate = true> <Delay = 2.89> <CoreInst = "DAddSub_fulldsp">   --->   Core 37 'DAddSub_fulldsp' <Latency = 4> <II = 1> <Delay = 2.89> <FuncUnit> <Opcode : 'dadd' 'dsub'> <InPorts = 2> <OutPorts = 1>
ST_16 : Operation 390 [1/5] (2.89ns)   --->   "%jtj_acc_5 = dadd i64 %jtj_acc_4, i64 %mul149_5139_1" [cpp/semgraph_slam/hls/registration_kernel_draft.cpp:130]   --->   Operation 390 'dadd' 'jtj_acc_5' <Predicate = true> <Delay = 2.89> <CoreInst = "DAddSub_fulldsp">   --->   Core 37 'DAddSub_fulldsp' <Latency = 4> <II = 1> <Delay = 2.89> <FuncUnit> <Opcode : 'dadd' 'dsub'> <InPorts = 2> <OutPorts = 1>
ST_16 : Operation 391 [4/5] (2.89ns)   --->   "%jtj_acc_8 = dadd i64 %jtj_acc_7, i64 %mul149_3117_2" [cpp/semgraph_slam/hls/registration_kernel_draft.cpp:130]   --->   Operation 391 'dadd' 'jtj_acc_8' <Predicate = true> <Delay = 2.89> <CoreInst = "DAddSub_fulldsp">   --->   Core 37 'DAddSub_fulldsp' <Latency = 4> <II = 1> <Delay = 2.89> <FuncUnit> <Opcode : 'dadd' 'dsub'> <InPorts = 2> <OutPorts = 1>
ST_16 : Operation 392 [3/5] (2.89ns)   --->   "%jtj_acc_9 = dadd i64 %mul149_1_3, i64 0" [cpp/semgraph_slam/hls/registration_kernel_draft.cpp:130]   --->   Operation 392 'dadd' 'jtj_acc_9' <Predicate = true> <Delay = 2.89> <CoreInst = "DAddSub_fulldsp">   --->   Core 37 'DAddSub_fulldsp' <Latency = 4> <II = 1> <Delay = 2.89> <FuncUnit> <Opcode : 'dadd' 'dsub'> <InPorts = 2> <OutPorts = 1>
ST_16 : Operation 393 [2/5] (2.89ns)   --->   "%jtj_acc_11 = dadd i64 %mul149_1_4, i64 0" [cpp/semgraph_slam/hls/registration_kernel_draft.cpp:130]   --->   Operation 393 'dadd' 'jtj_acc_11' <Predicate = true> <Delay = 2.89> <CoreInst = "DAddSub_fulldsp">   --->   Core 37 'DAddSub_fulldsp' <Latency = 4> <II = 1> <Delay = 2.89> <FuncUnit> <Opcode : 'dadd' 'dsub'> <InPorts = 2> <OutPorts = 1>
ST_16 : Operation 394 [3/5] (2.89ns)   --->   "%jtj_acc_18 = dadd i64 %mul149_3_s, i64 0" [cpp/semgraph_slam/hls/registration_kernel_draft.cpp:130]   --->   Operation 394 'dadd' 'jtj_acc_18' <Predicate = true> <Delay = 2.89> <CoreInst = "DAddSub_fulldsp">   --->   Core 37 'DAddSub_fulldsp' <Latency = 4> <II = 1> <Delay = 2.89> <FuncUnit> <Opcode : 'dadd' 'dsub'> <InPorts = 2> <OutPorts = 1>
ST_16 : Operation 395 [3/5] (2.89ns)   --->   "%jtj_acc_24 = dadd i64 %mul149_4, i64 0" [cpp/semgraph_slam/hls/registration_kernel_draft.cpp:130]   --->   Operation 395 'dadd' 'jtj_acc_24' <Predicate = true> <Delay = 2.89> <CoreInst = "DAddSub_fulldsp">   --->   Core 37 'DAddSub_fulldsp' <Latency = 4> <II = 1> <Delay = 2.89> <FuncUnit> <Opcode : 'dadd' 'dsub'> <InPorts = 2> <OutPorts = 1>
ST_16 : Operation 396 [3/5] (2.89ns)   --->   "%jtj_acc_26 = dadd i64 %mul149_4_1, i64 0" [cpp/semgraph_slam/hls/registration_kernel_draft.cpp:130]   --->   Operation 396 'dadd' 'jtj_acc_26' <Predicate = true> <Delay = 2.89> <CoreInst = "DAddSub_fulldsp">   --->   Core 37 'DAddSub_fulldsp' <Latency = 4> <II = 1> <Delay = 2.89> <FuncUnit> <Opcode : 'dadd' 'dsub'> <InPorts = 2> <OutPorts = 1>
ST_16 : Operation 397 [2/5] (2.89ns)   --->   "%jtj_acc_29 = dadd i64 %mul149_5, i64 0" [cpp/semgraph_slam/hls/registration_kernel_draft.cpp:130]   --->   Operation 397 'dadd' 'jtj_acc_29' <Predicate = true> <Delay = 2.89> <CoreInst = "DAddSub_fulldsp">   --->   Core 37 'DAddSub_fulldsp' <Latency = 4> <II = 1> <Delay = 2.89> <FuncUnit> <Opcode : 'dadd' 'dsub'> <InPorts = 2> <OutPorts = 1>

State 17 <SV = 16> <Delay = 2.89>
ST_17 : Operation 398 [1/5] (2.89ns)   --->   "%jtr_acc = dadd i64 %conv6, i64 0" [cpp/semgraph_slam/hls/registration_kernel_draft.cpp:116]   --->   Operation 398 'dadd' 'jtr_acc' <Predicate = true> <Delay = 2.89> <CoreInst = "DAddSub_fulldsp">   --->   Core 37 'DAddSub_fulldsp' <Latency = 4> <II = 1> <Delay = 2.89> <FuncUnit> <Opcode : 'dadd' 'dsub'> <InPorts = 2> <OutPorts = 1>
ST_17 : Operation 399 [4/6] (2.75ns)   --->   "%mul116_s = dmul i64 %conv7, i64 0" [cpp/semgraph_slam/hls/registration_kernel_draft.cpp:116]   --->   Operation 399 'dmul' 'mul116_s' <Predicate = true> <Delay = 2.75> <CoreInst = "DMul_maxdsp">   --->   Core 49 'DMul_maxdsp' <Latency = 5> <II = 1> <Delay = 2.75> <FuncUnit> <Opcode : 'dmul'> <InPorts = 2> <OutPorts = 1>
ST_17 : Operation 400 [5/6] (2.75ns)   --->   "%mul116_2 = dmul i64 %conv8, i64 0" [cpp/semgraph_slam/hls/registration_kernel_draft.cpp:116]   --->   Operation 400 'dmul' 'mul116_2' <Predicate = true> <Delay = 2.75> <CoreInst = "DMul_maxdsp">   --->   Core 49 'DMul_maxdsp' <Latency = 5> <II = 1> <Delay = 2.75> <FuncUnit> <Opcode : 'dmul'> <InPorts = 2> <OutPorts = 1>
ST_17 : Operation 401 [2/6] (2.75ns)   --->   "%mul116_1 = dmul i64 %conv6, i64 0" [cpp/semgraph_slam/hls/registration_kernel_draft.cpp:116]   --->   Operation 401 'dmul' 'mul116_1' <Predicate = true> <Delay = 2.75> <CoreInst = "DMul_maxdsp">   --->   Core 49 'DMul_maxdsp' <Latency = 5> <II = 1> <Delay = 2.75> <FuncUnit> <Opcode : 'dmul'> <InPorts = 2> <OutPorts = 1>
ST_17 : Operation 402 [4/6] (2.75ns)   --->   "%mul116_3_1 = dmul i64 %conv2, i64 %conv7" [cpp/semgraph_slam/hls/registration_kernel_draft.cpp:116]   --->   Operation 402 'dmul' 'mul116_3_1' <Predicate = true> <Delay = 2.75> <CoreInst = "DMul_maxdsp">   --->   Core 49 'DMul_maxdsp' <Latency = 5> <II = 1> <Delay = 2.75> <FuncUnit> <Opcode : 'dmul'> <InPorts = 2> <OutPorts = 1>
ST_17 : Operation 403 [5/6] (2.75ns)   --->   "%mul116_3_2 = dmul i64 %conv4, i64 %conv8" [cpp/semgraph_slam/hls/registration_kernel_draft.cpp:116]   --->   Operation 403 'dmul' 'mul116_3_2' <Predicate = true> <Delay = 2.75> <CoreInst = "DMul_maxdsp">   --->   Core 49 'DMul_maxdsp' <Latency = 5> <II = 1> <Delay = 2.75> <FuncUnit> <Opcode : 'dmul'> <InPorts = 2> <OutPorts = 1>
ST_17 : Operation 404 [2/6] (2.75ns)   --->   "%mul116_4 = dmul i64 %conv, i64 %conv6" [cpp/semgraph_slam/hls/registration_kernel_draft.cpp:116]   --->   Operation 404 'dmul' 'mul116_4' <Predicate = true> <Delay = 2.75> <CoreInst = "DMul_maxdsp">   --->   Core 49 'DMul_maxdsp' <Latency = 5> <II = 1> <Delay = 2.75> <FuncUnit> <Opcode : 'dmul'> <InPorts = 2> <OutPorts = 1>
ST_17 : Operation 405 [5/6] (2.75ns)   --->   "%mul116_4_2 = dmul i64 %conv5, i64 %conv8" [cpp/semgraph_slam/hls/registration_kernel_draft.cpp:116]   --->   Operation 405 'dmul' 'mul116_4_2' <Predicate = true> <Delay = 2.75> <CoreInst = "DMul_maxdsp">   --->   Core 49 'DMul_maxdsp' <Latency = 5> <II = 1> <Delay = 2.75> <FuncUnit> <Opcode : 'dmul'> <InPorts = 2> <OutPorts = 1>
ST_17 : Operation 406 [2/6] (2.75ns)   --->   "%mul116_5 = dmul i64 %conv1, i64 %conv6" [cpp/semgraph_slam/hls/registration_kernel_draft.cpp:116]   --->   Operation 406 'dmul' 'mul116_5' <Predicate = true> <Delay = 2.75> <CoreInst = "DMul_maxdsp">   --->   Core 49 'DMul_maxdsp' <Latency = 5> <II = 1> <Delay = 2.75> <FuncUnit> <Opcode : 'dmul'> <InPorts = 2> <OutPorts = 1>
ST_17 : Operation 407 [4/6] (2.75ns)   --->   "%mul116_5_1 = dmul i64 %conv3, i64 %conv7" [cpp/semgraph_slam/hls/registration_kernel_draft.cpp:116]   --->   Operation 407 'dmul' 'mul116_5_1' <Predicate = true> <Delay = 2.75> <CoreInst = "DMul_maxdsp">   --->   Core 49 'DMul_maxdsp' <Latency = 5> <II = 1> <Delay = 2.75> <FuncUnit> <Opcode : 'dmul'> <InPorts = 2> <OutPorts = 1>
ST_17 : Operation 408 [2/5] (2.89ns)   --->   "%jtj_acc = dadd i64 %mul149_3117_1, i64 0" [cpp/semgraph_slam/hls/registration_kernel_draft.cpp:130]   --->   Operation 408 'dadd' 'jtj_acc' <Predicate = true> <Delay = 2.89> <CoreInst = "DAddSub_fulldsp">   --->   Core 37 'DAddSub_fulldsp' <Latency = 4> <II = 1> <Delay = 2.89> <FuncUnit> <Opcode : 'dadd' 'dsub'> <InPorts = 2> <OutPorts = 1>
ST_17 : Operation 409 [1/5] (2.89ns)   --->   "%jtj_acc_3 = dadd i64 %jtj_acc_2, i64 %mul149_4128_2" [cpp/semgraph_slam/hls/registration_kernel_draft.cpp:130]   --->   Operation 409 'dadd' 'jtj_acc_3' <Predicate = true> <Delay = 2.89> <CoreInst = "DAddSub_fulldsp">   --->   Core 37 'DAddSub_fulldsp' <Latency = 4> <II = 1> <Delay = 2.89> <FuncUnit> <Opcode : 'dadd' 'dsub'> <InPorts = 2> <OutPorts = 1>
ST_17 : Operation 410 [5/5] (2.89ns)   --->   "%jtj_acc_6 = dadd i64 %jtj_acc_5, i64 0" [cpp/semgraph_slam/hls/registration_kernel_draft.cpp:130]   --->   Operation 410 'dadd' 'jtj_acc_6' <Predicate = true> <Delay = 2.89> <CoreInst = "DAddSub_fulldsp">   --->   Core 37 'DAddSub_fulldsp' <Latency = 4> <II = 1> <Delay = 2.89> <FuncUnit> <Opcode : 'dadd' 'dsub'> <InPorts = 2> <OutPorts = 1>
ST_17 : Operation 411 [3/5] (2.89ns)   --->   "%jtj_acc_8 = dadd i64 %jtj_acc_7, i64 %mul149_3117_2" [cpp/semgraph_slam/hls/registration_kernel_draft.cpp:130]   --->   Operation 411 'dadd' 'jtj_acc_8' <Predicate = true> <Delay = 2.89> <CoreInst = "DAddSub_fulldsp">   --->   Core 37 'DAddSub_fulldsp' <Latency = 4> <II = 1> <Delay = 2.89> <FuncUnit> <Opcode : 'dadd' 'dsub'> <InPorts = 2> <OutPorts = 1>
ST_17 : Operation 412 [2/5] (2.89ns)   --->   "%jtj_acc_9 = dadd i64 %mul149_1_3, i64 0" [cpp/semgraph_slam/hls/registration_kernel_draft.cpp:130]   --->   Operation 412 'dadd' 'jtj_acc_9' <Predicate = true> <Delay = 2.89> <CoreInst = "DAddSub_fulldsp">   --->   Core 37 'DAddSub_fulldsp' <Latency = 4> <II = 1> <Delay = 2.89> <FuncUnit> <Opcode : 'dadd' 'dsub'> <InPorts = 2> <OutPorts = 1>
ST_17 : Operation 413 [1/5] (2.89ns)   --->   "%jtj_acc_11 = dadd i64 %mul149_1_4, i64 0" [cpp/semgraph_slam/hls/registration_kernel_draft.cpp:130]   --->   Operation 413 'dadd' 'jtj_acc_11' <Predicate = true> <Delay = 2.89> <CoreInst = "DAddSub_fulldsp">   --->   Core 37 'DAddSub_fulldsp' <Latency = 4> <II = 1> <Delay = 2.89> <FuncUnit> <Opcode : 'dadd' 'dsub'> <InPorts = 2> <OutPorts = 1>
ST_17 : Operation 414 [2/5] (2.89ns)   --->   "%jtj_acc_18 = dadd i64 %mul149_3_s, i64 0" [cpp/semgraph_slam/hls/registration_kernel_draft.cpp:130]   --->   Operation 414 'dadd' 'jtj_acc_18' <Predicate = true> <Delay = 2.89> <CoreInst = "DAddSub_fulldsp">   --->   Core 37 'DAddSub_fulldsp' <Latency = 4> <II = 1> <Delay = 2.89> <FuncUnit> <Opcode : 'dadd' 'dsub'> <InPorts = 2> <OutPorts = 1>
ST_17 : Operation 415 [2/5] (2.89ns)   --->   "%jtj_acc_24 = dadd i64 %mul149_4, i64 0" [cpp/semgraph_slam/hls/registration_kernel_draft.cpp:130]   --->   Operation 415 'dadd' 'jtj_acc_24' <Predicate = true> <Delay = 2.89> <CoreInst = "DAddSub_fulldsp">   --->   Core 37 'DAddSub_fulldsp' <Latency = 4> <II = 1> <Delay = 2.89> <FuncUnit> <Opcode : 'dadd' 'dsub'> <InPorts = 2> <OutPorts = 1>
ST_17 : Operation 416 [2/5] (2.89ns)   --->   "%jtj_acc_26 = dadd i64 %mul149_4_1, i64 0" [cpp/semgraph_slam/hls/registration_kernel_draft.cpp:130]   --->   Operation 416 'dadd' 'jtj_acc_26' <Predicate = true> <Delay = 2.89> <CoreInst = "DAddSub_fulldsp">   --->   Core 37 'DAddSub_fulldsp' <Latency = 4> <II = 1> <Delay = 2.89> <FuncUnit> <Opcode : 'dadd' 'dsub'> <InPorts = 2> <OutPorts = 1>
ST_17 : Operation 417 [1/5] (2.89ns)   --->   "%jtj_acc_29 = dadd i64 %mul149_5, i64 0" [cpp/semgraph_slam/hls/registration_kernel_draft.cpp:130]   --->   Operation 417 'dadd' 'jtj_acc_29' <Predicate = true> <Delay = 2.89> <CoreInst = "DAddSub_fulldsp">   --->   Core 37 'DAddSub_fulldsp' <Latency = 4> <II = 1> <Delay = 2.89> <FuncUnit> <Opcode : 'dadd' 'dsub'> <InPorts = 2> <OutPorts = 1>

State 18 <SV = 17> <Delay = 2.89>
ST_18 : Operation 418 [3/6] (2.75ns)   --->   "%mul116_s = dmul i64 %conv7, i64 0" [cpp/semgraph_slam/hls/registration_kernel_draft.cpp:116]   --->   Operation 418 'dmul' 'mul116_s' <Predicate = true> <Delay = 2.75> <CoreInst = "DMul_maxdsp">   --->   Core 49 'DMul_maxdsp' <Latency = 5> <II = 1> <Delay = 2.75> <FuncUnit> <Opcode : 'dmul'> <InPorts = 2> <OutPorts = 1>
ST_18 : Operation 419 [4/6] (2.75ns)   --->   "%mul116_2 = dmul i64 %conv8, i64 0" [cpp/semgraph_slam/hls/registration_kernel_draft.cpp:116]   --->   Operation 419 'dmul' 'mul116_2' <Predicate = true> <Delay = 2.75> <CoreInst = "DMul_maxdsp">   --->   Core 49 'DMul_maxdsp' <Latency = 5> <II = 1> <Delay = 2.75> <FuncUnit> <Opcode : 'dmul'> <InPorts = 2> <OutPorts = 1>
ST_18 : Operation 420 [1/6] (2.75ns)   --->   "%mul116_1 = dmul i64 %conv6, i64 0" [cpp/semgraph_slam/hls/registration_kernel_draft.cpp:116]   --->   Operation 420 'dmul' 'mul116_1' <Predicate = true> <Delay = 2.75> <CoreInst = "DMul_maxdsp">   --->   Core 49 'DMul_maxdsp' <Latency = 5> <II = 1> <Delay = 2.75> <FuncUnit> <Opcode : 'dmul'> <InPorts = 2> <OutPorts = 1>
ST_18 : Operation 421 [3/6] (2.75ns)   --->   "%mul116_3_1 = dmul i64 %conv2, i64 %conv7" [cpp/semgraph_slam/hls/registration_kernel_draft.cpp:116]   --->   Operation 421 'dmul' 'mul116_3_1' <Predicate = true> <Delay = 2.75> <CoreInst = "DMul_maxdsp">   --->   Core 49 'DMul_maxdsp' <Latency = 5> <II = 1> <Delay = 2.75> <FuncUnit> <Opcode : 'dmul'> <InPorts = 2> <OutPorts = 1>
ST_18 : Operation 422 [4/6] (2.75ns)   --->   "%mul116_3_2 = dmul i64 %conv4, i64 %conv8" [cpp/semgraph_slam/hls/registration_kernel_draft.cpp:116]   --->   Operation 422 'dmul' 'mul116_3_2' <Predicate = true> <Delay = 2.75> <CoreInst = "DMul_maxdsp">   --->   Core 49 'DMul_maxdsp' <Latency = 5> <II = 1> <Delay = 2.75> <FuncUnit> <Opcode : 'dmul'> <InPorts = 2> <OutPorts = 1>
ST_18 : Operation 423 [1/6] (2.75ns)   --->   "%mul116_4 = dmul i64 %conv, i64 %conv6" [cpp/semgraph_slam/hls/registration_kernel_draft.cpp:116]   --->   Operation 423 'dmul' 'mul116_4' <Predicate = true> <Delay = 2.75> <CoreInst = "DMul_maxdsp">   --->   Core 49 'DMul_maxdsp' <Latency = 5> <II = 1> <Delay = 2.75> <FuncUnit> <Opcode : 'dmul'> <InPorts = 2> <OutPorts = 1>
ST_18 : Operation 424 [4/6] (2.75ns)   --->   "%mul116_4_2 = dmul i64 %conv5, i64 %conv8" [cpp/semgraph_slam/hls/registration_kernel_draft.cpp:116]   --->   Operation 424 'dmul' 'mul116_4_2' <Predicate = true> <Delay = 2.75> <CoreInst = "DMul_maxdsp">   --->   Core 49 'DMul_maxdsp' <Latency = 5> <II = 1> <Delay = 2.75> <FuncUnit> <Opcode : 'dmul'> <InPorts = 2> <OutPorts = 1>
ST_18 : Operation 425 [1/6] (2.75ns)   --->   "%mul116_5 = dmul i64 %conv1, i64 %conv6" [cpp/semgraph_slam/hls/registration_kernel_draft.cpp:116]   --->   Operation 425 'dmul' 'mul116_5' <Predicate = true> <Delay = 2.75> <CoreInst = "DMul_maxdsp">   --->   Core 49 'DMul_maxdsp' <Latency = 5> <II = 1> <Delay = 2.75> <FuncUnit> <Opcode : 'dmul'> <InPorts = 2> <OutPorts = 1>
ST_18 : Operation 426 [3/6] (2.75ns)   --->   "%mul116_5_1 = dmul i64 %conv3, i64 %conv7" [cpp/semgraph_slam/hls/registration_kernel_draft.cpp:116]   --->   Operation 426 'dmul' 'mul116_5_1' <Predicate = true> <Delay = 2.75> <CoreInst = "DMul_maxdsp">   --->   Core 49 'DMul_maxdsp' <Latency = 5> <II = 1> <Delay = 2.75> <FuncUnit> <Opcode : 'dmul'> <InPorts = 2> <OutPorts = 1>
ST_18 : Operation 427 [1/5] (2.89ns)   --->   "%jtj_acc = dadd i64 %mul149_3117_1, i64 0" [cpp/semgraph_slam/hls/registration_kernel_draft.cpp:130]   --->   Operation 427 'dadd' 'jtj_acc' <Predicate = true> <Delay = 2.89> <CoreInst = "DAddSub_fulldsp">   --->   Core 37 'DAddSub_fulldsp' <Latency = 4> <II = 1> <Delay = 2.89> <FuncUnit> <Opcode : 'dadd' 'dsub'> <InPorts = 2> <OutPorts = 1>
ST_18 : Operation 428 [4/5] (2.89ns)   --->   "%jtj_acc_6 = dadd i64 %jtj_acc_5, i64 0" [cpp/semgraph_slam/hls/registration_kernel_draft.cpp:130]   --->   Operation 428 'dadd' 'jtj_acc_6' <Predicate = true> <Delay = 2.89> <CoreInst = "DAddSub_fulldsp">   --->   Core 37 'DAddSub_fulldsp' <Latency = 4> <II = 1> <Delay = 2.89> <FuncUnit> <Opcode : 'dadd' 'dsub'> <InPorts = 2> <OutPorts = 1>
ST_18 : Operation 429 [2/5] (2.89ns)   --->   "%jtj_acc_8 = dadd i64 %jtj_acc_7, i64 %mul149_3117_2" [cpp/semgraph_slam/hls/registration_kernel_draft.cpp:130]   --->   Operation 429 'dadd' 'jtj_acc_8' <Predicate = true> <Delay = 2.89> <CoreInst = "DAddSub_fulldsp">   --->   Core 37 'DAddSub_fulldsp' <Latency = 4> <II = 1> <Delay = 2.89> <FuncUnit> <Opcode : 'dadd' 'dsub'> <InPorts = 2> <OutPorts = 1>
ST_18 : Operation 430 [1/5] (2.89ns)   --->   "%jtj_acc_9 = dadd i64 %mul149_1_3, i64 0" [cpp/semgraph_slam/hls/registration_kernel_draft.cpp:130]   --->   Operation 430 'dadd' 'jtj_acc_9' <Predicate = true> <Delay = 2.89> <CoreInst = "DAddSub_fulldsp">   --->   Core 37 'DAddSub_fulldsp' <Latency = 4> <II = 1> <Delay = 2.89> <FuncUnit> <Opcode : 'dadd' 'dsub'> <InPorts = 2> <OutPorts = 1>
ST_18 : Operation 431 [5/5] (2.89ns)   --->   "%jtj_acc_12 = dadd i64 %jtj_acc_11, i64 %conv3" [cpp/semgraph_slam/hls/registration_kernel_draft.cpp:130]   --->   Operation 431 'dadd' 'jtj_acc_12' <Predicate = true> <Delay = 2.89> <CoreInst = "DAddSub_fulldsp">   --->   Core 37 'DAddSub_fulldsp' <Latency = 4> <II = 1> <Delay = 2.89> <FuncUnit> <Opcode : 'dadd' 'dsub'> <InPorts = 2> <OutPorts = 1>
ST_18 : Operation 432 [5/5] (2.89ns)   --->   "%jtj_acc_16 = dadd i64 %jtj_acc_11, i64 %mul149_5139_1" [cpp/semgraph_slam/hls/registration_kernel_draft.cpp:130]   --->   Operation 432 'dadd' 'jtj_acc_16' <Predicate = true> <Delay = 2.89> <CoreInst = "DAddSub_fulldsp">   --->   Core 37 'DAddSub_fulldsp' <Latency = 4> <II = 1> <Delay = 2.89> <FuncUnit> <Opcode : 'dadd' 'dsub'> <InPorts = 2> <OutPorts = 1>
ST_18 : Operation 433 [1/5] (2.89ns)   --->   "%jtj_acc_18 = dadd i64 %mul149_3_s, i64 0" [cpp/semgraph_slam/hls/registration_kernel_draft.cpp:130]   --->   Operation 433 'dadd' 'jtj_acc_18' <Predicate = true> <Delay = 2.89> <CoreInst = "DAddSub_fulldsp">   --->   Core 37 'DAddSub_fulldsp' <Latency = 4> <II = 1> <Delay = 2.89> <FuncUnit> <Opcode : 'dadd' 'dsub'> <InPorts = 2> <OutPorts = 1>
ST_18 : Operation 434 [5/5] (2.89ns)   --->   "%jtj_acc_22 = dadd i64 %jtj_acc_11, i64 %mul149_3_2_1" [cpp/semgraph_slam/hls/registration_kernel_draft.cpp:130]   --->   Operation 434 'dadd' 'jtj_acc_22' <Predicate = true> <Delay = 2.89> <CoreInst = "DAddSub_fulldsp">   --->   Core 37 'DAddSub_fulldsp' <Latency = 4> <II = 1> <Delay = 2.89> <FuncUnit> <Opcode : 'dadd' 'dsub'> <InPorts = 2> <OutPorts = 1>
ST_18 : Operation 435 [1/5] (2.89ns)   --->   "%jtj_acc_24 = dadd i64 %mul149_4, i64 0" [cpp/semgraph_slam/hls/registration_kernel_draft.cpp:130]   --->   Operation 435 'dadd' 'jtj_acc_24' <Predicate = true> <Delay = 2.89> <CoreInst = "DAddSub_fulldsp">   --->   Core 37 'DAddSub_fulldsp' <Latency = 4> <II = 1> <Delay = 2.89> <FuncUnit> <Opcode : 'dadd' 'dsub'> <InPorts = 2> <OutPorts = 1>
ST_18 : Operation 436 [1/5] (2.89ns)   --->   "%jtj_acc_26 = dadd i64 %mul149_4_1, i64 0" [cpp/semgraph_slam/hls/registration_kernel_draft.cpp:130]   --->   Operation 436 'dadd' 'jtj_acc_26' <Predicate = true> <Delay = 2.89> <CoreInst = "DAddSub_fulldsp">   --->   Core 37 'DAddSub_fulldsp' <Latency = 4> <II = 1> <Delay = 2.89> <FuncUnit> <Opcode : 'dadd' 'dsub'> <InPorts = 2> <OutPorts = 1>
ST_18 : Operation 437 [5/5] (2.89ns)   --->   "%jtj_acc_30 = dadd i64 %jtj_acc_29, i64 %mul149_5_1" [cpp/semgraph_slam/hls/registration_kernel_draft.cpp:130]   --->   Operation 437 'dadd' 'jtj_acc_30' <Predicate = true> <Delay = 2.89> <CoreInst = "DAddSub_fulldsp">   --->   Core 37 'DAddSub_fulldsp' <Latency = 4> <II = 1> <Delay = 2.89> <FuncUnit> <Opcode : 'dadd' 'dsub'> <InPorts = 2> <OutPorts = 1>

State 19 <SV = 18> <Delay = 2.89>
ST_19 : Operation 438 [7/7] (2.34ns)   --->   "%add = fadd i32 %mul, i32 %mul1" [cpp/semgraph_slam/hls/registration_kernel_draft.cpp:92]   --->   Operation 438 'fadd' 'add' <Predicate = (!icmp_ln70)> <Delay = 2.34> <CoreInst = "FAddSub_fulldsp">   --->   Core 18 'FAddSub_fulldsp' <Latency = 6> <II = 1> <Delay = 2.34> <FuncUnit> <Opcode : 'fadd' 'fsub'> <InPorts = 2> <OutPorts = 1>
ST_19 : Operation 439 [2/6] (2.75ns)   --->   "%mul116_s = dmul i64 %conv7, i64 0" [cpp/semgraph_slam/hls/registration_kernel_draft.cpp:116]   --->   Operation 439 'dmul' 'mul116_s' <Predicate = true> <Delay = 2.75> <CoreInst = "DMul_maxdsp">   --->   Core 49 'DMul_maxdsp' <Latency = 5> <II = 1> <Delay = 2.75> <FuncUnit> <Opcode : 'dmul'> <InPorts = 2> <OutPorts = 1>
ST_19 : Operation 440 [3/6] (2.75ns)   --->   "%mul116_2 = dmul i64 %conv8, i64 0" [cpp/semgraph_slam/hls/registration_kernel_draft.cpp:116]   --->   Operation 440 'dmul' 'mul116_2' <Predicate = true> <Delay = 2.75> <CoreInst = "DMul_maxdsp">   --->   Core 49 'DMul_maxdsp' <Latency = 5> <II = 1> <Delay = 2.75> <FuncUnit> <Opcode : 'dmul'> <InPorts = 2> <OutPorts = 1>
ST_19 : Operation 441 [5/5] (2.89ns)   --->   "%jtr_acc_3 = dadd i64 %mul116_1, i64 0" [cpp/semgraph_slam/hls/registration_kernel_draft.cpp:116]   --->   Operation 441 'dadd' 'jtr_acc_3' <Predicate = true> <Delay = 2.89> <CoreInst = "DAddSub_fulldsp">   --->   Core 37 'DAddSub_fulldsp' <Latency = 4> <II = 1> <Delay = 2.89> <FuncUnit> <Opcode : 'dadd' 'dsub'> <InPorts = 2> <OutPorts = 1>
ST_19 : Operation 442 [2/6] (2.75ns)   --->   "%mul116_3_1 = dmul i64 %conv2, i64 %conv7" [cpp/semgraph_slam/hls/registration_kernel_draft.cpp:116]   --->   Operation 442 'dmul' 'mul116_3_1' <Predicate = true> <Delay = 2.75> <CoreInst = "DMul_maxdsp">   --->   Core 49 'DMul_maxdsp' <Latency = 5> <II = 1> <Delay = 2.75> <FuncUnit> <Opcode : 'dmul'> <InPorts = 2> <OutPorts = 1>
ST_19 : Operation 443 [3/6] (2.75ns)   --->   "%mul116_3_2 = dmul i64 %conv4, i64 %conv8" [cpp/semgraph_slam/hls/registration_kernel_draft.cpp:116]   --->   Operation 443 'dmul' 'mul116_3_2' <Predicate = true> <Delay = 2.75> <CoreInst = "DMul_maxdsp">   --->   Core 49 'DMul_maxdsp' <Latency = 5> <II = 1> <Delay = 2.75> <FuncUnit> <Opcode : 'dmul'> <InPorts = 2> <OutPorts = 1>
ST_19 : Operation 444 [5/5] (2.89ns)   --->   "%jtr_acc_10 = dadd i64 %mul116_4, i64 0" [cpp/semgraph_slam/hls/registration_kernel_draft.cpp:116]   --->   Operation 444 'dadd' 'jtr_acc_10' <Predicate = true> <Delay = 2.89> <CoreInst = "DAddSub_fulldsp">   --->   Core 37 'DAddSub_fulldsp' <Latency = 4> <II = 1> <Delay = 2.89> <FuncUnit> <Opcode : 'dadd' 'dsub'> <InPorts = 2> <OutPorts = 1>
ST_19 : Operation 445 [3/6] (2.75ns)   --->   "%mul116_4_2 = dmul i64 %conv5, i64 %conv8" [cpp/semgraph_slam/hls/registration_kernel_draft.cpp:116]   --->   Operation 445 'dmul' 'mul116_4_2' <Predicate = true> <Delay = 2.75> <CoreInst = "DMul_maxdsp">   --->   Core 49 'DMul_maxdsp' <Latency = 5> <II = 1> <Delay = 2.75> <FuncUnit> <Opcode : 'dmul'> <InPorts = 2> <OutPorts = 1>
ST_19 : Operation 446 [5/5] (2.89ns)   --->   "%jtr_acc_13 = dadd i64 %mul116_5, i64 0" [cpp/semgraph_slam/hls/registration_kernel_draft.cpp:116]   --->   Operation 446 'dadd' 'jtr_acc_13' <Predicate = true> <Delay = 2.89> <CoreInst = "DAddSub_fulldsp">   --->   Core 37 'DAddSub_fulldsp' <Latency = 4> <II = 1> <Delay = 2.89> <FuncUnit> <Opcode : 'dadd' 'dsub'> <InPorts = 2> <OutPorts = 1>
ST_19 : Operation 447 [2/6] (2.75ns)   --->   "%mul116_5_1 = dmul i64 %conv3, i64 %conv7" [cpp/semgraph_slam/hls/registration_kernel_draft.cpp:116]   --->   Operation 447 'dmul' 'mul116_5_1' <Predicate = true> <Delay = 2.75> <CoreInst = "DMul_maxdsp">   --->   Core 49 'DMul_maxdsp' <Latency = 5> <II = 1> <Delay = 2.75> <FuncUnit> <Opcode : 'dmul'> <InPorts = 2> <OutPorts = 1>
ST_19 : Operation 448 [5/5] (2.89ns)   --->   "%jtj_acc_1 = dadd i64 %jtj_acc, i64 %mul149_3117_2" [cpp/semgraph_slam/hls/registration_kernel_draft.cpp:130]   --->   Operation 448 'dadd' 'jtj_acc_1' <Predicate = true> <Delay = 2.89> <CoreInst = "DAddSub_fulldsp">   --->   Core 37 'DAddSub_fulldsp' <Latency = 4> <II = 1> <Delay = 2.89> <FuncUnit> <Opcode : 'dadd' 'dsub'> <InPorts = 2> <OutPorts = 1>
ST_19 : Operation 449 [3/5] (2.89ns)   --->   "%jtj_acc_6 = dadd i64 %jtj_acc_5, i64 0" [cpp/semgraph_slam/hls/registration_kernel_draft.cpp:130]   --->   Operation 449 'dadd' 'jtj_acc_6' <Predicate = true> <Delay = 2.89> <CoreInst = "DAddSub_fulldsp">   --->   Core 37 'DAddSub_fulldsp' <Latency = 4> <II = 1> <Delay = 2.89> <FuncUnit> <Opcode : 'dadd' 'dsub'> <InPorts = 2> <OutPorts = 1>
ST_19 : Operation 450 [1/5] (2.89ns)   --->   "%jtj_acc_8 = dadd i64 %jtj_acc_7, i64 %mul149_3117_2" [cpp/semgraph_slam/hls/registration_kernel_draft.cpp:130]   --->   Operation 450 'dadd' 'jtj_acc_8' <Predicate = true> <Delay = 2.89> <CoreInst = "DAddSub_fulldsp">   --->   Core 37 'DAddSub_fulldsp' <Latency = 4> <II = 1> <Delay = 2.89> <FuncUnit> <Opcode : 'dadd' 'dsub'> <InPorts = 2> <OutPorts = 1>
ST_19 : Operation 451 [5/5] (2.89ns)   --->   "%jtj_acc_10 = dadd i64 %jtj_acc_9, i64 %mul149_4128_2" [cpp/semgraph_slam/hls/registration_kernel_draft.cpp:130]   --->   Operation 451 'dadd' 'jtj_acc_10' <Predicate = true> <Delay = 2.89> <CoreInst = "DAddSub_fulldsp">   --->   Core 37 'DAddSub_fulldsp' <Latency = 4> <II = 1> <Delay = 2.89> <FuncUnit> <Opcode : 'dadd' 'dsub'> <InPorts = 2> <OutPorts = 1>
ST_19 : Operation 452 [4/5] (2.89ns)   --->   "%jtj_acc_12 = dadd i64 %jtj_acc_11, i64 %conv3" [cpp/semgraph_slam/hls/registration_kernel_draft.cpp:130]   --->   Operation 452 'dadd' 'jtj_acc_12' <Predicate = true> <Delay = 2.89> <CoreInst = "DAddSub_fulldsp">   --->   Core 37 'DAddSub_fulldsp' <Latency = 4> <II = 1> <Delay = 2.89> <FuncUnit> <Opcode : 'dadd' 'dsub'> <InPorts = 2> <OutPorts = 1>
ST_19 : Operation 453 [5/5] (2.89ns)   --->   "%jtj_acc_14 = dadd i64 %jtj_acc, i64 %conv4" [cpp/semgraph_slam/hls/registration_kernel_draft.cpp:130]   --->   Operation 453 'dadd' 'jtj_acc_14' <Predicate = true> <Delay = 2.89> <CoreInst = "DAddSub_fulldsp">   --->   Core 37 'DAddSub_fulldsp' <Latency = 4> <II = 1> <Delay = 2.89> <FuncUnit> <Opcode : 'dadd' 'dsub'> <InPorts = 2> <OutPorts = 1>
ST_19 : Operation 454 [4/5] (2.89ns)   --->   "%jtj_acc_16 = dadd i64 %jtj_acc_11, i64 %mul149_5139_1" [cpp/semgraph_slam/hls/registration_kernel_draft.cpp:130]   --->   Operation 454 'dadd' 'jtj_acc_16' <Predicate = true> <Delay = 2.89> <CoreInst = "DAddSub_fulldsp">   --->   Core 37 'DAddSub_fulldsp' <Latency = 4> <II = 1> <Delay = 2.89> <FuncUnit> <Opcode : 'dadd' 'dsub'> <InPorts = 2> <OutPorts = 1>
ST_19 : Operation 455 [5/5] (2.89ns)   --->   "%jtj_acc_20 = dadd i64 %jtj_acc_9, i64 %mul149_3117_1" [cpp/semgraph_slam/hls/registration_kernel_draft.cpp:130]   --->   Operation 455 'dadd' 'jtj_acc_20' <Predicate = true> <Delay = 2.89> <CoreInst = "DAddSub_fulldsp">   --->   Core 37 'DAddSub_fulldsp' <Latency = 4> <II = 1> <Delay = 2.89> <FuncUnit> <Opcode : 'dadd' 'dsub'> <InPorts = 2> <OutPorts = 1>
ST_19 : Operation 456 [4/5] (2.89ns)   --->   "%jtj_acc_22 = dadd i64 %jtj_acc_11, i64 %mul149_3_2_1" [cpp/semgraph_slam/hls/registration_kernel_draft.cpp:130]   --->   Operation 456 'dadd' 'jtj_acc_22' <Predicate = true> <Delay = 2.89> <CoreInst = "DAddSub_fulldsp">   --->   Core 37 'DAddSub_fulldsp' <Latency = 4> <II = 1> <Delay = 2.89> <FuncUnit> <Opcode : 'dadd' 'dsub'> <InPorts = 2> <OutPorts = 1>
ST_19 : Operation 457 [5/5] (2.89ns)   --->   "%jtj_acc_27 = dadd i64 %jtj_acc_26, i64 %mul149_5139_1" [cpp/semgraph_slam/hls/registration_kernel_draft.cpp:130]   --->   Operation 457 'dadd' 'jtj_acc_27' <Predicate = true> <Delay = 2.89> <CoreInst = "DAddSub_fulldsp">   --->   Core 37 'DAddSub_fulldsp' <Latency = 4> <II = 1> <Delay = 2.89> <FuncUnit> <Opcode : 'dadd' 'dsub'> <InPorts = 2> <OutPorts = 1>
ST_19 : Operation 458 [4/5] (2.89ns)   --->   "%jtj_acc_30 = dadd i64 %jtj_acc_29, i64 %mul149_5_1" [cpp/semgraph_slam/hls/registration_kernel_draft.cpp:130]   --->   Operation 458 'dadd' 'jtj_acc_30' <Predicate = true> <Delay = 2.89> <CoreInst = "DAddSub_fulldsp">   --->   Core 37 'DAddSub_fulldsp' <Latency = 4> <II = 1> <Delay = 2.89> <FuncUnit> <Opcode : 'dadd' 'dsub'> <InPorts = 2> <OutPorts = 1>

State 20 <SV = 19> <Delay = 2.89>
ST_20 : Operation 459 [6/7] (2.34ns)   --->   "%add = fadd i32 %mul, i32 %mul1" [cpp/semgraph_slam/hls/registration_kernel_draft.cpp:92]   --->   Operation 459 'fadd' 'add' <Predicate = (!icmp_ln70)> <Delay = 2.34> <CoreInst = "FAddSub_fulldsp">   --->   Core 18 'FAddSub_fulldsp' <Latency = 6> <II = 1> <Delay = 2.34> <FuncUnit> <Opcode : 'fadd' 'fsub'> <InPorts = 2> <OutPorts = 1>
ST_20 : Operation 460 [1/6] (2.75ns)   --->   "%mul116_s = dmul i64 %conv7, i64 0" [cpp/semgraph_slam/hls/registration_kernel_draft.cpp:116]   --->   Operation 460 'dmul' 'mul116_s' <Predicate = true> <Delay = 2.75> <CoreInst = "DMul_maxdsp">   --->   Core 49 'DMul_maxdsp' <Latency = 5> <II = 1> <Delay = 2.75> <FuncUnit> <Opcode : 'dmul'> <InPorts = 2> <OutPorts = 1>
ST_20 : Operation 461 [2/6] (2.75ns)   --->   "%mul116_2 = dmul i64 %conv8, i64 0" [cpp/semgraph_slam/hls/registration_kernel_draft.cpp:116]   --->   Operation 461 'dmul' 'mul116_2' <Predicate = true> <Delay = 2.75> <CoreInst = "DMul_maxdsp">   --->   Core 49 'DMul_maxdsp' <Latency = 5> <II = 1> <Delay = 2.75> <FuncUnit> <Opcode : 'dmul'> <InPorts = 2> <OutPorts = 1>
ST_20 : Operation 462 [4/5] (2.89ns)   --->   "%jtr_acc_3 = dadd i64 %mul116_1, i64 0" [cpp/semgraph_slam/hls/registration_kernel_draft.cpp:116]   --->   Operation 462 'dadd' 'jtr_acc_3' <Predicate = true> <Delay = 2.89> <CoreInst = "DAddSub_fulldsp">   --->   Core 37 'DAddSub_fulldsp' <Latency = 4> <II = 1> <Delay = 2.89> <FuncUnit> <Opcode : 'dadd' 'dsub'> <InPorts = 2> <OutPorts = 1>
ST_20 : Operation 463 [1/6] (2.75ns)   --->   "%mul116_3_1 = dmul i64 %conv2, i64 %conv7" [cpp/semgraph_slam/hls/registration_kernel_draft.cpp:116]   --->   Operation 463 'dmul' 'mul116_3_1' <Predicate = true> <Delay = 2.75> <CoreInst = "DMul_maxdsp">   --->   Core 49 'DMul_maxdsp' <Latency = 5> <II = 1> <Delay = 2.75> <FuncUnit> <Opcode : 'dmul'> <InPorts = 2> <OutPorts = 1>
ST_20 : Operation 464 [2/6] (2.75ns)   --->   "%mul116_3_2 = dmul i64 %conv4, i64 %conv8" [cpp/semgraph_slam/hls/registration_kernel_draft.cpp:116]   --->   Operation 464 'dmul' 'mul116_3_2' <Predicate = true> <Delay = 2.75> <CoreInst = "DMul_maxdsp">   --->   Core 49 'DMul_maxdsp' <Latency = 5> <II = 1> <Delay = 2.75> <FuncUnit> <Opcode : 'dmul'> <InPorts = 2> <OutPorts = 1>
ST_20 : Operation 465 [4/5] (2.89ns)   --->   "%jtr_acc_10 = dadd i64 %mul116_4, i64 0" [cpp/semgraph_slam/hls/registration_kernel_draft.cpp:116]   --->   Operation 465 'dadd' 'jtr_acc_10' <Predicate = true> <Delay = 2.89> <CoreInst = "DAddSub_fulldsp">   --->   Core 37 'DAddSub_fulldsp' <Latency = 4> <II = 1> <Delay = 2.89> <FuncUnit> <Opcode : 'dadd' 'dsub'> <InPorts = 2> <OutPorts = 1>
ST_20 : Operation 466 [2/6] (2.75ns)   --->   "%mul116_4_2 = dmul i64 %conv5, i64 %conv8" [cpp/semgraph_slam/hls/registration_kernel_draft.cpp:116]   --->   Operation 466 'dmul' 'mul116_4_2' <Predicate = true> <Delay = 2.75> <CoreInst = "DMul_maxdsp">   --->   Core 49 'DMul_maxdsp' <Latency = 5> <II = 1> <Delay = 2.75> <FuncUnit> <Opcode : 'dmul'> <InPorts = 2> <OutPorts = 1>
ST_20 : Operation 467 [4/5] (2.89ns)   --->   "%jtr_acc_13 = dadd i64 %mul116_5, i64 0" [cpp/semgraph_slam/hls/registration_kernel_draft.cpp:116]   --->   Operation 467 'dadd' 'jtr_acc_13' <Predicate = true> <Delay = 2.89> <CoreInst = "DAddSub_fulldsp">   --->   Core 37 'DAddSub_fulldsp' <Latency = 4> <II = 1> <Delay = 2.89> <FuncUnit> <Opcode : 'dadd' 'dsub'> <InPorts = 2> <OutPorts = 1>
ST_20 : Operation 468 [1/6] (2.75ns)   --->   "%mul116_5_1 = dmul i64 %conv3, i64 %conv7" [cpp/semgraph_slam/hls/registration_kernel_draft.cpp:116]   --->   Operation 468 'dmul' 'mul116_5_1' <Predicate = true> <Delay = 2.75> <CoreInst = "DMul_maxdsp">   --->   Core 49 'DMul_maxdsp' <Latency = 5> <II = 1> <Delay = 2.75> <FuncUnit> <Opcode : 'dmul'> <InPorts = 2> <OutPorts = 1>
ST_20 : Operation 469 [4/5] (2.89ns)   --->   "%jtj_acc_1 = dadd i64 %jtj_acc, i64 %mul149_3117_2" [cpp/semgraph_slam/hls/registration_kernel_draft.cpp:130]   --->   Operation 469 'dadd' 'jtj_acc_1' <Predicate = true> <Delay = 2.89> <CoreInst = "DAddSub_fulldsp">   --->   Core 37 'DAddSub_fulldsp' <Latency = 4> <II = 1> <Delay = 2.89> <FuncUnit> <Opcode : 'dadd' 'dsub'> <InPorts = 2> <OutPorts = 1>
ST_20 : Operation 470 [2/5] (2.89ns)   --->   "%jtj_acc_6 = dadd i64 %jtj_acc_5, i64 0" [cpp/semgraph_slam/hls/registration_kernel_draft.cpp:130]   --->   Operation 470 'dadd' 'jtj_acc_6' <Predicate = true> <Delay = 2.89> <CoreInst = "DAddSub_fulldsp">   --->   Core 37 'DAddSub_fulldsp' <Latency = 4> <II = 1> <Delay = 2.89> <FuncUnit> <Opcode : 'dadd' 'dsub'> <InPorts = 2> <OutPorts = 1>
ST_20 : Operation 471 [4/5] (2.89ns)   --->   "%jtj_acc_10 = dadd i64 %jtj_acc_9, i64 %mul149_4128_2" [cpp/semgraph_slam/hls/registration_kernel_draft.cpp:130]   --->   Operation 471 'dadd' 'jtj_acc_10' <Predicate = true> <Delay = 2.89> <CoreInst = "DAddSub_fulldsp">   --->   Core 37 'DAddSub_fulldsp' <Latency = 4> <II = 1> <Delay = 2.89> <FuncUnit> <Opcode : 'dadd' 'dsub'> <InPorts = 2> <OutPorts = 1>
ST_20 : Operation 472 [3/5] (2.89ns)   --->   "%jtj_acc_12 = dadd i64 %jtj_acc_11, i64 %conv3" [cpp/semgraph_slam/hls/registration_kernel_draft.cpp:130]   --->   Operation 472 'dadd' 'jtj_acc_12' <Predicate = true> <Delay = 2.89> <CoreInst = "DAddSub_fulldsp">   --->   Core 37 'DAddSub_fulldsp' <Latency = 4> <II = 1> <Delay = 2.89> <FuncUnit> <Opcode : 'dadd' 'dsub'> <InPorts = 2> <OutPorts = 1>
ST_20 : Operation 473 [4/5] (2.89ns)   --->   "%jtj_acc_14 = dadd i64 %jtj_acc, i64 %conv4" [cpp/semgraph_slam/hls/registration_kernel_draft.cpp:130]   --->   Operation 473 'dadd' 'jtj_acc_14' <Predicate = true> <Delay = 2.89> <CoreInst = "DAddSub_fulldsp">   --->   Core 37 'DAddSub_fulldsp' <Latency = 4> <II = 1> <Delay = 2.89> <FuncUnit> <Opcode : 'dadd' 'dsub'> <InPorts = 2> <OutPorts = 1>
ST_20 : Operation 474 [5/5] (2.89ns)   --->   "%jtj_acc_15 = dadd i64 %jtj_acc_9, i64 %conv5" [cpp/semgraph_slam/hls/registration_kernel_draft.cpp:130]   --->   Operation 474 'dadd' 'jtj_acc_15' <Predicate = true> <Delay = 2.89> <CoreInst = "DAddSub_fulldsp">   --->   Core 37 'DAddSub_fulldsp' <Latency = 4> <II = 1> <Delay = 2.89> <FuncUnit> <Opcode : 'dadd' 'dsub'> <InPorts = 2> <OutPorts = 1>
ST_20 : Operation 475 [3/5] (2.89ns)   --->   "%jtj_acc_16 = dadd i64 %jtj_acc_11, i64 %mul149_5139_1" [cpp/semgraph_slam/hls/registration_kernel_draft.cpp:130]   --->   Operation 475 'dadd' 'jtj_acc_16' <Predicate = true> <Delay = 2.89> <CoreInst = "DAddSub_fulldsp">   --->   Core 37 'DAddSub_fulldsp' <Latency = 4> <II = 1> <Delay = 2.89> <FuncUnit> <Opcode : 'dadd' 'dsub'> <InPorts = 2> <OutPorts = 1>
ST_20 : Operation 476 [5/5] (2.89ns)   --->   "%jtj_acc_19 = dadd i64 %jtj_acc_18, i64 %mul149_3_1" [cpp/semgraph_slam/hls/registration_kernel_draft.cpp:130]   --->   Operation 476 'dadd' 'jtj_acc_19' <Predicate = true> <Delay = 2.89> <CoreInst = "DAddSub_fulldsp">   --->   Core 37 'DAddSub_fulldsp' <Latency = 4> <II = 1> <Delay = 2.89> <FuncUnit> <Opcode : 'dadd' 'dsub'> <InPorts = 2> <OutPorts = 1>
ST_20 : Operation 477 [4/5] (2.89ns)   --->   "%jtj_acc_20 = dadd i64 %jtj_acc_9, i64 %mul149_3117_1" [cpp/semgraph_slam/hls/registration_kernel_draft.cpp:130]   --->   Operation 477 'dadd' 'jtj_acc_20' <Predicate = true> <Delay = 2.89> <CoreInst = "DAddSub_fulldsp">   --->   Core 37 'DAddSub_fulldsp' <Latency = 4> <II = 1> <Delay = 2.89> <FuncUnit> <Opcode : 'dadd' 'dsub'> <InPorts = 2> <OutPorts = 1>
ST_20 : Operation 478 [3/5] (2.89ns)   --->   "%jtj_acc_22 = dadd i64 %jtj_acc_11, i64 %mul149_3_2_1" [cpp/semgraph_slam/hls/registration_kernel_draft.cpp:130]   --->   Operation 478 'dadd' 'jtj_acc_22' <Predicate = true> <Delay = 2.89> <CoreInst = "DAddSub_fulldsp">   --->   Core 37 'DAddSub_fulldsp' <Latency = 4> <II = 1> <Delay = 2.89> <FuncUnit> <Opcode : 'dadd' 'dsub'> <InPorts = 2> <OutPorts = 1>
ST_20 : Operation 479 [5/5] (2.89ns)   --->   "%jtj_acc_25 = dadd i64 %jtj_acc_24, i64 %mul149_4_2" [cpp/semgraph_slam/hls/registration_kernel_draft.cpp:130]   --->   Operation 479 'dadd' 'jtj_acc_25' <Predicate = true> <Delay = 2.89> <CoreInst = "DAddSub_fulldsp">   --->   Core 37 'DAddSub_fulldsp' <Latency = 4> <II = 1> <Delay = 2.89> <FuncUnit> <Opcode : 'dadd' 'dsub'> <InPorts = 2> <OutPorts = 1>
ST_20 : Operation 480 [4/5] (2.89ns)   --->   "%jtj_acc_27 = dadd i64 %jtj_acc_26, i64 %mul149_5139_1" [cpp/semgraph_slam/hls/registration_kernel_draft.cpp:130]   --->   Operation 480 'dadd' 'jtj_acc_27' <Predicate = true> <Delay = 2.89> <CoreInst = "DAddSub_fulldsp">   --->   Core 37 'DAddSub_fulldsp' <Latency = 4> <II = 1> <Delay = 2.89> <FuncUnit> <Opcode : 'dadd' 'dsub'> <InPorts = 2> <OutPorts = 1>
ST_20 : Operation 481 [3/5] (2.89ns)   --->   "%jtj_acc_30 = dadd i64 %jtj_acc_29, i64 %mul149_5_1" [cpp/semgraph_slam/hls/registration_kernel_draft.cpp:130]   --->   Operation 481 'dadd' 'jtj_acc_30' <Predicate = true> <Delay = 2.89> <CoreInst = "DAddSub_fulldsp">   --->   Core 37 'DAddSub_fulldsp' <Latency = 4> <II = 1> <Delay = 2.89> <FuncUnit> <Opcode : 'dadd' 'dsub'> <InPorts = 2> <OutPorts = 1>

State 21 <SV = 20> <Delay = 2.89>
ST_21 : Operation 482 [5/7] (2.34ns)   --->   "%add = fadd i32 %mul, i32 %mul1" [cpp/semgraph_slam/hls/registration_kernel_draft.cpp:92]   --->   Operation 482 'fadd' 'add' <Predicate = (!icmp_ln70)> <Delay = 2.34> <CoreInst = "FAddSub_fulldsp">   --->   Core 18 'FAddSub_fulldsp' <Latency = 6> <II = 1> <Delay = 2.34> <FuncUnit> <Opcode : 'fadd' 'fsub'> <InPorts = 2> <OutPorts = 1>
ST_21 : Operation 483 [5/5] (2.89ns)   --->   "%jtr_acc_1 = dadd i64 %jtr_acc, i64 %mul116_s" [cpp/semgraph_slam/hls/registration_kernel_draft.cpp:116]   --->   Operation 483 'dadd' 'jtr_acc_1' <Predicate = true> <Delay = 2.89> <CoreInst = "DAddSub_fulldsp">   --->   Core 37 'DAddSub_fulldsp' <Latency = 4> <II = 1> <Delay = 2.89> <FuncUnit> <Opcode : 'dadd' 'dsub'> <InPorts = 2> <OutPorts = 1>
ST_21 : Operation 484 [1/6] (2.75ns)   --->   "%mul116_2 = dmul i64 %conv8, i64 0" [cpp/semgraph_slam/hls/registration_kernel_draft.cpp:116]   --->   Operation 484 'dmul' 'mul116_2' <Predicate = true> <Delay = 2.75> <CoreInst = "DMul_maxdsp">   --->   Core 49 'DMul_maxdsp' <Latency = 5> <II = 1> <Delay = 2.75> <FuncUnit> <Opcode : 'dmul'> <InPorts = 2> <OutPorts = 1>
ST_21 : Operation 485 [3/5] (2.89ns)   --->   "%jtr_acc_3 = dadd i64 %mul116_1, i64 0" [cpp/semgraph_slam/hls/registration_kernel_draft.cpp:116]   --->   Operation 485 'dadd' 'jtr_acc_3' <Predicate = true> <Delay = 2.89> <CoreInst = "DAddSub_fulldsp">   --->   Core 37 'DAddSub_fulldsp' <Latency = 4> <II = 1> <Delay = 2.89> <FuncUnit> <Opcode : 'dadd' 'dsub'> <InPorts = 2> <OutPorts = 1>
ST_21 : Operation 486 [1/6] (2.75ns)   --->   "%mul116_3_2 = dmul i64 %conv4, i64 %conv8" [cpp/semgraph_slam/hls/registration_kernel_draft.cpp:116]   --->   Operation 486 'dmul' 'mul116_3_2' <Predicate = true> <Delay = 2.75> <CoreInst = "DMul_maxdsp">   --->   Core 49 'DMul_maxdsp' <Latency = 5> <II = 1> <Delay = 2.75> <FuncUnit> <Opcode : 'dmul'> <InPorts = 2> <OutPorts = 1>
ST_21 : Operation 487 [3/5] (2.89ns)   --->   "%jtr_acc_10 = dadd i64 %mul116_4, i64 0" [cpp/semgraph_slam/hls/registration_kernel_draft.cpp:116]   --->   Operation 487 'dadd' 'jtr_acc_10' <Predicate = true> <Delay = 2.89> <CoreInst = "DAddSub_fulldsp">   --->   Core 37 'DAddSub_fulldsp' <Latency = 4> <II = 1> <Delay = 2.89> <FuncUnit> <Opcode : 'dadd' 'dsub'> <InPorts = 2> <OutPorts = 1>
ST_21 : Operation 488 [1/6] (2.75ns)   --->   "%mul116_4_2 = dmul i64 %conv5, i64 %conv8" [cpp/semgraph_slam/hls/registration_kernel_draft.cpp:116]   --->   Operation 488 'dmul' 'mul116_4_2' <Predicate = true> <Delay = 2.75> <CoreInst = "DMul_maxdsp">   --->   Core 49 'DMul_maxdsp' <Latency = 5> <II = 1> <Delay = 2.75> <FuncUnit> <Opcode : 'dmul'> <InPorts = 2> <OutPorts = 1>
ST_21 : Operation 489 [3/5] (2.89ns)   --->   "%jtr_acc_13 = dadd i64 %mul116_5, i64 0" [cpp/semgraph_slam/hls/registration_kernel_draft.cpp:116]   --->   Operation 489 'dadd' 'jtr_acc_13' <Predicate = true> <Delay = 2.89> <CoreInst = "DAddSub_fulldsp">   --->   Core 37 'DAddSub_fulldsp' <Latency = 4> <II = 1> <Delay = 2.89> <FuncUnit> <Opcode : 'dadd' 'dsub'> <InPorts = 2> <OutPorts = 1>
ST_21 : Operation 490 [3/5] (2.89ns)   --->   "%jtj_acc_1 = dadd i64 %jtj_acc, i64 %mul149_3117_2" [cpp/semgraph_slam/hls/registration_kernel_draft.cpp:130]   --->   Operation 490 'dadd' 'jtj_acc_1' <Predicate = true> <Delay = 2.89> <CoreInst = "DAddSub_fulldsp">   --->   Core 37 'DAddSub_fulldsp' <Latency = 4> <II = 1> <Delay = 2.89> <FuncUnit> <Opcode : 'dadd' 'dsub'> <InPorts = 2> <OutPorts = 1>
ST_21 : Operation 491 [1/5] (2.89ns)   --->   "%jtj_acc_6 = dadd i64 %jtj_acc_5, i64 0" [cpp/semgraph_slam/hls/registration_kernel_draft.cpp:130]   --->   Operation 491 'dadd' 'jtj_acc_6' <Predicate = true> <Delay = 2.89> <CoreInst = "DAddSub_fulldsp">   --->   Core 37 'DAddSub_fulldsp' <Latency = 4> <II = 1> <Delay = 2.89> <FuncUnit> <Opcode : 'dadd' 'dsub'> <InPorts = 2> <OutPorts = 1>
ST_21 : Operation 492 [3/5] (2.89ns)   --->   "%jtj_acc_10 = dadd i64 %jtj_acc_9, i64 %mul149_4128_2" [cpp/semgraph_slam/hls/registration_kernel_draft.cpp:130]   --->   Operation 492 'dadd' 'jtj_acc_10' <Predicate = true> <Delay = 2.89> <CoreInst = "DAddSub_fulldsp">   --->   Core 37 'DAddSub_fulldsp' <Latency = 4> <II = 1> <Delay = 2.89> <FuncUnit> <Opcode : 'dadd' 'dsub'> <InPorts = 2> <OutPorts = 1>
ST_21 : Operation 493 [2/5] (2.89ns)   --->   "%jtj_acc_12 = dadd i64 %jtj_acc_11, i64 %conv3" [cpp/semgraph_slam/hls/registration_kernel_draft.cpp:130]   --->   Operation 493 'dadd' 'jtj_acc_12' <Predicate = true> <Delay = 2.89> <CoreInst = "DAddSub_fulldsp">   --->   Core 37 'DAddSub_fulldsp' <Latency = 4> <II = 1> <Delay = 2.89> <FuncUnit> <Opcode : 'dadd' 'dsub'> <InPorts = 2> <OutPorts = 1>
ST_21 : Operation 494 [3/5] (2.89ns)   --->   "%jtj_acc_14 = dadd i64 %jtj_acc, i64 %conv4" [cpp/semgraph_slam/hls/registration_kernel_draft.cpp:130]   --->   Operation 494 'dadd' 'jtj_acc_14' <Predicate = true> <Delay = 2.89> <CoreInst = "DAddSub_fulldsp">   --->   Core 37 'DAddSub_fulldsp' <Latency = 4> <II = 1> <Delay = 2.89> <FuncUnit> <Opcode : 'dadd' 'dsub'> <InPorts = 2> <OutPorts = 1>
ST_21 : Operation 495 [4/5] (2.89ns)   --->   "%jtj_acc_15 = dadd i64 %jtj_acc_9, i64 %conv5" [cpp/semgraph_slam/hls/registration_kernel_draft.cpp:130]   --->   Operation 495 'dadd' 'jtj_acc_15' <Predicate = true> <Delay = 2.89> <CoreInst = "DAddSub_fulldsp">   --->   Core 37 'DAddSub_fulldsp' <Latency = 4> <II = 1> <Delay = 2.89> <FuncUnit> <Opcode : 'dadd' 'dsub'> <InPorts = 2> <OutPorts = 1>
ST_21 : Operation 496 [2/5] (2.89ns)   --->   "%jtj_acc_16 = dadd i64 %jtj_acc_11, i64 %mul149_5139_1" [cpp/semgraph_slam/hls/registration_kernel_draft.cpp:130]   --->   Operation 496 'dadd' 'jtj_acc_16' <Predicate = true> <Delay = 2.89> <CoreInst = "DAddSub_fulldsp">   --->   Core 37 'DAddSub_fulldsp' <Latency = 4> <II = 1> <Delay = 2.89> <FuncUnit> <Opcode : 'dadd' 'dsub'> <InPorts = 2> <OutPorts = 1>
ST_21 : Operation 497 [4/5] (2.89ns)   --->   "%jtj_acc_19 = dadd i64 %jtj_acc_18, i64 %mul149_3_1" [cpp/semgraph_slam/hls/registration_kernel_draft.cpp:130]   --->   Operation 497 'dadd' 'jtj_acc_19' <Predicate = true> <Delay = 2.89> <CoreInst = "DAddSub_fulldsp">   --->   Core 37 'DAddSub_fulldsp' <Latency = 4> <II = 1> <Delay = 2.89> <FuncUnit> <Opcode : 'dadd' 'dsub'> <InPorts = 2> <OutPorts = 1>
ST_21 : Operation 498 [3/5] (2.89ns)   --->   "%jtj_acc_20 = dadd i64 %jtj_acc_9, i64 %mul149_3117_1" [cpp/semgraph_slam/hls/registration_kernel_draft.cpp:130]   --->   Operation 498 'dadd' 'jtj_acc_20' <Predicate = true> <Delay = 2.89> <CoreInst = "DAddSub_fulldsp">   --->   Core 37 'DAddSub_fulldsp' <Latency = 4> <II = 1> <Delay = 2.89> <FuncUnit> <Opcode : 'dadd' 'dsub'> <InPorts = 2> <OutPorts = 1>
ST_21 : Operation 499 [2/5] (2.89ns)   --->   "%jtj_acc_22 = dadd i64 %jtj_acc_11, i64 %mul149_3_2_1" [cpp/semgraph_slam/hls/registration_kernel_draft.cpp:130]   --->   Operation 499 'dadd' 'jtj_acc_22' <Predicate = true> <Delay = 2.89> <CoreInst = "DAddSub_fulldsp">   --->   Core 37 'DAddSub_fulldsp' <Latency = 4> <II = 1> <Delay = 2.89> <FuncUnit> <Opcode : 'dadd' 'dsub'> <InPorts = 2> <OutPorts = 1>
ST_21 : Operation 500 [4/5] (2.89ns)   --->   "%jtj_acc_25 = dadd i64 %jtj_acc_24, i64 %mul149_4_2" [cpp/semgraph_slam/hls/registration_kernel_draft.cpp:130]   --->   Operation 500 'dadd' 'jtj_acc_25' <Predicate = true> <Delay = 2.89> <CoreInst = "DAddSub_fulldsp">   --->   Core 37 'DAddSub_fulldsp' <Latency = 4> <II = 1> <Delay = 2.89> <FuncUnit> <Opcode : 'dadd' 'dsub'> <InPorts = 2> <OutPorts = 1>
ST_21 : Operation 501 [3/5] (2.89ns)   --->   "%jtj_acc_27 = dadd i64 %jtj_acc_26, i64 %mul149_5139_1" [cpp/semgraph_slam/hls/registration_kernel_draft.cpp:130]   --->   Operation 501 'dadd' 'jtj_acc_27' <Predicate = true> <Delay = 2.89> <CoreInst = "DAddSub_fulldsp">   --->   Core 37 'DAddSub_fulldsp' <Latency = 4> <II = 1> <Delay = 2.89> <FuncUnit> <Opcode : 'dadd' 'dsub'> <InPorts = 2> <OutPorts = 1>
ST_21 : Operation 502 [2/5] (2.89ns)   --->   "%jtj_acc_30 = dadd i64 %jtj_acc_29, i64 %mul149_5_1" [cpp/semgraph_slam/hls/registration_kernel_draft.cpp:130]   --->   Operation 502 'dadd' 'jtj_acc_30' <Predicate = true> <Delay = 2.89> <CoreInst = "DAddSub_fulldsp">   --->   Core 37 'DAddSub_fulldsp' <Latency = 4> <II = 1> <Delay = 2.89> <FuncUnit> <Opcode : 'dadd' 'dsub'> <InPorts = 2> <OutPorts = 1>

State 22 <SV = 21> <Delay = 2.89>
ST_22 : Operation 503 [4/7] (2.34ns)   --->   "%add = fadd i32 %mul, i32 %mul1" [cpp/semgraph_slam/hls/registration_kernel_draft.cpp:92]   --->   Operation 503 'fadd' 'add' <Predicate = (!icmp_ln70)> <Delay = 2.34> <CoreInst = "FAddSub_fulldsp">   --->   Core 18 'FAddSub_fulldsp' <Latency = 6> <II = 1> <Delay = 2.34> <FuncUnit> <Opcode : 'fadd' 'fsub'> <InPorts = 2> <OutPorts = 1>
ST_22 : Operation 504 [4/5] (2.89ns)   --->   "%jtr_acc_1 = dadd i64 %jtr_acc, i64 %mul116_s" [cpp/semgraph_slam/hls/registration_kernel_draft.cpp:116]   --->   Operation 504 'dadd' 'jtr_acc_1' <Predicate = true> <Delay = 2.89> <CoreInst = "DAddSub_fulldsp">   --->   Core 37 'DAddSub_fulldsp' <Latency = 4> <II = 1> <Delay = 2.89> <FuncUnit> <Opcode : 'dadd' 'dsub'> <InPorts = 2> <OutPorts = 1>
ST_22 : Operation 505 [2/5] (2.89ns)   --->   "%jtr_acc_3 = dadd i64 %mul116_1, i64 0" [cpp/semgraph_slam/hls/registration_kernel_draft.cpp:116]   --->   Operation 505 'dadd' 'jtr_acc_3' <Predicate = true> <Delay = 2.89> <CoreInst = "DAddSub_fulldsp">   --->   Core 37 'DAddSub_fulldsp' <Latency = 4> <II = 1> <Delay = 2.89> <FuncUnit> <Opcode : 'dadd' 'dsub'> <InPorts = 2> <OutPorts = 1>
ST_22 : Operation 506 [2/5] (2.89ns)   --->   "%jtr_acc_10 = dadd i64 %mul116_4, i64 0" [cpp/semgraph_slam/hls/registration_kernel_draft.cpp:116]   --->   Operation 506 'dadd' 'jtr_acc_10' <Predicate = true> <Delay = 2.89> <CoreInst = "DAddSub_fulldsp">   --->   Core 37 'DAddSub_fulldsp' <Latency = 4> <II = 1> <Delay = 2.89> <FuncUnit> <Opcode : 'dadd' 'dsub'> <InPorts = 2> <OutPorts = 1>
ST_22 : Operation 507 [2/5] (2.89ns)   --->   "%jtr_acc_13 = dadd i64 %mul116_5, i64 0" [cpp/semgraph_slam/hls/registration_kernel_draft.cpp:116]   --->   Operation 507 'dadd' 'jtr_acc_13' <Predicate = true> <Delay = 2.89> <CoreInst = "DAddSub_fulldsp">   --->   Core 37 'DAddSub_fulldsp' <Latency = 4> <II = 1> <Delay = 2.89> <FuncUnit> <Opcode : 'dadd' 'dsub'> <InPorts = 2> <OutPorts = 1>
ST_22 : Operation 508 [2/5] (2.89ns)   --->   "%jtj_acc_1 = dadd i64 %jtj_acc, i64 %mul149_3117_2" [cpp/semgraph_slam/hls/registration_kernel_draft.cpp:130]   --->   Operation 508 'dadd' 'jtj_acc_1' <Predicate = true> <Delay = 2.89> <CoreInst = "DAddSub_fulldsp">   --->   Core 37 'DAddSub_fulldsp' <Latency = 4> <II = 1> <Delay = 2.89> <FuncUnit> <Opcode : 'dadd' 'dsub'> <InPorts = 2> <OutPorts = 1>
ST_22 : Operation 509 [2/5] (2.89ns)   --->   "%jtj_acc_10 = dadd i64 %jtj_acc_9, i64 %mul149_4128_2" [cpp/semgraph_slam/hls/registration_kernel_draft.cpp:130]   --->   Operation 509 'dadd' 'jtj_acc_10' <Predicate = true> <Delay = 2.89> <CoreInst = "DAddSub_fulldsp">   --->   Core 37 'DAddSub_fulldsp' <Latency = 4> <II = 1> <Delay = 2.89> <FuncUnit> <Opcode : 'dadd' 'dsub'> <InPorts = 2> <OutPorts = 1>
ST_22 : Operation 510 [1/5] (2.89ns)   --->   "%jtj_acc_12 = dadd i64 %jtj_acc_11, i64 %conv3" [cpp/semgraph_slam/hls/registration_kernel_draft.cpp:130]   --->   Operation 510 'dadd' 'jtj_acc_12' <Predicate = true> <Delay = 2.89> <CoreInst = "DAddSub_fulldsp">   --->   Core 37 'DAddSub_fulldsp' <Latency = 4> <II = 1> <Delay = 2.89> <FuncUnit> <Opcode : 'dadd' 'dsub'> <InPorts = 2> <OutPorts = 1>
ST_22 : Operation 511 [2/5] (2.89ns)   --->   "%jtj_acc_14 = dadd i64 %jtj_acc, i64 %conv4" [cpp/semgraph_slam/hls/registration_kernel_draft.cpp:130]   --->   Operation 511 'dadd' 'jtj_acc_14' <Predicate = true> <Delay = 2.89> <CoreInst = "DAddSub_fulldsp">   --->   Core 37 'DAddSub_fulldsp' <Latency = 4> <II = 1> <Delay = 2.89> <FuncUnit> <Opcode : 'dadd' 'dsub'> <InPorts = 2> <OutPorts = 1>
ST_22 : Operation 512 [3/5] (2.89ns)   --->   "%jtj_acc_15 = dadd i64 %jtj_acc_9, i64 %conv5" [cpp/semgraph_slam/hls/registration_kernel_draft.cpp:130]   --->   Operation 512 'dadd' 'jtj_acc_15' <Predicate = true> <Delay = 2.89> <CoreInst = "DAddSub_fulldsp">   --->   Core 37 'DAddSub_fulldsp' <Latency = 4> <II = 1> <Delay = 2.89> <FuncUnit> <Opcode : 'dadd' 'dsub'> <InPorts = 2> <OutPorts = 1>
ST_22 : Operation 513 [1/5] (2.89ns)   --->   "%jtj_acc_16 = dadd i64 %jtj_acc_11, i64 %mul149_5139_1" [cpp/semgraph_slam/hls/registration_kernel_draft.cpp:130]   --->   Operation 513 'dadd' 'jtj_acc_16' <Predicate = true> <Delay = 2.89> <CoreInst = "DAddSub_fulldsp">   --->   Core 37 'DAddSub_fulldsp' <Latency = 4> <II = 1> <Delay = 2.89> <FuncUnit> <Opcode : 'dadd' 'dsub'> <InPorts = 2> <OutPorts = 1>
ST_22 : Operation 514 [3/5] (2.89ns)   --->   "%jtj_acc_19 = dadd i64 %jtj_acc_18, i64 %mul149_3_1" [cpp/semgraph_slam/hls/registration_kernel_draft.cpp:130]   --->   Operation 514 'dadd' 'jtj_acc_19' <Predicate = true> <Delay = 2.89> <CoreInst = "DAddSub_fulldsp">   --->   Core 37 'DAddSub_fulldsp' <Latency = 4> <II = 1> <Delay = 2.89> <FuncUnit> <Opcode : 'dadd' 'dsub'> <InPorts = 2> <OutPorts = 1>
ST_22 : Operation 515 [2/5] (2.89ns)   --->   "%jtj_acc_20 = dadd i64 %jtj_acc_9, i64 %mul149_3117_1" [cpp/semgraph_slam/hls/registration_kernel_draft.cpp:130]   --->   Operation 515 'dadd' 'jtj_acc_20' <Predicate = true> <Delay = 2.89> <CoreInst = "DAddSub_fulldsp">   --->   Core 37 'DAddSub_fulldsp' <Latency = 4> <II = 1> <Delay = 2.89> <FuncUnit> <Opcode : 'dadd' 'dsub'> <InPorts = 2> <OutPorts = 1>
ST_22 : Operation 516 [1/5] (2.89ns)   --->   "%jtj_acc_22 = dadd i64 %jtj_acc_11, i64 %mul149_3_2_1" [cpp/semgraph_slam/hls/registration_kernel_draft.cpp:130]   --->   Operation 516 'dadd' 'jtj_acc_22' <Predicate = true> <Delay = 2.89> <CoreInst = "DAddSub_fulldsp">   --->   Core 37 'DAddSub_fulldsp' <Latency = 4> <II = 1> <Delay = 2.89> <FuncUnit> <Opcode : 'dadd' 'dsub'> <InPorts = 2> <OutPorts = 1>
ST_22 : Operation 517 [3/5] (2.89ns)   --->   "%jtj_acc_25 = dadd i64 %jtj_acc_24, i64 %mul149_4_2" [cpp/semgraph_slam/hls/registration_kernel_draft.cpp:130]   --->   Operation 517 'dadd' 'jtj_acc_25' <Predicate = true> <Delay = 2.89> <CoreInst = "DAddSub_fulldsp">   --->   Core 37 'DAddSub_fulldsp' <Latency = 4> <II = 1> <Delay = 2.89> <FuncUnit> <Opcode : 'dadd' 'dsub'> <InPorts = 2> <OutPorts = 1>
ST_22 : Operation 518 [2/5] (2.89ns)   --->   "%jtj_acc_27 = dadd i64 %jtj_acc_26, i64 %mul149_5139_1" [cpp/semgraph_slam/hls/registration_kernel_draft.cpp:130]   --->   Operation 518 'dadd' 'jtj_acc_27' <Predicate = true> <Delay = 2.89> <CoreInst = "DAddSub_fulldsp">   --->   Core 37 'DAddSub_fulldsp' <Latency = 4> <II = 1> <Delay = 2.89> <FuncUnit> <Opcode : 'dadd' 'dsub'> <InPorts = 2> <OutPorts = 1>
ST_22 : Operation 519 [1/5] (2.89ns)   --->   "%jtj_acc_30 = dadd i64 %jtj_acc_29, i64 %mul149_5_1" [cpp/semgraph_slam/hls/registration_kernel_draft.cpp:130]   --->   Operation 519 'dadd' 'jtj_acc_30' <Predicate = true> <Delay = 2.89> <CoreInst = "DAddSub_fulldsp">   --->   Core 37 'DAddSub_fulldsp' <Latency = 4> <II = 1> <Delay = 2.89> <FuncUnit> <Opcode : 'dadd' 'dsub'> <InPorts = 2> <OutPorts = 1>

State 23 <SV = 22> <Delay = 2.89>
ST_23 : Operation 520 [3/7] (2.34ns)   --->   "%add = fadd i32 %mul, i32 %mul1" [cpp/semgraph_slam/hls/registration_kernel_draft.cpp:92]   --->   Operation 520 'fadd' 'add' <Predicate = (!icmp_ln70)> <Delay = 2.34> <CoreInst = "FAddSub_fulldsp">   --->   Core 18 'FAddSub_fulldsp' <Latency = 6> <II = 1> <Delay = 2.34> <FuncUnit> <Opcode : 'fadd' 'fsub'> <InPorts = 2> <OutPorts = 1>
ST_23 : Operation 521 [3/5] (2.89ns)   --->   "%jtr_acc_1 = dadd i64 %jtr_acc, i64 %mul116_s" [cpp/semgraph_slam/hls/registration_kernel_draft.cpp:116]   --->   Operation 521 'dadd' 'jtr_acc_1' <Predicate = true> <Delay = 2.89> <CoreInst = "DAddSub_fulldsp">   --->   Core 37 'DAddSub_fulldsp' <Latency = 4> <II = 1> <Delay = 2.89> <FuncUnit> <Opcode : 'dadd' 'dsub'> <InPorts = 2> <OutPorts = 1>
ST_23 : Operation 522 [1/5] (2.89ns)   --->   "%jtr_acc_3 = dadd i64 %mul116_1, i64 0" [cpp/semgraph_slam/hls/registration_kernel_draft.cpp:116]   --->   Operation 522 'dadd' 'jtr_acc_3' <Predicate = true> <Delay = 2.89> <CoreInst = "DAddSub_fulldsp">   --->   Core 37 'DAddSub_fulldsp' <Latency = 4> <II = 1> <Delay = 2.89> <FuncUnit> <Opcode : 'dadd' 'dsub'> <InPorts = 2> <OutPorts = 1>
ST_23 : Operation 523 [1/5] (2.89ns)   --->   "%jtr_acc_10 = dadd i64 %mul116_4, i64 0" [cpp/semgraph_slam/hls/registration_kernel_draft.cpp:116]   --->   Operation 523 'dadd' 'jtr_acc_10' <Predicate = true> <Delay = 2.89> <CoreInst = "DAddSub_fulldsp">   --->   Core 37 'DAddSub_fulldsp' <Latency = 4> <II = 1> <Delay = 2.89> <FuncUnit> <Opcode : 'dadd' 'dsub'> <InPorts = 2> <OutPorts = 1>
ST_23 : Operation 524 [1/5] (2.89ns)   --->   "%jtr_acc_13 = dadd i64 %mul116_5, i64 0" [cpp/semgraph_slam/hls/registration_kernel_draft.cpp:116]   --->   Operation 524 'dadd' 'jtr_acc_13' <Predicate = true> <Delay = 2.89> <CoreInst = "DAddSub_fulldsp">   --->   Core 37 'DAddSub_fulldsp' <Latency = 4> <II = 1> <Delay = 2.89> <FuncUnit> <Opcode : 'dadd' 'dsub'> <InPorts = 2> <OutPorts = 1>
ST_23 : Operation 525 [1/5] (2.89ns)   --->   "%jtj_acc_1 = dadd i64 %jtj_acc, i64 %mul149_3117_2" [cpp/semgraph_slam/hls/registration_kernel_draft.cpp:130]   --->   Operation 525 'dadd' 'jtj_acc_1' <Predicate = true> <Delay = 2.89> <CoreInst = "DAddSub_fulldsp">   --->   Core 37 'DAddSub_fulldsp' <Latency = 4> <II = 1> <Delay = 2.89> <FuncUnit> <Opcode : 'dadd' 'dsub'> <InPorts = 2> <OutPorts = 1>
ST_23 : Operation 526 [1/5] (2.89ns)   --->   "%jtj_acc_10 = dadd i64 %jtj_acc_9, i64 %mul149_4128_2" [cpp/semgraph_slam/hls/registration_kernel_draft.cpp:130]   --->   Operation 526 'dadd' 'jtj_acc_10' <Predicate = true> <Delay = 2.89> <CoreInst = "DAddSub_fulldsp">   --->   Core 37 'DAddSub_fulldsp' <Latency = 4> <II = 1> <Delay = 2.89> <FuncUnit> <Opcode : 'dadd' 'dsub'> <InPorts = 2> <OutPorts = 1>
ST_23 : Operation 527 [5/5] (2.89ns)   --->   "%jtj_acc_13 = dadd i64 %jtj_acc_12, i64 0" [cpp/semgraph_slam/hls/registration_kernel_draft.cpp:130]   --->   Operation 527 'dadd' 'jtj_acc_13' <Predicate = true> <Delay = 2.89> <CoreInst = "DAddSub_fulldsp">   --->   Core 37 'DAddSub_fulldsp' <Latency = 4> <II = 1> <Delay = 2.89> <FuncUnit> <Opcode : 'dadd' 'dsub'> <InPorts = 2> <OutPorts = 1>
ST_23 : Operation 528 [1/5] (2.89ns)   --->   "%jtj_acc_14 = dadd i64 %jtj_acc, i64 %conv4" [cpp/semgraph_slam/hls/registration_kernel_draft.cpp:130]   --->   Operation 528 'dadd' 'jtj_acc_14' <Predicate = true> <Delay = 2.89> <CoreInst = "DAddSub_fulldsp">   --->   Core 37 'DAddSub_fulldsp' <Latency = 4> <II = 1> <Delay = 2.89> <FuncUnit> <Opcode : 'dadd' 'dsub'> <InPorts = 2> <OutPorts = 1>
ST_23 : Operation 529 [2/5] (2.89ns)   --->   "%jtj_acc_15 = dadd i64 %jtj_acc_9, i64 %conv5" [cpp/semgraph_slam/hls/registration_kernel_draft.cpp:130]   --->   Operation 529 'dadd' 'jtj_acc_15' <Predicate = true> <Delay = 2.89> <CoreInst = "DAddSub_fulldsp">   --->   Core 37 'DAddSub_fulldsp' <Latency = 4> <II = 1> <Delay = 2.89> <FuncUnit> <Opcode : 'dadd' 'dsub'> <InPorts = 2> <OutPorts = 1>
ST_23 : Operation 530 [5/5] (2.89ns)   --->   "%jtj_acc_17 = dadd i64 %jtj_acc_16, i64 0" [cpp/semgraph_slam/hls/registration_kernel_draft.cpp:130]   --->   Operation 530 'dadd' 'jtj_acc_17' <Predicate = true> <Delay = 2.89> <CoreInst = "DAddSub_fulldsp">   --->   Core 37 'DAddSub_fulldsp' <Latency = 4> <II = 1> <Delay = 2.89> <FuncUnit> <Opcode : 'dadd' 'dsub'> <InPorts = 2> <OutPorts = 1>
ST_23 : Operation 531 [2/5] (2.89ns)   --->   "%jtj_acc_19 = dadd i64 %jtj_acc_18, i64 %mul149_3_1" [cpp/semgraph_slam/hls/registration_kernel_draft.cpp:130]   --->   Operation 531 'dadd' 'jtj_acc_19' <Predicate = true> <Delay = 2.89> <CoreInst = "DAddSub_fulldsp">   --->   Core 37 'DAddSub_fulldsp' <Latency = 4> <II = 1> <Delay = 2.89> <FuncUnit> <Opcode : 'dadd' 'dsub'> <InPorts = 2> <OutPorts = 1>
ST_23 : Operation 532 [1/5] (2.89ns)   --->   "%jtj_acc_20 = dadd i64 %jtj_acc_9, i64 %mul149_3117_1" [cpp/semgraph_slam/hls/registration_kernel_draft.cpp:130]   --->   Operation 532 'dadd' 'jtj_acc_20' <Predicate = true> <Delay = 2.89> <CoreInst = "DAddSub_fulldsp">   --->   Core 37 'DAddSub_fulldsp' <Latency = 4> <II = 1> <Delay = 2.89> <FuncUnit> <Opcode : 'dadd' 'dsub'> <InPorts = 2> <OutPorts = 1>
ST_23 : Operation 533 [5/5] (2.89ns)   --->   "%jtj_acc_23 = dadd i64 %jtj_acc_22, i64 %mul149_3117_2" [cpp/semgraph_slam/hls/registration_kernel_draft.cpp:130]   --->   Operation 533 'dadd' 'jtj_acc_23' <Predicate = true> <Delay = 2.89> <CoreInst = "DAddSub_fulldsp">   --->   Core 37 'DAddSub_fulldsp' <Latency = 4> <II = 1> <Delay = 2.89> <FuncUnit> <Opcode : 'dadd' 'dsub'> <InPorts = 2> <OutPorts = 1>
ST_23 : Operation 534 [2/5] (2.89ns)   --->   "%jtj_acc_25 = dadd i64 %jtj_acc_24, i64 %mul149_4_2" [cpp/semgraph_slam/hls/registration_kernel_draft.cpp:130]   --->   Operation 534 'dadd' 'jtj_acc_25' <Predicate = true> <Delay = 2.89> <CoreInst = "DAddSub_fulldsp">   --->   Core 37 'DAddSub_fulldsp' <Latency = 4> <II = 1> <Delay = 2.89> <FuncUnit> <Opcode : 'dadd' 'dsub'> <InPorts = 2> <OutPorts = 1>
ST_23 : Operation 535 [1/5] (2.89ns)   --->   "%jtj_acc_27 = dadd i64 %jtj_acc_26, i64 %mul149_5139_1" [cpp/semgraph_slam/hls/registration_kernel_draft.cpp:130]   --->   Operation 535 'dadd' 'jtj_acc_27' <Predicate = true> <Delay = 2.89> <CoreInst = "DAddSub_fulldsp">   --->   Core 37 'DAddSub_fulldsp' <Latency = 4> <II = 1> <Delay = 2.89> <FuncUnit> <Opcode : 'dadd' 'dsub'> <InPorts = 2> <OutPorts = 1>
ST_23 : Operation 536 [5/5] (2.89ns)   --->   "%jtj_acc_31 = dadd i64 %jtj_acc_30, i64 0" [cpp/semgraph_slam/hls/registration_kernel_draft.cpp:130]   --->   Operation 536 'dadd' 'jtj_acc_31' <Predicate = true> <Delay = 2.89> <CoreInst = "DAddSub_fulldsp">   --->   Core 37 'DAddSub_fulldsp' <Latency = 4> <II = 1> <Delay = 2.89> <FuncUnit> <Opcode : 'dadd' 'dsub'> <InPorts = 2> <OutPorts = 1>

State 24 <SV = 23> <Delay = 2.89>
ST_24 : Operation 537 [2/7] (2.34ns)   --->   "%add = fadd i32 %mul, i32 %mul1" [cpp/semgraph_slam/hls/registration_kernel_draft.cpp:92]   --->   Operation 537 'fadd' 'add' <Predicate = (!icmp_ln70)> <Delay = 2.34> <CoreInst = "FAddSub_fulldsp">   --->   Core 18 'FAddSub_fulldsp' <Latency = 6> <II = 1> <Delay = 2.34> <FuncUnit> <Opcode : 'fadd' 'fsub'> <InPorts = 2> <OutPorts = 1>
ST_24 : Operation 538 [2/5] (2.89ns)   --->   "%jtr_acc_1 = dadd i64 %jtr_acc, i64 %mul116_s" [cpp/semgraph_slam/hls/registration_kernel_draft.cpp:116]   --->   Operation 538 'dadd' 'jtr_acc_1' <Predicate = true> <Delay = 2.89> <CoreInst = "DAddSub_fulldsp">   --->   Core 37 'DAddSub_fulldsp' <Latency = 4> <II = 1> <Delay = 2.89> <FuncUnit> <Opcode : 'dadd' 'dsub'> <InPorts = 2> <OutPorts = 1>
ST_24 : Operation 539 [5/5] (2.89ns)   --->   "%jtr_acc_4 = dadd i64 %jtr_acc_3, i64 %conv7" [cpp/semgraph_slam/hls/registration_kernel_draft.cpp:116]   --->   Operation 539 'dadd' 'jtr_acc_4' <Predicate = true> <Delay = 2.89> <CoreInst = "DAddSub_fulldsp">   --->   Core 37 'DAddSub_fulldsp' <Latency = 4> <II = 1> <Delay = 2.89> <FuncUnit> <Opcode : 'dadd' 'dsub'> <InPorts = 2> <OutPorts = 1>
ST_24 : Operation 540 [5/5] (2.89ns)   --->   "%jtr_acc_6 = dadd i64 %jtr_acc_3, i64 %mul116_s" [cpp/semgraph_slam/hls/registration_kernel_draft.cpp:116]   --->   Operation 540 'dadd' 'jtr_acc_6' <Predicate = true> <Delay = 2.89> <CoreInst = "DAddSub_fulldsp">   --->   Core 37 'DAddSub_fulldsp' <Latency = 4> <II = 1> <Delay = 2.89> <FuncUnit> <Opcode : 'dadd' 'dsub'> <InPorts = 2> <OutPorts = 1>
ST_24 : Operation 541 [5/5] (2.89ns)   --->   "%jtr_acc_8 = dadd i64 %jtr_acc_3, i64 %mul116_3_1" [cpp/semgraph_slam/hls/registration_kernel_draft.cpp:116]   --->   Operation 541 'dadd' 'jtr_acc_8' <Predicate = true> <Delay = 2.89> <CoreInst = "DAddSub_fulldsp">   --->   Core 37 'DAddSub_fulldsp' <Latency = 4> <II = 1> <Delay = 2.89> <FuncUnit> <Opcode : 'dadd' 'dsub'> <InPorts = 2> <OutPorts = 1>
ST_24 : Operation 542 [5/5] (2.89ns)   --->   "%jtr_acc_11 = dadd i64 %jtr_acc_10, i64 %mul116_s" [cpp/semgraph_slam/hls/registration_kernel_draft.cpp:116]   --->   Operation 542 'dadd' 'jtr_acc_11' <Predicate = true> <Delay = 2.89> <CoreInst = "DAddSub_fulldsp">   --->   Core 37 'DAddSub_fulldsp' <Latency = 4> <II = 1> <Delay = 2.89> <FuncUnit> <Opcode : 'dadd' 'dsub'> <InPorts = 2> <OutPorts = 1>
ST_24 : Operation 543 [5/5] (2.89ns)   --->   "%jtr_acc_14 = dadd i64 %jtr_acc_13, i64 %mul116_5_1" [cpp/semgraph_slam/hls/registration_kernel_draft.cpp:116]   --->   Operation 543 'dadd' 'jtr_acc_14' <Predicate = true> <Delay = 2.89> <CoreInst = "DAddSub_fulldsp">   --->   Core 37 'DAddSub_fulldsp' <Latency = 4> <II = 1> <Delay = 2.89> <FuncUnit> <Opcode : 'dadd' 'dsub'> <InPorts = 2> <OutPorts = 1>
ST_24 : Operation 544 [4/5] (2.89ns)   --->   "%jtj_acc_13 = dadd i64 %jtj_acc_12, i64 0" [cpp/semgraph_slam/hls/registration_kernel_draft.cpp:130]   --->   Operation 544 'dadd' 'jtj_acc_13' <Predicate = true> <Delay = 2.89> <CoreInst = "DAddSub_fulldsp">   --->   Core 37 'DAddSub_fulldsp' <Latency = 4> <II = 1> <Delay = 2.89> <FuncUnit> <Opcode : 'dadd' 'dsub'> <InPorts = 2> <OutPorts = 1>
ST_24 : Operation 545 [1/5] (2.89ns)   --->   "%jtj_acc_15 = dadd i64 %jtj_acc_9, i64 %conv5" [cpp/semgraph_slam/hls/registration_kernel_draft.cpp:130]   --->   Operation 545 'dadd' 'jtj_acc_15' <Predicate = true> <Delay = 2.89> <CoreInst = "DAddSub_fulldsp">   --->   Core 37 'DAddSub_fulldsp' <Latency = 4> <II = 1> <Delay = 2.89> <FuncUnit> <Opcode : 'dadd' 'dsub'> <InPorts = 2> <OutPorts = 1>
ST_24 : Operation 546 [4/5] (2.89ns)   --->   "%jtj_acc_17 = dadd i64 %jtj_acc_16, i64 0" [cpp/semgraph_slam/hls/registration_kernel_draft.cpp:130]   --->   Operation 546 'dadd' 'jtj_acc_17' <Predicate = true> <Delay = 2.89> <CoreInst = "DAddSub_fulldsp">   --->   Core 37 'DAddSub_fulldsp' <Latency = 4> <II = 1> <Delay = 2.89> <FuncUnit> <Opcode : 'dadd' 'dsub'> <InPorts = 2> <OutPorts = 1>
ST_24 : Operation 547 [1/5] (2.89ns)   --->   "%jtj_acc_19 = dadd i64 %jtj_acc_18, i64 %mul149_3_1" [cpp/semgraph_slam/hls/registration_kernel_draft.cpp:130]   --->   Operation 547 'dadd' 'jtj_acc_19' <Predicate = true> <Delay = 2.89> <CoreInst = "DAddSub_fulldsp">   --->   Core 37 'DAddSub_fulldsp' <Latency = 4> <II = 1> <Delay = 2.89> <FuncUnit> <Opcode : 'dadd' 'dsub'> <InPorts = 2> <OutPorts = 1>
ST_24 : Operation 548 [5/5] (2.89ns)   --->   "%jtj_acc_21 = dadd i64 %jtj_acc_20, i64 %mul149_3_1_2" [cpp/semgraph_slam/hls/registration_kernel_draft.cpp:130]   --->   Operation 548 'dadd' 'jtj_acc_21' <Predicate = true> <Delay = 2.89> <CoreInst = "DAddSub_fulldsp">   --->   Core 37 'DAddSub_fulldsp' <Latency = 4> <II = 1> <Delay = 2.89> <FuncUnit> <Opcode : 'dadd' 'dsub'> <InPorts = 2> <OutPorts = 1>
ST_24 : Operation 549 [4/5] (2.89ns)   --->   "%jtj_acc_23 = dadd i64 %jtj_acc_22, i64 %mul149_3117_2" [cpp/semgraph_slam/hls/registration_kernel_draft.cpp:130]   --->   Operation 549 'dadd' 'jtj_acc_23' <Predicate = true> <Delay = 2.89> <CoreInst = "DAddSub_fulldsp">   --->   Core 37 'DAddSub_fulldsp' <Latency = 4> <II = 1> <Delay = 2.89> <FuncUnit> <Opcode : 'dadd' 'dsub'> <InPorts = 2> <OutPorts = 1>
ST_24 : Operation 550 [1/5] (2.89ns)   --->   "%jtj_acc_25 = dadd i64 %jtj_acc_24, i64 %mul149_4_2" [cpp/semgraph_slam/hls/registration_kernel_draft.cpp:130]   --->   Operation 550 'dadd' 'jtj_acc_25' <Predicate = true> <Delay = 2.89> <CoreInst = "DAddSub_fulldsp">   --->   Core 37 'DAddSub_fulldsp' <Latency = 4> <II = 1> <Delay = 2.89> <FuncUnit> <Opcode : 'dadd' 'dsub'> <InPorts = 2> <OutPorts = 1>
ST_24 : Operation 551 [5/5] (2.89ns)   --->   "%jtj_acc_28 = dadd i64 %jtj_acc_27, i64 %mul149_4128_2" [cpp/semgraph_slam/hls/registration_kernel_draft.cpp:130]   --->   Operation 551 'dadd' 'jtj_acc_28' <Predicate = true> <Delay = 2.89> <CoreInst = "DAddSub_fulldsp">   --->   Core 37 'DAddSub_fulldsp' <Latency = 4> <II = 1> <Delay = 2.89> <FuncUnit> <Opcode : 'dadd' 'dsub'> <InPorts = 2> <OutPorts = 1>
ST_24 : Operation 552 [4/5] (2.89ns)   --->   "%jtj_acc_31 = dadd i64 %jtj_acc_30, i64 0" [cpp/semgraph_slam/hls/registration_kernel_draft.cpp:130]   --->   Operation 552 'dadd' 'jtj_acc_31' <Predicate = true> <Delay = 2.89> <CoreInst = "DAddSub_fulldsp">   --->   Core 37 'DAddSub_fulldsp' <Latency = 4> <II = 1> <Delay = 2.89> <FuncUnit> <Opcode : 'dadd' 'dsub'> <InPorts = 2> <OutPorts = 1>

State 25 <SV = 24> <Delay = 2.89>
ST_25 : Operation 553 [1/7] (2.34ns)   --->   "%add = fadd i32 %mul, i32 %mul1" [cpp/semgraph_slam/hls/registration_kernel_draft.cpp:92]   --->   Operation 553 'fadd' 'add' <Predicate = (!icmp_ln70)> <Delay = 2.34> <CoreInst = "FAddSub_fulldsp">   --->   Core 18 'FAddSub_fulldsp' <Latency = 6> <II = 1> <Delay = 2.34> <FuncUnit> <Opcode : 'fadd' 'fsub'> <InPorts = 2> <OutPorts = 1>
ST_25 : Operation 554 [1/5] (2.89ns)   --->   "%jtr_acc_1 = dadd i64 %jtr_acc, i64 %mul116_s" [cpp/semgraph_slam/hls/registration_kernel_draft.cpp:116]   --->   Operation 554 'dadd' 'jtr_acc_1' <Predicate = true> <Delay = 2.89> <CoreInst = "DAddSub_fulldsp">   --->   Core 37 'DAddSub_fulldsp' <Latency = 4> <II = 1> <Delay = 2.89> <FuncUnit> <Opcode : 'dadd' 'dsub'> <InPorts = 2> <OutPorts = 1>
ST_25 : Operation 555 [4/5] (2.89ns)   --->   "%jtr_acc_4 = dadd i64 %jtr_acc_3, i64 %conv7" [cpp/semgraph_slam/hls/registration_kernel_draft.cpp:116]   --->   Operation 555 'dadd' 'jtr_acc_4' <Predicate = true> <Delay = 2.89> <CoreInst = "DAddSub_fulldsp">   --->   Core 37 'DAddSub_fulldsp' <Latency = 4> <II = 1> <Delay = 2.89> <FuncUnit> <Opcode : 'dadd' 'dsub'> <InPorts = 2> <OutPorts = 1>
ST_25 : Operation 556 [4/5] (2.89ns)   --->   "%jtr_acc_6 = dadd i64 %jtr_acc_3, i64 %mul116_s" [cpp/semgraph_slam/hls/registration_kernel_draft.cpp:116]   --->   Operation 556 'dadd' 'jtr_acc_6' <Predicate = true> <Delay = 2.89> <CoreInst = "DAddSub_fulldsp">   --->   Core 37 'DAddSub_fulldsp' <Latency = 4> <II = 1> <Delay = 2.89> <FuncUnit> <Opcode : 'dadd' 'dsub'> <InPorts = 2> <OutPorts = 1>
ST_25 : Operation 557 [4/5] (2.89ns)   --->   "%jtr_acc_8 = dadd i64 %jtr_acc_3, i64 %mul116_3_1" [cpp/semgraph_slam/hls/registration_kernel_draft.cpp:116]   --->   Operation 557 'dadd' 'jtr_acc_8' <Predicate = true> <Delay = 2.89> <CoreInst = "DAddSub_fulldsp">   --->   Core 37 'DAddSub_fulldsp' <Latency = 4> <II = 1> <Delay = 2.89> <FuncUnit> <Opcode : 'dadd' 'dsub'> <InPorts = 2> <OutPorts = 1>
ST_25 : Operation 558 [4/5] (2.89ns)   --->   "%jtr_acc_11 = dadd i64 %jtr_acc_10, i64 %mul116_s" [cpp/semgraph_slam/hls/registration_kernel_draft.cpp:116]   --->   Operation 558 'dadd' 'jtr_acc_11' <Predicate = true> <Delay = 2.89> <CoreInst = "DAddSub_fulldsp">   --->   Core 37 'DAddSub_fulldsp' <Latency = 4> <II = 1> <Delay = 2.89> <FuncUnit> <Opcode : 'dadd' 'dsub'> <InPorts = 2> <OutPorts = 1>
ST_25 : Operation 559 [4/5] (2.89ns)   --->   "%jtr_acc_14 = dadd i64 %jtr_acc_13, i64 %mul116_5_1" [cpp/semgraph_slam/hls/registration_kernel_draft.cpp:116]   --->   Operation 559 'dadd' 'jtr_acc_14' <Predicate = true> <Delay = 2.89> <CoreInst = "DAddSub_fulldsp">   --->   Core 37 'DAddSub_fulldsp' <Latency = 4> <II = 1> <Delay = 2.89> <FuncUnit> <Opcode : 'dadd' 'dsub'> <InPorts = 2> <OutPorts = 1>
ST_25 : Operation 560 [3/5] (2.89ns)   --->   "%jtj_acc_13 = dadd i64 %jtj_acc_12, i64 0" [cpp/semgraph_slam/hls/registration_kernel_draft.cpp:130]   --->   Operation 560 'dadd' 'jtj_acc_13' <Predicate = true> <Delay = 2.89> <CoreInst = "DAddSub_fulldsp">   --->   Core 37 'DAddSub_fulldsp' <Latency = 4> <II = 1> <Delay = 2.89> <FuncUnit> <Opcode : 'dadd' 'dsub'> <InPorts = 2> <OutPorts = 1>
ST_25 : Operation 561 [3/5] (2.89ns)   --->   "%jtj_acc_17 = dadd i64 %jtj_acc_16, i64 0" [cpp/semgraph_slam/hls/registration_kernel_draft.cpp:130]   --->   Operation 561 'dadd' 'jtj_acc_17' <Predicate = true> <Delay = 2.89> <CoreInst = "DAddSub_fulldsp">   --->   Core 37 'DAddSub_fulldsp' <Latency = 4> <II = 1> <Delay = 2.89> <FuncUnit> <Opcode : 'dadd' 'dsub'> <InPorts = 2> <OutPorts = 1>
ST_25 : Operation 562 [4/5] (2.89ns)   --->   "%jtj_acc_21 = dadd i64 %jtj_acc_20, i64 %mul149_3_1_2" [cpp/semgraph_slam/hls/registration_kernel_draft.cpp:130]   --->   Operation 562 'dadd' 'jtj_acc_21' <Predicate = true> <Delay = 2.89> <CoreInst = "DAddSub_fulldsp">   --->   Core 37 'DAddSub_fulldsp' <Latency = 4> <II = 1> <Delay = 2.89> <FuncUnit> <Opcode : 'dadd' 'dsub'> <InPorts = 2> <OutPorts = 1>
ST_25 : Operation 563 [3/5] (2.89ns)   --->   "%jtj_acc_23 = dadd i64 %jtj_acc_22, i64 %mul149_3117_2" [cpp/semgraph_slam/hls/registration_kernel_draft.cpp:130]   --->   Operation 563 'dadd' 'jtj_acc_23' <Predicate = true> <Delay = 2.89> <CoreInst = "DAddSub_fulldsp">   --->   Core 37 'DAddSub_fulldsp' <Latency = 4> <II = 1> <Delay = 2.89> <FuncUnit> <Opcode : 'dadd' 'dsub'> <InPorts = 2> <OutPorts = 1>
ST_25 : Operation 564 [4/5] (2.89ns)   --->   "%jtj_acc_28 = dadd i64 %jtj_acc_27, i64 %mul149_4128_2" [cpp/semgraph_slam/hls/registration_kernel_draft.cpp:130]   --->   Operation 564 'dadd' 'jtj_acc_28' <Predicate = true> <Delay = 2.89> <CoreInst = "DAddSub_fulldsp">   --->   Core 37 'DAddSub_fulldsp' <Latency = 4> <II = 1> <Delay = 2.89> <FuncUnit> <Opcode : 'dadd' 'dsub'> <InPorts = 2> <OutPorts = 1>
ST_25 : Operation 565 [3/5] (2.89ns)   --->   "%jtj_acc_31 = dadd i64 %jtj_acc_30, i64 0" [cpp/semgraph_slam/hls/registration_kernel_draft.cpp:130]   --->   Operation 565 'dadd' 'jtj_acc_31' <Predicate = true> <Delay = 2.89> <CoreInst = "DAddSub_fulldsp">   --->   Core 37 'DAddSub_fulldsp' <Latency = 4> <II = 1> <Delay = 2.89> <FuncUnit> <Opcode : 'dadd' 'dsub'> <InPorts = 2> <OutPorts = 1>

State 26 <SV = 25> <Delay = 2.89>
ST_26 : Operation 566 [7/7] (2.34ns)   --->   "%residual2 = fadd i32 %add, i32 %mul2" [cpp/semgraph_slam/hls/registration_kernel_draft.cpp:92]   --->   Operation 566 'fadd' 'residual2' <Predicate = (!icmp_ln70)> <Delay = 2.34> <CoreInst = "FAddSub_fulldsp">   --->   Core 18 'FAddSub_fulldsp' <Latency = 6> <II = 1> <Delay = 2.34> <FuncUnit> <Opcode : 'fadd' 'fsub'> <InPorts = 2> <OutPorts = 1>
ST_26 : Operation 567 [5/5] (2.89ns)   --->   "%jtr_acc_2 = dadd i64 %jtr_acc_1, i64 %mul116_2" [cpp/semgraph_slam/hls/registration_kernel_draft.cpp:116]   --->   Operation 567 'dadd' 'jtr_acc_2' <Predicate = true> <Delay = 2.89> <CoreInst = "DAddSub_fulldsp">   --->   Core 37 'DAddSub_fulldsp' <Latency = 4> <II = 1> <Delay = 2.89> <FuncUnit> <Opcode : 'dadd' 'dsub'> <InPorts = 2> <OutPorts = 1>
ST_26 : Operation 568 [3/5] (2.89ns)   --->   "%jtr_acc_4 = dadd i64 %jtr_acc_3, i64 %conv7" [cpp/semgraph_slam/hls/registration_kernel_draft.cpp:116]   --->   Operation 568 'dadd' 'jtr_acc_4' <Predicate = true> <Delay = 2.89> <CoreInst = "DAddSub_fulldsp">   --->   Core 37 'DAddSub_fulldsp' <Latency = 4> <II = 1> <Delay = 2.89> <FuncUnit> <Opcode : 'dadd' 'dsub'> <InPorts = 2> <OutPorts = 1>
ST_26 : Operation 569 [3/5] (2.89ns)   --->   "%jtr_acc_6 = dadd i64 %jtr_acc_3, i64 %mul116_s" [cpp/semgraph_slam/hls/registration_kernel_draft.cpp:116]   --->   Operation 569 'dadd' 'jtr_acc_6' <Predicate = true> <Delay = 2.89> <CoreInst = "DAddSub_fulldsp">   --->   Core 37 'DAddSub_fulldsp' <Latency = 4> <II = 1> <Delay = 2.89> <FuncUnit> <Opcode : 'dadd' 'dsub'> <InPorts = 2> <OutPorts = 1>
ST_26 : Operation 570 [3/5] (2.89ns)   --->   "%jtr_acc_8 = dadd i64 %jtr_acc_3, i64 %mul116_3_1" [cpp/semgraph_slam/hls/registration_kernel_draft.cpp:116]   --->   Operation 570 'dadd' 'jtr_acc_8' <Predicate = true> <Delay = 2.89> <CoreInst = "DAddSub_fulldsp">   --->   Core 37 'DAddSub_fulldsp' <Latency = 4> <II = 1> <Delay = 2.89> <FuncUnit> <Opcode : 'dadd' 'dsub'> <InPorts = 2> <OutPorts = 1>
ST_26 : Operation 571 [3/5] (2.89ns)   --->   "%jtr_acc_11 = dadd i64 %jtr_acc_10, i64 %mul116_s" [cpp/semgraph_slam/hls/registration_kernel_draft.cpp:116]   --->   Operation 571 'dadd' 'jtr_acc_11' <Predicate = true> <Delay = 2.89> <CoreInst = "DAddSub_fulldsp">   --->   Core 37 'DAddSub_fulldsp' <Latency = 4> <II = 1> <Delay = 2.89> <FuncUnit> <Opcode : 'dadd' 'dsub'> <InPorts = 2> <OutPorts = 1>
ST_26 : Operation 572 [3/5] (2.89ns)   --->   "%jtr_acc_14 = dadd i64 %jtr_acc_13, i64 %mul116_5_1" [cpp/semgraph_slam/hls/registration_kernel_draft.cpp:116]   --->   Operation 572 'dadd' 'jtr_acc_14' <Predicate = true> <Delay = 2.89> <CoreInst = "DAddSub_fulldsp">   --->   Core 37 'DAddSub_fulldsp' <Latency = 4> <II = 1> <Delay = 2.89> <FuncUnit> <Opcode : 'dadd' 'dsub'> <InPorts = 2> <OutPorts = 1>
ST_26 : Operation 573 [2/5] (2.89ns)   --->   "%jtj_acc_13 = dadd i64 %jtj_acc_12, i64 0" [cpp/semgraph_slam/hls/registration_kernel_draft.cpp:130]   --->   Operation 573 'dadd' 'jtj_acc_13' <Predicate = true> <Delay = 2.89> <CoreInst = "DAddSub_fulldsp">   --->   Core 37 'DAddSub_fulldsp' <Latency = 4> <II = 1> <Delay = 2.89> <FuncUnit> <Opcode : 'dadd' 'dsub'> <InPorts = 2> <OutPorts = 1>
ST_26 : Operation 574 [2/5] (2.89ns)   --->   "%jtj_acc_17 = dadd i64 %jtj_acc_16, i64 0" [cpp/semgraph_slam/hls/registration_kernel_draft.cpp:130]   --->   Operation 574 'dadd' 'jtj_acc_17' <Predicate = true> <Delay = 2.89> <CoreInst = "DAddSub_fulldsp">   --->   Core 37 'DAddSub_fulldsp' <Latency = 4> <II = 1> <Delay = 2.89> <FuncUnit> <Opcode : 'dadd' 'dsub'> <InPorts = 2> <OutPorts = 1>
ST_26 : Operation 575 [3/5] (2.89ns)   --->   "%jtj_acc_21 = dadd i64 %jtj_acc_20, i64 %mul149_3_1_2" [cpp/semgraph_slam/hls/registration_kernel_draft.cpp:130]   --->   Operation 575 'dadd' 'jtj_acc_21' <Predicate = true> <Delay = 2.89> <CoreInst = "DAddSub_fulldsp">   --->   Core 37 'DAddSub_fulldsp' <Latency = 4> <II = 1> <Delay = 2.89> <FuncUnit> <Opcode : 'dadd' 'dsub'> <InPorts = 2> <OutPorts = 1>
ST_26 : Operation 576 [2/5] (2.89ns)   --->   "%jtj_acc_23 = dadd i64 %jtj_acc_22, i64 %mul149_3117_2" [cpp/semgraph_slam/hls/registration_kernel_draft.cpp:130]   --->   Operation 576 'dadd' 'jtj_acc_23' <Predicate = true> <Delay = 2.89> <CoreInst = "DAddSub_fulldsp">   --->   Core 37 'DAddSub_fulldsp' <Latency = 4> <II = 1> <Delay = 2.89> <FuncUnit> <Opcode : 'dadd' 'dsub'> <InPorts = 2> <OutPorts = 1>
ST_26 : Operation 577 [3/5] (2.89ns)   --->   "%jtj_acc_28 = dadd i64 %jtj_acc_27, i64 %mul149_4128_2" [cpp/semgraph_slam/hls/registration_kernel_draft.cpp:130]   --->   Operation 577 'dadd' 'jtj_acc_28' <Predicate = true> <Delay = 2.89> <CoreInst = "DAddSub_fulldsp">   --->   Core 37 'DAddSub_fulldsp' <Latency = 4> <II = 1> <Delay = 2.89> <FuncUnit> <Opcode : 'dadd' 'dsub'> <InPorts = 2> <OutPorts = 1>
ST_26 : Operation 578 [2/5] (2.89ns)   --->   "%jtj_acc_31 = dadd i64 %jtj_acc_30, i64 0" [cpp/semgraph_slam/hls/registration_kernel_draft.cpp:130]   --->   Operation 578 'dadd' 'jtj_acc_31' <Predicate = true> <Delay = 2.89> <CoreInst = "DAddSub_fulldsp">   --->   Core 37 'DAddSub_fulldsp' <Latency = 4> <II = 1> <Delay = 2.89> <FuncUnit> <Opcode : 'dadd' 'dsub'> <InPorts = 2> <OutPorts = 1>

State 27 <SV = 26> <Delay = 2.89>
ST_27 : Operation 579 [6/7] (2.34ns)   --->   "%residual2 = fadd i32 %add, i32 %mul2" [cpp/semgraph_slam/hls/registration_kernel_draft.cpp:92]   --->   Operation 579 'fadd' 'residual2' <Predicate = (!icmp_ln70)> <Delay = 2.34> <CoreInst = "FAddSub_fulldsp">   --->   Core 18 'FAddSub_fulldsp' <Latency = 6> <II = 1> <Delay = 2.34> <FuncUnit> <Opcode : 'fadd' 'fsub'> <InPorts = 2> <OutPorts = 1>
ST_27 : Operation 580 [4/5] (2.89ns)   --->   "%jtr_acc_2 = dadd i64 %jtr_acc_1, i64 %mul116_2" [cpp/semgraph_slam/hls/registration_kernel_draft.cpp:116]   --->   Operation 580 'dadd' 'jtr_acc_2' <Predicate = true> <Delay = 2.89> <CoreInst = "DAddSub_fulldsp">   --->   Core 37 'DAddSub_fulldsp' <Latency = 4> <II = 1> <Delay = 2.89> <FuncUnit> <Opcode : 'dadd' 'dsub'> <InPorts = 2> <OutPorts = 1>
ST_27 : Operation 581 [2/5] (2.89ns)   --->   "%jtr_acc_4 = dadd i64 %jtr_acc_3, i64 %conv7" [cpp/semgraph_slam/hls/registration_kernel_draft.cpp:116]   --->   Operation 581 'dadd' 'jtr_acc_4' <Predicate = true> <Delay = 2.89> <CoreInst = "DAddSub_fulldsp">   --->   Core 37 'DAddSub_fulldsp' <Latency = 4> <II = 1> <Delay = 2.89> <FuncUnit> <Opcode : 'dadd' 'dsub'> <InPorts = 2> <OutPorts = 1>
ST_27 : Operation 582 [2/5] (2.89ns)   --->   "%jtr_acc_6 = dadd i64 %jtr_acc_3, i64 %mul116_s" [cpp/semgraph_slam/hls/registration_kernel_draft.cpp:116]   --->   Operation 582 'dadd' 'jtr_acc_6' <Predicate = true> <Delay = 2.89> <CoreInst = "DAddSub_fulldsp">   --->   Core 37 'DAddSub_fulldsp' <Latency = 4> <II = 1> <Delay = 2.89> <FuncUnit> <Opcode : 'dadd' 'dsub'> <InPorts = 2> <OutPorts = 1>
ST_27 : Operation 583 [2/5] (2.89ns)   --->   "%jtr_acc_8 = dadd i64 %jtr_acc_3, i64 %mul116_3_1" [cpp/semgraph_slam/hls/registration_kernel_draft.cpp:116]   --->   Operation 583 'dadd' 'jtr_acc_8' <Predicate = true> <Delay = 2.89> <CoreInst = "DAddSub_fulldsp">   --->   Core 37 'DAddSub_fulldsp' <Latency = 4> <II = 1> <Delay = 2.89> <FuncUnit> <Opcode : 'dadd' 'dsub'> <InPorts = 2> <OutPorts = 1>
ST_27 : Operation 584 [2/5] (2.89ns)   --->   "%jtr_acc_11 = dadd i64 %jtr_acc_10, i64 %mul116_s" [cpp/semgraph_slam/hls/registration_kernel_draft.cpp:116]   --->   Operation 584 'dadd' 'jtr_acc_11' <Predicate = true> <Delay = 2.89> <CoreInst = "DAddSub_fulldsp">   --->   Core 37 'DAddSub_fulldsp' <Latency = 4> <II = 1> <Delay = 2.89> <FuncUnit> <Opcode : 'dadd' 'dsub'> <InPorts = 2> <OutPorts = 1>
ST_27 : Operation 585 [2/5] (2.89ns)   --->   "%jtr_acc_14 = dadd i64 %jtr_acc_13, i64 %mul116_5_1" [cpp/semgraph_slam/hls/registration_kernel_draft.cpp:116]   --->   Operation 585 'dadd' 'jtr_acc_14' <Predicate = true> <Delay = 2.89> <CoreInst = "DAddSub_fulldsp">   --->   Core 37 'DAddSub_fulldsp' <Latency = 4> <II = 1> <Delay = 2.89> <FuncUnit> <Opcode : 'dadd' 'dsub'> <InPorts = 2> <OutPorts = 1>
ST_27 : Operation 586 [1/5] (2.89ns)   --->   "%jtj_acc_13 = dadd i64 %jtj_acc_12, i64 0" [cpp/semgraph_slam/hls/registration_kernel_draft.cpp:130]   --->   Operation 586 'dadd' 'jtj_acc_13' <Predicate = true> <Delay = 2.89> <CoreInst = "DAddSub_fulldsp">   --->   Core 37 'DAddSub_fulldsp' <Latency = 4> <II = 1> <Delay = 2.89> <FuncUnit> <Opcode : 'dadd' 'dsub'> <InPorts = 2> <OutPorts = 1>
ST_27 : Operation 587 [1/5] (2.89ns)   --->   "%jtj_acc_17 = dadd i64 %jtj_acc_16, i64 0" [cpp/semgraph_slam/hls/registration_kernel_draft.cpp:130]   --->   Operation 587 'dadd' 'jtj_acc_17' <Predicate = true> <Delay = 2.89> <CoreInst = "DAddSub_fulldsp">   --->   Core 37 'DAddSub_fulldsp' <Latency = 4> <II = 1> <Delay = 2.89> <FuncUnit> <Opcode : 'dadd' 'dsub'> <InPorts = 2> <OutPorts = 1>
ST_27 : Operation 588 [2/5] (2.89ns)   --->   "%jtj_acc_21 = dadd i64 %jtj_acc_20, i64 %mul149_3_1_2" [cpp/semgraph_slam/hls/registration_kernel_draft.cpp:130]   --->   Operation 588 'dadd' 'jtj_acc_21' <Predicate = true> <Delay = 2.89> <CoreInst = "DAddSub_fulldsp">   --->   Core 37 'DAddSub_fulldsp' <Latency = 4> <II = 1> <Delay = 2.89> <FuncUnit> <Opcode : 'dadd' 'dsub'> <InPorts = 2> <OutPorts = 1>
ST_27 : Operation 589 [1/5] (2.89ns)   --->   "%jtj_acc_23 = dadd i64 %jtj_acc_22, i64 %mul149_3117_2" [cpp/semgraph_slam/hls/registration_kernel_draft.cpp:130]   --->   Operation 589 'dadd' 'jtj_acc_23' <Predicate = true> <Delay = 2.89> <CoreInst = "DAddSub_fulldsp">   --->   Core 37 'DAddSub_fulldsp' <Latency = 4> <II = 1> <Delay = 2.89> <FuncUnit> <Opcode : 'dadd' 'dsub'> <InPorts = 2> <OutPorts = 1>
ST_27 : Operation 590 [2/5] (2.89ns)   --->   "%jtj_acc_28 = dadd i64 %jtj_acc_27, i64 %mul149_4128_2" [cpp/semgraph_slam/hls/registration_kernel_draft.cpp:130]   --->   Operation 590 'dadd' 'jtj_acc_28' <Predicate = true> <Delay = 2.89> <CoreInst = "DAddSub_fulldsp">   --->   Core 37 'DAddSub_fulldsp' <Latency = 4> <II = 1> <Delay = 2.89> <FuncUnit> <Opcode : 'dadd' 'dsub'> <InPorts = 2> <OutPorts = 1>
ST_27 : Operation 591 [1/5] (2.89ns)   --->   "%jtj_acc_31 = dadd i64 %jtj_acc_30, i64 0" [cpp/semgraph_slam/hls/registration_kernel_draft.cpp:130]   --->   Operation 591 'dadd' 'jtj_acc_31' <Predicate = true> <Delay = 2.89> <CoreInst = "DAddSub_fulldsp">   --->   Core 37 'DAddSub_fulldsp' <Latency = 4> <II = 1> <Delay = 2.89> <FuncUnit> <Opcode : 'dadd' 'dsub'> <InPorts = 2> <OutPorts = 1>

State 28 <SV = 27> <Delay = 2.89>
ST_28 : Operation 592 [5/7] (2.34ns)   --->   "%residual2 = fadd i32 %add, i32 %mul2" [cpp/semgraph_slam/hls/registration_kernel_draft.cpp:92]   --->   Operation 592 'fadd' 'residual2' <Predicate = (!icmp_ln70)> <Delay = 2.34> <CoreInst = "FAddSub_fulldsp">   --->   Core 18 'FAddSub_fulldsp' <Latency = 6> <II = 1> <Delay = 2.34> <FuncUnit> <Opcode : 'fadd' 'fsub'> <InPorts = 2> <OutPorts = 1>
ST_28 : Operation 593 [3/5] (2.89ns)   --->   "%jtr_acc_2 = dadd i64 %jtr_acc_1, i64 %mul116_2" [cpp/semgraph_slam/hls/registration_kernel_draft.cpp:116]   --->   Operation 593 'dadd' 'jtr_acc_2' <Predicate = true> <Delay = 2.89> <CoreInst = "DAddSub_fulldsp">   --->   Core 37 'DAddSub_fulldsp' <Latency = 4> <II = 1> <Delay = 2.89> <FuncUnit> <Opcode : 'dadd' 'dsub'> <InPorts = 2> <OutPorts = 1>
ST_28 : Operation 594 [1/5] (2.89ns)   --->   "%jtr_acc_4 = dadd i64 %jtr_acc_3, i64 %conv7" [cpp/semgraph_slam/hls/registration_kernel_draft.cpp:116]   --->   Operation 594 'dadd' 'jtr_acc_4' <Predicate = true> <Delay = 2.89> <CoreInst = "DAddSub_fulldsp">   --->   Core 37 'DAddSub_fulldsp' <Latency = 4> <II = 1> <Delay = 2.89> <FuncUnit> <Opcode : 'dadd' 'dsub'> <InPorts = 2> <OutPorts = 1>
ST_28 : Operation 595 [1/5] (2.89ns)   --->   "%jtr_acc_6 = dadd i64 %jtr_acc_3, i64 %mul116_s" [cpp/semgraph_slam/hls/registration_kernel_draft.cpp:116]   --->   Operation 595 'dadd' 'jtr_acc_6' <Predicate = true> <Delay = 2.89> <CoreInst = "DAddSub_fulldsp">   --->   Core 37 'DAddSub_fulldsp' <Latency = 4> <II = 1> <Delay = 2.89> <FuncUnit> <Opcode : 'dadd' 'dsub'> <InPorts = 2> <OutPorts = 1>
ST_28 : Operation 596 [1/5] (2.89ns)   --->   "%jtr_acc_8 = dadd i64 %jtr_acc_3, i64 %mul116_3_1" [cpp/semgraph_slam/hls/registration_kernel_draft.cpp:116]   --->   Operation 596 'dadd' 'jtr_acc_8' <Predicate = true> <Delay = 2.89> <CoreInst = "DAddSub_fulldsp">   --->   Core 37 'DAddSub_fulldsp' <Latency = 4> <II = 1> <Delay = 2.89> <FuncUnit> <Opcode : 'dadd' 'dsub'> <InPorts = 2> <OutPorts = 1>
ST_28 : Operation 597 [1/5] (2.89ns)   --->   "%jtr_acc_11 = dadd i64 %jtr_acc_10, i64 %mul116_s" [cpp/semgraph_slam/hls/registration_kernel_draft.cpp:116]   --->   Operation 597 'dadd' 'jtr_acc_11' <Predicate = true> <Delay = 2.89> <CoreInst = "DAddSub_fulldsp">   --->   Core 37 'DAddSub_fulldsp' <Latency = 4> <II = 1> <Delay = 2.89> <FuncUnit> <Opcode : 'dadd' 'dsub'> <InPorts = 2> <OutPorts = 1>
ST_28 : Operation 598 [1/5] (2.89ns)   --->   "%jtr_acc_14 = dadd i64 %jtr_acc_13, i64 %mul116_5_1" [cpp/semgraph_slam/hls/registration_kernel_draft.cpp:116]   --->   Operation 598 'dadd' 'jtr_acc_14' <Predicate = true> <Delay = 2.89> <CoreInst = "DAddSub_fulldsp">   --->   Core 37 'DAddSub_fulldsp' <Latency = 4> <II = 1> <Delay = 2.89> <FuncUnit> <Opcode : 'dadd' 'dsub'> <InPorts = 2> <OutPorts = 1>
ST_28 : Operation 599 [1/5] (2.89ns)   --->   "%jtj_acc_21 = dadd i64 %jtj_acc_20, i64 %mul149_3_1_2" [cpp/semgraph_slam/hls/registration_kernel_draft.cpp:130]   --->   Operation 599 'dadd' 'jtj_acc_21' <Predicate = true> <Delay = 2.89> <CoreInst = "DAddSub_fulldsp">   --->   Core 37 'DAddSub_fulldsp' <Latency = 4> <II = 1> <Delay = 2.89> <FuncUnit> <Opcode : 'dadd' 'dsub'> <InPorts = 2> <OutPorts = 1>
ST_28 : Operation 600 [1/5] (2.89ns)   --->   "%jtj_acc_28 = dadd i64 %jtj_acc_27, i64 %mul149_4128_2" [cpp/semgraph_slam/hls/registration_kernel_draft.cpp:130]   --->   Operation 600 'dadd' 'jtj_acc_28' <Predicate = true> <Delay = 2.89> <CoreInst = "DAddSub_fulldsp">   --->   Core 37 'DAddSub_fulldsp' <Latency = 4> <II = 1> <Delay = 2.89> <FuncUnit> <Opcode : 'dadd' 'dsub'> <InPorts = 2> <OutPorts = 1>

State 29 <SV = 28> <Delay = 2.89>
ST_29 : Operation 601 [4/7] (2.34ns)   --->   "%residual2 = fadd i32 %add, i32 %mul2" [cpp/semgraph_slam/hls/registration_kernel_draft.cpp:92]   --->   Operation 601 'fadd' 'residual2' <Predicate = (!icmp_ln70)> <Delay = 2.34> <CoreInst = "FAddSub_fulldsp">   --->   Core 18 'FAddSub_fulldsp' <Latency = 6> <II = 1> <Delay = 2.34> <FuncUnit> <Opcode : 'fadd' 'fsub'> <InPorts = 2> <OutPorts = 1>
ST_29 : Operation 602 [2/5] (2.89ns)   --->   "%jtr_acc_2 = dadd i64 %jtr_acc_1, i64 %mul116_2" [cpp/semgraph_slam/hls/registration_kernel_draft.cpp:116]   --->   Operation 602 'dadd' 'jtr_acc_2' <Predicate = true> <Delay = 2.89> <CoreInst = "DAddSub_fulldsp">   --->   Core 37 'DAddSub_fulldsp' <Latency = 4> <II = 1> <Delay = 2.89> <FuncUnit> <Opcode : 'dadd' 'dsub'> <InPorts = 2> <OutPorts = 1>
ST_29 : Operation 603 [5/5] (2.89ns)   --->   "%jtr_acc_5 = dadd i64 %jtr_acc_4, i64 %mul116_2" [cpp/semgraph_slam/hls/registration_kernel_draft.cpp:116]   --->   Operation 603 'dadd' 'jtr_acc_5' <Predicate = true> <Delay = 2.89> <CoreInst = "DAddSub_fulldsp">   --->   Core 37 'DAddSub_fulldsp' <Latency = 4> <II = 1> <Delay = 2.89> <FuncUnit> <Opcode : 'dadd' 'dsub'> <InPorts = 2> <OutPorts = 1>
ST_29 : Operation 604 [5/5] (2.89ns)   --->   "%jtr_acc_7 = dadd i64 %jtr_acc_6, i64 %conv8" [cpp/semgraph_slam/hls/registration_kernel_draft.cpp:116]   --->   Operation 604 'dadd' 'jtr_acc_7' <Predicate = true> <Delay = 2.89> <CoreInst = "DAddSub_fulldsp">   --->   Core 37 'DAddSub_fulldsp' <Latency = 4> <II = 1> <Delay = 2.89> <FuncUnit> <Opcode : 'dadd' 'dsub'> <InPorts = 2> <OutPorts = 1>
ST_29 : Operation 605 [5/5] (2.89ns)   --->   "%jtr_acc_9 = dadd i64 %jtr_acc_8, i64 %mul116_3_2" [cpp/semgraph_slam/hls/registration_kernel_draft.cpp:116]   --->   Operation 605 'dadd' 'jtr_acc_9' <Predicate = true> <Delay = 2.89> <CoreInst = "DAddSub_fulldsp">   --->   Core 37 'DAddSub_fulldsp' <Latency = 4> <II = 1> <Delay = 2.89> <FuncUnit> <Opcode : 'dadd' 'dsub'> <InPorts = 2> <OutPorts = 1>
ST_29 : Operation 606 [5/5] (2.89ns)   --->   "%jtr_acc_12 = dadd i64 %jtr_acc_11, i64 %mul116_4_2" [cpp/semgraph_slam/hls/registration_kernel_draft.cpp:116]   --->   Operation 606 'dadd' 'jtr_acc_12' <Predicate = true> <Delay = 2.89> <CoreInst = "DAddSub_fulldsp">   --->   Core 37 'DAddSub_fulldsp' <Latency = 4> <II = 1> <Delay = 2.89> <FuncUnit> <Opcode : 'dadd' 'dsub'> <InPorts = 2> <OutPorts = 1>
ST_29 : Operation 607 [5/5] (2.89ns)   --->   "%jtr_acc_15 = dadd i64 %jtr_acc_14, i64 %mul116_2" [cpp/semgraph_slam/hls/registration_kernel_draft.cpp:116]   --->   Operation 607 'dadd' 'jtr_acc_15' <Predicate = true> <Delay = 2.89> <CoreInst = "DAddSub_fulldsp">   --->   Core 37 'DAddSub_fulldsp' <Latency = 4> <II = 1> <Delay = 2.89> <FuncUnit> <Opcode : 'dadd' 'dsub'> <InPorts = 2> <OutPorts = 1>

State 30 <SV = 29> <Delay = 2.89>
ST_30 : Operation 608 [3/7] (2.34ns)   --->   "%residual2 = fadd i32 %add, i32 %mul2" [cpp/semgraph_slam/hls/registration_kernel_draft.cpp:92]   --->   Operation 608 'fadd' 'residual2' <Predicate = (!icmp_ln70)> <Delay = 2.34> <CoreInst = "FAddSub_fulldsp">   --->   Core 18 'FAddSub_fulldsp' <Latency = 6> <II = 1> <Delay = 2.34> <FuncUnit> <Opcode : 'fadd' 'fsub'> <InPorts = 2> <OutPorts = 1>
ST_30 : Operation 609 [1/5] (2.89ns)   --->   "%jtr_acc_2 = dadd i64 %jtr_acc_1, i64 %mul116_2" [cpp/semgraph_slam/hls/registration_kernel_draft.cpp:116]   --->   Operation 609 'dadd' 'jtr_acc_2' <Predicate = true> <Delay = 2.89> <CoreInst = "DAddSub_fulldsp">   --->   Core 37 'DAddSub_fulldsp' <Latency = 4> <II = 1> <Delay = 2.89> <FuncUnit> <Opcode : 'dadd' 'dsub'> <InPorts = 2> <OutPorts = 1>
ST_30 : Operation 610 [4/5] (2.89ns)   --->   "%jtr_acc_5 = dadd i64 %jtr_acc_4, i64 %mul116_2" [cpp/semgraph_slam/hls/registration_kernel_draft.cpp:116]   --->   Operation 610 'dadd' 'jtr_acc_5' <Predicate = true> <Delay = 2.89> <CoreInst = "DAddSub_fulldsp">   --->   Core 37 'DAddSub_fulldsp' <Latency = 4> <II = 1> <Delay = 2.89> <FuncUnit> <Opcode : 'dadd' 'dsub'> <InPorts = 2> <OutPorts = 1>
ST_30 : Operation 611 [4/5] (2.89ns)   --->   "%jtr_acc_7 = dadd i64 %jtr_acc_6, i64 %conv8" [cpp/semgraph_slam/hls/registration_kernel_draft.cpp:116]   --->   Operation 611 'dadd' 'jtr_acc_7' <Predicate = true> <Delay = 2.89> <CoreInst = "DAddSub_fulldsp">   --->   Core 37 'DAddSub_fulldsp' <Latency = 4> <II = 1> <Delay = 2.89> <FuncUnit> <Opcode : 'dadd' 'dsub'> <InPorts = 2> <OutPorts = 1>
ST_30 : Operation 612 [4/5] (2.89ns)   --->   "%jtr_acc_9 = dadd i64 %jtr_acc_8, i64 %mul116_3_2" [cpp/semgraph_slam/hls/registration_kernel_draft.cpp:116]   --->   Operation 612 'dadd' 'jtr_acc_9' <Predicate = true> <Delay = 2.89> <CoreInst = "DAddSub_fulldsp">   --->   Core 37 'DAddSub_fulldsp' <Latency = 4> <II = 1> <Delay = 2.89> <FuncUnit> <Opcode : 'dadd' 'dsub'> <InPorts = 2> <OutPorts = 1>
ST_30 : Operation 613 [4/5] (2.89ns)   --->   "%jtr_acc_12 = dadd i64 %jtr_acc_11, i64 %mul116_4_2" [cpp/semgraph_slam/hls/registration_kernel_draft.cpp:116]   --->   Operation 613 'dadd' 'jtr_acc_12' <Predicate = true> <Delay = 2.89> <CoreInst = "DAddSub_fulldsp">   --->   Core 37 'DAddSub_fulldsp' <Latency = 4> <II = 1> <Delay = 2.89> <FuncUnit> <Opcode : 'dadd' 'dsub'> <InPorts = 2> <OutPorts = 1>
ST_30 : Operation 614 [4/5] (2.89ns)   --->   "%jtr_acc_15 = dadd i64 %jtr_acc_14, i64 %mul116_2" [cpp/semgraph_slam/hls/registration_kernel_draft.cpp:116]   --->   Operation 614 'dadd' 'jtr_acc_15' <Predicate = true> <Delay = 2.89> <CoreInst = "DAddSub_fulldsp">   --->   Core 37 'DAddSub_fulldsp' <Latency = 4> <II = 1> <Delay = 2.89> <FuncUnit> <Opcode : 'dadd' 'dsub'> <InPorts = 2> <OutPorts = 1>

State 31 <SV = 30> <Delay = 2.89>
ST_31 : Operation 615 [2/7] (2.34ns)   --->   "%residual2 = fadd i32 %add, i32 %mul2" [cpp/semgraph_slam/hls/registration_kernel_draft.cpp:92]   --->   Operation 615 'fadd' 'residual2' <Predicate = (!icmp_ln70)> <Delay = 2.34> <CoreInst = "FAddSub_fulldsp">   --->   Core 18 'FAddSub_fulldsp' <Latency = 6> <II = 1> <Delay = 2.34> <FuncUnit> <Opcode : 'fadd' 'fsub'> <InPorts = 2> <OutPorts = 1>
ST_31 : Operation 616 [3/5] (2.89ns)   --->   "%jtr_acc_5 = dadd i64 %jtr_acc_4, i64 %mul116_2" [cpp/semgraph_slam/hls/registration_kernel_draft.cpp:116]   --->   Operation 616 'dadd' 'jtr_acc_5' <Predicate = true> <Delay = 2.89> <CoreInst = "DAddSub_fulldsp">   --->   Core 37 'DAddSub_fulldsp' <Latency = 4> <II = 1> <Delay = 2.89> <FuncUnit> <Opcode : 'dadd' 'dsub'> <InPorts = 2> <OutPorts = 1>
ST_31 : Operation 617 [3/5] (2.89ns)   --->   "%jtr_acc_7 = dadd i64 %jtr_acc_6, i64 %conv8" [cpp/semgraph_slam/hls/registration_kernel_draft.cpp:116]   --->   Operation 617 'dadd' 'jtr_acc_7' <Predicate = true> <Delay = 2.89> <CoreInst = "DAddSub_fulldsp">   --->   Core 37 'DAddSub_fulldsp' <Latency = 4> <II = 1> <Delay = 2.89> <FuncUnit> <Opcode : 'dadd' 'dsub'> <InPorts = 2> <OutPorts = 1>
ST_31 : Operation 618 [3/5] (2.89ns)   --->   "%jtr_acc_9 = dadd i64 %jtr_acc_8, i64 %mul116_3_2" [cpp/semgraph_slam/hls/registration_kernel_draft.cpp:116]   --->   Operation 618 'dadd' 'jtr_acc_9' <Predicate = true> <Delay = 2.89> <CoreInst = "DAddSub_fulldsp">   --->   Core 37 'DAddSub_fulldsp' <Latency = 4> <II = 1> <Delay = 2.89> <FuncUnit> <Opcode : 'dadd' 'dsub'> <InPorts = 2> <OutPorts = 1>
ST_31 : Operation 619 [3/5] (2.89ns)   --->   "%jtr_acc_12 = dadd i64 %jtr_acc_11, i64 %mul116_4_2" [cpp/semgraph_slam/hls/registration_kernel_draft.cpp:116]   --->   Operation 619 'dadd' 'jtr_acc_12' <Predicate = true> <Delay = 2.89> <CoreInst = "DAddSub_fulldsp">   --->   Core 37 'DAddSub_fulldsp' <Latency = 4> <II = 1> <Delay = 2.89> <FuncUnit> <Opcode : 'dadd' 'dsub'> <InPorts = 2> <OutPorts = 1>
ST_31 : Operation 620 [3/5] (2.89ns)   --->   "%jtr_acc_15 = dadd i64 %jtr_acc_14, i64 %mul116_2" [cpp/semgraph_slam/hls/registration_kernel_draft.cpp:116]   --->   Operation 620 'dadd' 'jtr_acc_15' <Predicate = true> <Delay = 2.89> <CoreInst = "DAddSub_fulldsp">   --->   Core 37 'DAddSub_fulldsp' <Latency = 4> <II = 1> <Delay = 2.89> <FuncUnit> <Opcode : 'dadd' 'dsub'> <InPorts = 2> <OutPorts = 1>

State 32 <SV = 31> <Delay = 2.89>
ST_32 : Operation 621 [1/7] (2.34ns)   --->   "%residual2 = fadd i32 %add, i32 %mul2" [cpp/semgraph_slam/hls/registration_kernel_draft.cpp:92]   --->   Operation 621 'fadd' 'residual2' <Predicate = (!icmp_ln70)> <Delay = 2.34> <CoreInst = "FAddSub_fulldsp">   --->   Core 18 'FAddSub_fulldsp' <Latency = 6> <II = 1> <Delay = 2.34> <FuncUnit> <Opcode : 'fadd' 'fsub'> <InPorts = 2> <OutPorts = 1>
ST_32 : Operation 622 [2/5] (2.89ns)   --->   "%jtr_acc_5 = dadd i64 %jtr_acc_4, i64 %mul116_2" [cpp/semgraph_slam/hls/registration_kernel_draft.cpp:116]   --->   Operation 622 'dadd' 'jtr_acc_5' <Predicate = true> <Delay = 2.89> <CoreInst = "DAddSub_fulldsp">   --->   Core 37 'DAddSub_fulldsp' <Latency = 4> <II = 1> <Delay = 2.89> <FuncUnit> <Opcode : 'dadd' 'dsub'> <InPorts = 2> <OutPorts = 1>
ST_32 : Operation 623 [2/5] (2.89ns)   --->   "%jtr_acc_7 = dadd i64 %jtr_acc_6, i64 %conv8" [cpp/semgraph_slam/hls/registration_kernel_draft.cpp:116]   --->   Operation 623 'dadd' 'jtr_acc_7' <Predicate = true> <Delay = 2.89> <CoreInst = "DAddSub_fulldsp">   --->   Core 37 'DAddSub_fulldsp' <Latency = 4> <II = 1> <Delay = 2.89> <FuncUnit> <Opcode : 'dadd' 'dsub'> <InPorts = 2> <OutPorts = 1>
ST_32 : Operation 624 [2/5] (2.89ns)   --->   "%jtr_acc_9 = dadd i64 %jtr_acc_8, i64 %mul116_3_2" [cpp/semgraph_slam/hls/registration_kernel_draft.cpp:116]   --->   Operation 624 'dadd' 'jtr_acc_9' <Predicate = true> <Delay = 2.89> <CoreInst = "DAddSub_fulldsp">   --->   Core 37 'DAddSub_fulldsp' <Latency = 4> <II = 1> <Delay = 2.89> <FuncUnit> <Opcode : 'dadd' 'dsub'> <InPorts = 2> <OutPorts = 1>
ST_32 : Operation 625 [2/5] (2.89ns)   --->   "%jtr_acc_12 = dadd i64 %jtr_acc_11, i64 %mul116_4_2" [cpp/semgraph_slam/hls/registration_kernel_draft.cpp:116]   --->   Operation 625 'dadd' 'jtr_acc_12' <Predicate = true> <Delay = 2.89> <CoreInst = "DAddSub_fulldsp">   --->   Core 37 'DAddSub_fulldsp' <Latency = 4> <II = 1> <Delay = 2.89> <FuncUnit> <Opcode : 'dadd' 'dsub'> <InPorts = 2> <OutPorts = 1>
ST_32 : Operation 626 [2/5] (2.89ns)   --->   "%jtr_acc_15 = dadd i64 %jtr_acc_14, i64 %mul116_2" [cpp/semgraph_slam/hls/registration_kernel_draft.cpp:116]   --->   Operation 626 'dadd' 'jtr_acc_15' <Predicate = true> <Delay = 2.89> <CoreInst = "DAddSub_fulldsp">   --->   Core 37 'DAddSub_fulldsp' <Latency = 4> <II = 1> <Delay = 2.89> <FuncUnit> <Opcode : 'dadd' 'dsub'> <InPorts = 2> <OutPorts = 1>

State 33 <SV = 32> <Delay = 2.89>
ST_33 : Operation 627 [7/7] (2.34ns)   --->   "%add2 = fadd i32 %kernel_sq_read, i32 %residual2" [cpp/semgraph_slam/hls/registration_kernel_draft.cpp:93]   --->   Operation 627 'fadd' 'add2' <Predicate = (!icmp_ln70)> <Delay = 2.34> <CoreInst = "FAddSub_fulldsp">   --->   Core 18 'FAddSub_fulldsp' <Latency = 6> <II = 1> <Delay = 2.34> <FuncUnit> <Opcode : 'fadd' 'fsub'> <InPorts = 2> <OutPorts = 1>
ST_33 : Operation 628 [1/5] (2.89ns)   --->   "%jtr_acc_5 = dadd i64 %jtr_acc_4, i64 %mul116_2" [cpp/semgraph_slam/hls/registration_kernel_draft.cpp:116]   --->   Operation 628 'dadd' 'jtr_acc_5' <Predicate = true> <Delay = 2.89> <CoreInst = "DAddSub_fulldsp">   --->   Core 37 'DAddSub_fulldsp' <Latency = 4> <II = 1> <Delay = 2.89> <FuncUnit> <Opcode : 'dadd' 'dsub'> <InPorts = 2> <OutPorts = 1>
ST_33 : Operation 629 [1/5] (2.89ns)   --->   "%jtr_acc_7 = dadd i64 %jtr_acc_6, i64 %conv8" [cpp/semgraph_slam/hls/registration_kernel_draft.cpp:116]   --->   Operation 629 'dadd' 'jtr_acc_7' <Predicate = true> <Delay = 2.89> <CoreInst = "DAddSub_fulldsp">   --->   Core 37 'DAddSub_fulldsp' <Latency = 4> <II = 1> <Delay = 2.89> <FuncUnit> <Opcode : 'dadd' 'dsub'> <InPorts = 2> <OutPorts = 1>
ST_33 : Operation 630 [1/5] (2.89ns)   --->   "%jtr_acc_9 = dadd i64 %jtr_acc_8, i64 %mul116_3_2" [cpp/semgraph_slam/hls/registration_kernel_draft.cpp:116]   --->   Operation 630 'dadd' 'jtr_acc_9' <Predicate = true> <Delay = 2.89> <CoreInst = "DAddSub_fulldsp">   --->   Core 37 'DAddSub_fulldsp' <Latency = 4> <II = 1> <Delay = 2.89> <FuncUnit> <Opcode : 'dadd' 'dsub'> <InPorts = 2> <OutPorts = 1>
ST_33 : Operation 631 [1/5] (2.89ns)   --->   "%jtr_acc_12 = dadd i64 %jtr_acc_11, i64 %mul116_4_2" [cpp/semgraph_slam/hls/registration_kernel_draft.cpp:116]   --->   Operation 631 'dadd' 'jtr_acc_12' <Predicate = true> <Delay = 2.89> <CoreInst = "DAddSub_fulldsp">   --->   Core 37 'DAddSub_fulldsp' <Latency = 4> <II = 1> <Delay = 2.89> <FuncUnit> <Opcode : 'dadd' 'dsub'> <InPorts = 2> <OutPorts = 1>
ST_33 : Operation 632 [1/5] (2.89ns)   --->   "%jtr_acc_15 = dadd i64 %jtr_acc_14, i64 %mul116_2" [cpp/semgraph_slam/hls/registration_kernel_draft.cpp:116]   --->   Operation 632 'dadd' 'jtr_acc_15' <Predicate = true> <Delay = 2.89> <CoreInst = "DAddSub_fulldsp">   --->   Core 37 'DAddSub_fulldsp' <Latency = 4> <II = 1> <Delay = 2.89> <FuncUnit> <Opcode : 'dadd' 'dsub'> <InPorts = 2> <OutPorts = 1>

State 34 <SV = 33> <Delay = 2.34>
ST_34 : Operation 633 [6/7] (2.34ns)   --->   "%add2 = fadd i32 %kernel_sq_read, i32 %residual2" [cpp/semgraph_slam/hls/registration_kernel_draft.cpp:93]   --->   Operation 633 'fadd' 'add2' <Predicate = (!icmp_ln70)> <Delay = 2.34> <CoreInst = "FAddSub_fulldsp">   --->   Core 18 'FAddSub_fulldsp' <Latency = 6> <II = 1> <Delay = 2.34> <FuncUnit> <Opcode : 'fadd' 'fsub'> <InPorts = 2> <OutPorts = 1>

State 35 <SV = 34> <Delay = 2.34>
ST_35 : Operation 634 [5/7] (2.34ns)   --->   "%add2 = fadd i32 %kernel_sq_read, i32 %residual2" [cpp/semgraph_slam/hls/registration_kernel_draft.cpp:93]   --->   Operation 634 'fadd' 'add2' <Predicate = (!icmp_ln70)> <Delay = 2.34> <CoreInst = "FAddSub_fulldsp">   --->   Core 18 'FAddSub_fulldsp' <Latency = 6> <II = 1> <Delay = 2.34> <FuncUnit> <Opcode : 'fadd' 'fsub'> <InPorts = 2> <OutPorts = 1>

State 36 <SV = 35> <Delay = 2.34>
ST_36 : Operation 635 [4/7] (2.34ns)   --->   "%add2 = fadd i32 %kernel_sq_read, i32 %residual2" [cpp/semgraph_slam/hls/registration_kernel_draft.cpp:93]   --->   Operation 635 'fadd' 'add2' <Predicate = (!icmp_ln70)> <Delay = 2.34> <CoreInst = "FAddSub_fulldsp">   --->   Core 18 'FAddSub_fulldsp' <Latency = 6> <II = 1> <Delay = 2.34> <FuncUnit> <Opcode : 'fadd' 'fsub'> <InPorts = 2> <OutPorts = 1>

State 37 <SV = 36> <Delay = 2.34>
ST_37 : Operation 636 [3/7] (2.34ns)   --->   "%add2 = fadd i32 %kernel_sq_read, i32 %residual2" [cpp/semgraph_slam/hls/registration_kernel_draft.cpp:93]   --->   Operation 636 'fadd' 'add2' <Predicate = (!icmp_ln70)> <Delay = 2.34> <CoreInst = "FAddSub_fulldsp">   --->   Core 18 'FAddSub_fulldsp' <Latency = 6> <II = 1> <Delay = 2.34> <FuncUnit> <Opcode : 'fadd' 'fsub'> <InPorts = 2> <OutPorts = 1>

State 38 <SV = 37> <Delay = 2.34>
ST_38 : Operation 637 [2/7] (2.34ns)   --->   "%add2 = fadd i32 %kernel_sq_read, i32 %residual2" [cpp/semgraph_slam/hls/registration_kernel_draft.cpp:93]   --->   Operation 637 'fadd' 'add2' <Predicate = (!icmp_ln70)> <Delay = 2.34> <CoreInst = "FAddSub_fulldsp">   --->   Core 18 'FAddSub_fulldsp' <Latency = 6> <II = 1> <Delay = 2.34> <FuncUnit> <Opcode : 'fadd' 'fsub'> <InPorts = 2> <OutPorts = 1>

State 39 <SV = 38> <Delay = 2.34>
ST_39 : Operation 638 [1/7] (2.34ns)   --->   "%add2 = fadd i32 %kernel_sq_read, i32 %residual2" [cpp/semgraph_slam/hls/registration_kernel_draft.cpp:93]   --->   Operation 638 'fadd' 'add2' <Predicate = (!icmp_ln70)> <Delay = 2.34> <CoreInst = "FAddSub_fulldsp">   --->   Core 18 'FAddSub_fulldsp' <Latency = 6> <II = 1> <Delay = 2.34> <FuncUnit> <Opcode : 'fadd' 'fsub'> <InPorts = 2> <OutPorts = 1>

State 40 <SV = 39> <Delay = 2.32>
ST_40 : Operation 639 [12/12] (2.32ns)   --->   "%w_float = fdiv i32 %kernel_sq_read, i32 %add2" [cpp/semgraph_slam/hls/registration_kernel_draft.cpp:93]   --->   Operation 639 'fdiv' 'w_float' <Predicate = (!icmp_ln70)> <Delay = 2.32> <CoreInst = "FDiv">   --->   Core 20 'FDiv' <Latency = 11> <II = 1> <Delay = 2.32> <FuncUnit> <Opcode : 'fdiv' 'frem'> <InPorts = 2> <OutPorts = 1>

State 41 <SV = 40> <Delay = 2.32>
ST_41 : Operation 640 [11/12] (2.32ns)   --->   "%w_float = fdiv i32 %kernel_sq_read, i32 %add2" [cpp/semgraph_slam/hls/registration_kernel_draft.cpp:93]   --->   Operation 640 'fdiv' 'w_float' <Predicate = (!icmp_ln70)> <Delay = 2.32> <CoreInst = "FDiv">   --->   Core 20 'FDiv' <Latency = 11> <II = 1> <Delay = 2.32> <FuncUnit> <Opcode : 'fdiv' 'frem'> <InPorts = 2> <OutPorts = 1>

State 42 <SV = 41> <Delay = 2.32>
ST_42 : Operation 641 [10/12] (2.32ns)   --->   "%w_float = fdiv i32 %kernel_sq_read, i32 %add2" [cpp/semgraph_slam/hls/registration_kernel_draft.cpp:93]   --->   Operation 641 'fdiv' 'w_float' <Predicate = (!icmp_ln70)> <Delay = 2.32> <CoreInst = "FDiv">   --->   Core 20 'FDiv' <Latency = 11> <II = 1> <Delay = 2.32> <FuncUnit> <Opcode : 'fdiv' 'frem'> <InPorts = 2> <OutPorts = 1>

State 43 <SV = 42> <Delay = 2.32>
ST_43 : Operation 642 [9/12] (2.32ns)   --->   "%w_float = fdiv i32 %kernel_sq_read, i32 %add2" [cpp/semgraph_slam/hls/registration_kernel_draft.cpp:93]   --->   Operation 642 'fdiv' 'w_float' <Predicate = (!icmp_ln70)> <Delay = 2.32> <CoreInst = "FDiv">   --->   Core 20 'FDiv' <Latency = 11> <II = 1> <Delay = 2.32> <FuncUnit> <Opcode : 'fdiv' 'frem'> <InPorts = 2> <OutPorts = 1>

State 44 <SV = 43> <Delay = 2.32>
ST_44 : Operation 643 [8/12] (2.32ns)   --->   "%w_float = fdiv i32 %kernel_sq_read, i32 %add2" [cpp/semgraph_slam/hls/registration_kernel_draft.cpp:93]   --->   Operation 643 'fdiv' 'w_float' <Predicate = (!icmp_ln70)> <Delay = 2.32> <CoreInst = "FDiv">   --->   Core 20 'FDiv' <Latency = 11> <II = 1> <Delay = 2.32> <FuncUnit> <Opcode : 'fdiv' 'frem'> <InPorts = 2> <OutPorts = 1>

State 45 <SV = 44> <Delay = 2.92>
ST_45 : Operation 644 [1/1] (0.00ns)   --->   "%gmem2_addr = getelementptr i32 %gmem2, i64 %sext_ln70_2_cast" [cpp/semgraph_slam/hls/registration_kernel_draft.cpp:70]   --->   Operation 644 'getelementptr' 'gmem2_addr' <Predicate = (!icmp_ln70)> <Delay = 0.00>
ST_45 : Operation 645 [7/12] (2.32ns)   --->   "%w_float = fdiv i32 %kernel_sq_read, i32 %add2" [cpp/semgraph_slam/hls/registration_kernel_draft.cpp:93]   --->   Operation 645 'fdiv' 'w_float' <Predicate = (!icmp_ln70)> <Delay = 2.32> <CoreInst = "FDiv">   --->   Core 20 'FDiv' <Latency = 11> <II = 1> <Delay = 2.32> <FuncUnit> <Opcode : 'fdiv' 'frem'> <InPorts = 2> <OutPorts = 1>
ST_45 : Operation 646 [1/1] (2.92ns)   --->   "%gmem2_addr_read = read i32 @_ssdm_op_Read.m_axi.p1i32, i32 %gmem2_addr" [cpp/semgraph_slam/hls/registration_kernel_draft.cpp:94]   --->   Operation 646 'read' 'gmem2_addr_read' <Predicate = (!icmp_ln70)> <Delay = 2.92> <CoreInst = "m_axi">   --->   Core 119 'm_axi' <Latency = 0> <II = 1> <Delay = 1.00> <Adapter> <Opcode : 'read' 'write' 'readreq' 'writereq' 'writeresp'>

State 46 <SV = 45> <Delay = 2.32>
ST_46 : Operation 647 [6/12] (2.32ns)   --->   "%w_float = fdiv i32 %kernel_sq_read, i32 %add2" [cpp/semgraph_slam/hls/registration_kernel_draft.cpp:93]   --->   Operation 647 'fdiv' 'w_float' <Predicate = (!icmp_ln70)> <Delay = 2.32> <CoreInst = "FDiv">   --->   Core 20 'FDiv' <Latency = 11> <II = 1> <Delay = 2.32> <FuncUnit> <Opcode : 'fdiv' 'frem'> <InPorts = 2> <OutPorts = 1>
ST_46 : Operation 648 [1/1] (0.78ns)   --->   "%switch_ln17 = switch i32 %gmem2_addr_read, void %_ZN20graph_slam_hls_draft12_GLOBAL__N_114SemanticWeightEi.exit, i32 16, void %sw.bb.i, i32 18, void %sw.bb.i, i32 19, void %sw.bb.i, i32 20, void %sw.bb1.i, i32 21, void %sw.bb1.i, i32 22, void %sw.bb1.i, i32 23, void %sw.bb1.i, i32 24, void %sw.bb1.i, i32 25, void %sw.bb1.i" [cpp/semgraph_slam/hls/registration_kernel_draft.cpp:17->cpp/semgraph_slam/hls/registration_kernel_draft.cpp:94]   --->   Operation 648 'switch' 'switch_ln17' <Predicate = (!icmp_ln70)> <Delay = 0.78>
ST_46 : Operation 649 [1/1] (0.41ns)   --->   "%br_ln19 = br void %_ZN20graph_slam_hls_draft12_GLOBAL__N_114SemanticWeightEi.exit" [cpp/semgraph_slam/hls/registration_kernel_draft.cpp:19->cpp/semgraph_slam/hls/registration_kernel_draft.cpp:94]   --->   Operation 649 'br' 'br_ln19' <Predicate = (!icmp_ln70 & gmem2_addr_read == 25) | (!icmp_ln70 & gmem2_addr_read == 24) | (!icmp_ln70 & gmem2_addr_read == 23) | (!icmp_ln70 & gmem2_addr_read == 22) | (!icmp_ln70 & gmem2_addr_read == 21) | (!icmp_ln70 & gmem2_addr_read == 20)> <Delay = 0.41>
ST_46 : Operation 650 [1/1] (0.41ns)   --->   "%br_ln18 = br void %_ZN20graph_slam_hls_draft12_GLOBAL__N_114SemanticWeightEi.exit" [cpp/semgraph_slam/hls/registration_kernel_draft.cpp:18->cpp/semgraph_slam/hls/registration_kernel_draft.cpp:94]   --->   Operation 650 'br' 'br_ln18' <Predicate = (!icmp_ln70 & gmem2_addr_read == 19) | (!icmp_ln70 & gmem2_addr_read == 18) | (!icmp_ln70 & gmem2_addr_read == 16)> <Delay = 0.41>

State 47 <SV = 46> <Delay = 2.32>
ST_47 : Operation 651 [5/12] (2.32ns)   --->   "%w_float = fdiv i32 %kernel_sq_read, i32 %add2" [cpp/semgraph_slam/hls/registration_kernel_draft.cpp:93]   --->   Operation 651 'fdiv' 'w_float' <Predicate = (!icmp_ln70)> <Delay = 2.32> <CoreInst = "FDiv">   --->   Core 20 'FDiv' <Latency = 11> <II = 1> <Delay = 2.32> <FuncUnit> <Opcode : 'fdiv' 'frem'> <InPorts = 2> <OutPorts = 1>

State 48 <SV = 47> <Delay = 2.32>
ST_48 : Operation 652 [4/12] (2.32ns)   --->   "%w_float = fdiv i32 %kernel_sq_read, i32 %add2" [cpp/semgraph_slam/hls/registration_kernel_draft.cpp:93]   --->   Operation 652 'fdiv' 'w_float' <Predicate = (!icmp_ln70)> <Delay = 2.32> <CoreInst = "FDiv">   --->   Core 20 'FDiv' <Latency = 11> <II = 1> <Delay = 2.32> <FuncUnit> <Opcode : 'fdiv' 'frem'> <InPorts = 2> <OutPorts = 1>

State 49 <SV = 48> <Delay = 2.32>
ST_49 : Operation 653 [3/12] (2.32ns)   --->   "%w_float = fdiv i32 %kernel_sq_read, i32 %add2" [cpp/semgraph_slam/hls/registration_kernel_draft.cpp:93]   --->   Operation 653 'fdiv' 'w_float' <Predicate = (!icmp_ln70)> <Delay = 2.32> <CoreInst = "FDiv">   --->   Core 20 'FDiv' <Latency = 11> <II = 1> <Delay = 2.32> <FuncUnit> <Opcode : 'fdiv' 'frem'> <InPorts = 2> <OutPorts = 1>

State 50 <SV = 49> <Delay = 2.32>
ST_50 : Operation 654 [2/12] (2.32ns)   --->   "%w_float = fdiv i32 %kernel_sq_read, i32 %add2" [cpp/semgraph_slam/hls/registration_kernel_draft.cpp:93]   --->   Operation 654 'fdiv' 'w_float' <Predicate = (!icmp_ln70)> <Delay = 2.32> <CoreInst = "FDiv">   --->   Core 20 'FDiv' <Latency = 11> <II = 1> <Delay = 2.32> <FuncUnit> <Opcode : 'fdiv' 'frem'> <InPorts = 2> <OutPorts = 1>

State 51 <SV = 50> <Delay = 2.32>
ST_51 : Operation 655 [1/1] (0.00ns)   --->   "%specpipeline_ln74 = specpipeline void @_ssdm_op_SpecPipeline, i32 4294967295, i32 0, i32 0, i32 0, void @empty_0" [cpp/semgraph_slam/hls/registration_kernel_draft.cpp:74]   --->   Operation 655 'specpipeline' 'specpipeline_ln74' <Predicate = (!icmp_ln70)> <Delay = 0.00>
ST_51 : Operation 656 [1/1] (0.00ns)   --->   "%speclooptripcount_ln75 = speclooptripcount void @_ssdm_op_SpecLoopTripCount, i64 1, i64 16384, i64 4096" [cpp/semgraph_slam/hls/registration_kernel_draft.cpp:75]   --->   Operation 656 'speclooptripcount' 'speclooptripcount_ln75' <Predicate = (!icmp_ln70)> <Delay = 0.00>
ST_51 : Operation 657 [1/1] (0.00ns)   --->   "%specloopname_ln70 = specloopname void @_ssdm_op_SpecLoopName, void @empty_25" [cpp/semgraph_slam/hls/registration_kernel_draft.cpp:70]   --->   Operation 657 'specloopname' 'specloopname_ln70' <Predicate = (!icmp_ln70)> <Delay = 0.00>
ST_51 : Operation 658 [1/12] (2.32ns)   --->   "%w_float = fdiv i32 %kernel_sq_read, i32 %add2" [cpp/semgraph_slam/hls/registration_kernel_draft.cpp:93]   --->   Operation 658 'fdiv' 'w_float' <Predicate = (!icmp_ln70)> <Delay = 2.32> <CoreInst = "FDiv">   --->   Core 20 'FDiv' <Latency = 11> <II = 1> <Delay = 2.32> <FuncUnit> <Opcode : 'fdiv' 'frem'> <InPorts = 2> <OutPorts = 1>

State 52 <SV = 51> <Delay = 2.32>
ST_52 : Operation 659 [1/1] (0.00ns)   --->   "%semantic_w_float = phi i32 0, void %sw.bb1.i, i32 1.2, void %sw.bb.i, i32 1, void %VITIS_LOOP_111_4.split"   --->   Operation 659 'phi' 'semantic_w_float' <Predicate = true> <Delay = 0.00>
ST_52 : Operation 660 [4/4] (2.32ns)   --->   "%mul3 = fmul i32 %w_float, i32 %semantic_w_float" [cpp/semgraph_slam/hls/registration_kernel_draft.cpp:97]   --->   Operation 660 'fmul' 'mul3' <Predicate = true> <Delay = 2.32> <CoreInst = "FMul_maxdsp">   --->   Core 30 'FMul_maxdsp' <Latency = 3> <II = 1> <Delay = 2.32> <FuncUnit> <Opcode : 'fmul'> <InPorts = 2> <OutPorts = 1>

State 53 <SV = 52> <Delay = 2.32>
ST_53 : Operation 661 [3/4] (2.32ns)   --->   "%mul3 = fmul i32 %w_float, i32 %semantic_w_float" [cpp/semgraph_slam/hls/registration_kernel_draft.cpp:97]   --->   Operation 661 'fmul' 'mul3' <Predicate = true> <Delay = 2.32> <CoreInst = "FMul_maxdsp">   --->   Core 30 'FMul_maxdsp' <Latency = 3> <II = 1> <Delay = 2.32> <FuncUnit> <Opcode : 'fmul'> <InPorts = 2> <OutPorts = 1>

State 54 <SV = 53> <Delay = 2.32>
ST_54 : Operation 662 [2/4] (2.32ns)   --->   "%mul3 = fmul i32 %w_float, i32 %semantic_w_float" [cpp/semgraph_slam/hls/registration_kernel_draft.cpp:97]   --->   Operation 662 'fmul' 'mul3' <Predicate = true> <Delay = 2.32> <CoreInst = "FMul_maxdsp">   --->   Core 30 'FMul_maxdsp' <Latency = 3> <II = 1> <Delay = 2.32> <FuncUnit> <Opcode : 'fmul'> <InPorts = 2> <OutPorts = 1>

State 55 <SV = 54> <Delay = 2.32>
ST_55 : Operation 663 [1/4] (2.32ns)   --->   "%mul3 = fmul i32 %w_float, i32 %semantic_w_float" [cpp/semgraph_slam/hls/registration_kernel_draft.cpp:97]   --->   Operation 663 'fmul' 'mul3' <Predicate = true> <Delay = 2.32> <CoreInst = "FMul_maxdsp">   --->   Core 30 'FMul_maxdsp' <Latency = 3> <II = 1> <Delay = 2.32> <FuncUnit> <Opcode : 'fmul'> <InPorts = 2> <OutPorts = 1>

State 56 <SV = 55> <Delay = 1.54>
ST_56 : Operation 664 [2/2] (1.54ns)   --->   "%w = fpext i32 %mul3" [cpp/semgraph_slam/hls/registration_kernel_draft.cpp:97]   --->   Operation 664 'fpext' 'w' <Predicate = true> <Delay = 1.54> <CoreInst = "Float2Double">   --->   Core 64 'Float2Double' <Latency = 1> <II = 1> <Delay = 1.54> <FuncUnit> <Opcode : 'fpext'> <InPorts = 1> <OutPorts = 1>

State 57 <SV = 56> <Delay = 1.54>
ST_57 : Operation 665 [1/2] (1.54ns)   --->   "%w = fpext i32 %mul3" [cpp/semgraph_slam/hls/registration_kernel_draft.cpp:97]   --->   Operation 665 'fpext' 'w' <Predicate = true> <Delay = 1.54> <CoreInst = "Float2Double">   --->   Core 64 'Float2Double' <Latency = 1> <II = 1> <Delay = 1.54> <FuncUnit> <Opcode : 'fpext'> <InPorts = 1> <OutPorts = 1>

State 58 <SV = 57> <Delay = 2.89>
ST_58 : Operation 666 [1/1] (0.00ns)   --->   "%p_load52 = load i64 %empty_36" [cpp/semgraph_slam/hls/registration_kernel_draft.cpp:132]   --->   Operation 666 'load' 'p_load52' <Predicate = true> <Delay = 0.00>
ST_58 : Operation 667 [1/1] (0.00ns)   --->   "%p_load40 = load i64 %empty_42" [cpp/semgraph_slam/hls/registration_kernel_draft.cpp:132]   --->   Operation 667 'load' 'p_load40' <Predicate = true> <Delay = 0.00>
ST_58 : Operation 668 [1/1] (0.00ns)   --->   "%p_load30 = load i64 %empty_47" [cpp/semgraph_slam/hls/registration_kernel_draft.cpp:132]   --->   Operation 668 'load' 'p_load30' <Predicate = true> <Delay = 0.00>
ST_58 : Operation 669 [6/6] (2.75ns)   --->   "%mul4 = dmul i64 %w, i64 %jtr_acc_2" [cpp/semgraph_slam/hls/registration_kernel_draft.cpp:118]   --->   Operation 669 'dmul' 'mul4' <Predicate = true> <Delay = 2.75> <CoreInst = "DMul_maxdsp">   --->   Core 49 'DMul_maxdsp' <Latency = 5> <II = 1> <Delay = 2.75> <FuncUnit> <Opcode : 'dmul'> <InPorts = 2> <OutPorts = 1>
ST_58 : Operation 670 [6/6] (2.75ns)   --->   "%mul121_1 = dmul i64 %w, i64 %jtr_acc_5" [cpp/semgraph_slam/hls/registration_kernel_draft.cpp:118]   --->   Operation 670 'dmul' 'mul121_1' <Predicate = true> <Delay = 2.75> <CoreInst = "DMul_maxdsp">   --->   Core 49 'DMul_maxdsp' <Latency = 5> <II = 1> <Delay = 2.75> <FuncUnit> <Opcode : 'dmul'> <InPorts = 2> <OutPorts = 1>
ST_58 : Operation 671 [6/6] (2.75ns)   --->   "%mul121_2 = dmul i64 %w, i64 %jtr_acc_7" [cpp/semgraph_slam/hls/registration_kernel_draft.cpp:118]   --->   Operation 671 'dmul' 'mul121_2' <Predicate = true> <Delay = 2.75> <CoreInst = "DMul_maxdsp">   --->   Core 49 'DMul_maxdsp' <Latency = 5> <II = 1> <Delay = 2.75> <FuncUnit> <Opcode : 'dmul'> <InPorts = 2> <OutPorts = 1>
ST_58 : Operation 672 [6/6] (2.75ns)   --->   "%mul121_3 = dmul i64 %w, i64 %jtr_acc_9" [cpp/semgraph_slam/hls/registration_kernel_draft.cpp:118]   --->   Operation 672 'dmul' 'mul121_3' <Predicate = true> <Delay = 2.75> <CoreInst = "DMul_maxdsp">   --->   Core 49 'DMul_maxdsp' <Latency = 5> <II = 1> <Delay = 2.75> <FuncUnit> <Opcode : 'dmul'> <InPorts = 2> <OutPorts = 1>
ST_58 : Operation 673 [6/6] (2.75ns)   --->   "%mul121_4 = dmul i64 %w, i64 %jtr_acc_12" [cpp/semgraph_slam/hls/registration_kernel_draft.cpp:118]   --->   Operation 673 'dmul' 'mul121_4' <Predicate = true> <Delay = 2.75> <CoreInst = "DMul_maxdsp">   --->   Core 49 'DMul_maxdsp' <Latency = 5> <II = 1> <Delay = 2.75> <FuncUnit> <Opcode : 'dmul'> <InPorts = 2> <OutPorts = 1>
ST_58 : Operation 674 [5/5] (2.89ns)   --->   "%add5 = dadd i64 %p_load52, i64 %w" [cpp/semgraph_slam/hls/registration_kernel_draft.cpp:132]   --->   Operation 674 'dadd' 'add5' <Predicate = true> <Delay = 2.89> <CoreInst = "DAddSub_fulldsp">   --->   Core 37 'DAddSub_fulldsp' <Latency = 4> <II = 1> <Delay = 2.89> <FuncUnit> <Opcode : 'dadd' 'dsub'> <InPorts = 2> <OutPorts = 1>
ST_58 : Operation 675 [5/5] (2.89ns)   --->   "%add158_1 = dadd i64 %p_load40, i64 %w" [cpp/semgraph_slam/hls/registration_kernel_draft.cpp:132]   --->   Operation 675 'dadd' 'add158_1' <Predicate = true> <Delay = 2.89> <CoreInst = "DAddSub_fulldsp">   --->   Core 37 'DAddSub_fulldsp' <Latency = 4> <II = 1> <Delay = 2.89> <FuncUnit> <Opcode : 'dadd' 'dsub'> <InPorts = 2> <OutPorts = 1>
ST_58 : Operation 676 [5/5] (2.89ns)   --->   "%add158_2 = dadd i64 %p_load30, i64 %w" [cpp/semgraph_slam/hls/registration_kernel_draft.cpp:132]   --->   Operation 676 'dadd' 'add158_2' <Predicate = true> <Delay = 2.89> <CoreInst = "DAddSub_fulldsp">   --->   Core 37 'DAddSub_fulldsp' <Latency = 4> <II = 1> <Delay = 2.89> <FuncUnit> <Opcode : 'dadd' 'dsub'> <InPorts = 2> <OutPorts = 1>

State 59 <SV = 58> <Delay = 2.89>
ST_59 : Operation 677 [5/6] (2.75ns)   --->   "%mul4 = dmul i64 %w, i64 %jtr_acc_2" [cpp/semgraph_slam/hls/registration_kernel_draft.cpp:118]   --->   Operation 677 'dmul' 'mul4' <Predicate = true> <Delay = 2.75> <CoreInst = "DMul_maxdsp">   --->   Core 49 'DMul_maxdsp' <Latency = 5> <II = 1> <Delay = 2.75> <FuncUnit> <Opcode : 'dmul'> <InPorts = 2> <OutPorts = 1>
ST_59 : Operation 678 [5/6] (2.75ns)   --->   "%mul121_1 = dmul i64 %w, i64 %jtr_acc_5" [cpp/semgraph_slam/hls/registration_kernel_draft.cpp:118]   --->   Operation 678 'dmul' 'mul121_1' <Predicate = true> <Delay = 2.75> <CoreInst = "DMul_maxdsp">   --->   Core 49 'DMul_maxdsp' <Latency = 5> <II = 1> <Delay = 2.75> <FuncUnit> <Opcode : 'dmul'> <InPorts = 2> <OutPorts = 1>
ST_59 : Operation 679 [5/6] (2.75ns)   --->   "%mul121_2 = dmul i64 %w, i64 %jtr_acc_7" [cpp/semgraph_slam/hls/registration_kernel_draft.cpp:118]   --->   Operation 679 'dmul' 'mul121_2' <Predicate = true> <Delay = 2.75> <CoreInst = "DMul_maxdsp">   --->   Core 49 'DMul_maxdsp' <Latency = 5> <II = 1> <Delay = 2.75> <FuncUnit> <Opcode : 'dmul'> <InPorts = 2> <OutPorts = 1>
ST_59 : Operation 680 [5/6] (2.75ns)   --->   "%mul121_3 = dmul i64 %w, i64 %jtr_acc_9" [cpp/semgraph_slam/hls/registration_kernel_draft.cpp:118]   --->   Operation 680 'dmul' 'mul121_3' <Predicate = true> <Delay = 2.75> <CoreInst = "DMul_maxdsp">   --->   Core 49 'DMul_maxdsp' <Latency = 5> <II = 1> <Delay = 2.75> <FuncUnit> <Opcode : 'dmul'> <InPorts = 2> <OutPorts = 1>
ST_59 : Operation 681 [5/6] (2.75ns)   --->   "%mul121_4 = dmul i64 %w, i64 %jtr_acc_12" [cpp/semgraph_slam/hls/registration_kernel_draft.cpp:118]   --->   Operation 681 'dmul' 'mul121_4' <Predicate = true> <Delay = 2.75> <CoreInst = "DMul_maxdsp">   --->   Core 49 'DMul_maxdsp' <Latency = 5> <II = 1> <Delay = 2.75> <FuncUnit> <Opcode : 'dmul'> <InPorts = 2> <OutPorts = 1>
ST_59 : Operation 682 [6/6] (2.75ns)   --->   "%mul121_5 = dmul i64 %w, i64 %jtr_acc_15" [cpp/semgraph_slam/hls/registration_kernel_draft.cpp:118]   --->   Operation 682 'dmul' 'mul121_5' <Predicate = true> <Delay = 2.75> <CoreInst = "DMul_maxdsp">   --->   Core 49 'DMul_maxdsp' <Latency = 5> <II = 1> <Delay = 2.75> <FuncUnit> <Opcode : 'dmul'> <InPorts = 2> <OutPorts = 1>
ST_59 : Operation 683 [4/5] (2.89ns)   --->   "%add5 = dadd i64 %p_load52, i64 %w" [cpp/semgraph_slam/hls/registration_kernel_draft.cpp:132]   --->   Operation 683 'dadd' 'add5' <Predicate = true> <Delay = 2.89> <CoreInst = "DAddSub_fulldsp">   --->   Core 37 'DAddSub_fulldsp' <Latency = 4> <II = 1> <Delay = 2.89> <FuncUnit> <Opcode : 'dadd' 'dsub'> <InPorts = 2> <OutPorts = 1>
ST_59 : Operation 684 [6/6] (2.75ns)   --->   "%mul154_s = dmul i64 %w, i64 0" [cpp/semgraph_slam/hls/registration_kernel_draft.cpp:132]   --->   Operation 684 'dmul' 'mul154_s' <Predicate = true> <Delay = 2.75> <CoreInst = "DMul_maxdsp">   --->   Core 49 'DMul_maxdsp' <Latency = 5> <II = 1> <Delay = 2.75> <FuncUnit> <Opcode : 'dmul'> <InPorts = 2> <OutPorts = 1>
ST_59 : Operation 685 [6/6] (2.75ns)   --->   "%mul154_1 = dmul i64 %w, i64 %jtj_acc_1" [cpp/semgraph_slam/hls/registration_kernel_draft.cpp:132]   --->   Operation 685 'dmul' 'mul154_1' <Predicate = true> <Delay = 2.75> <CoreInst = "DMul_maxdsp">   --->   Core 49 'DMul_maxdsp' <Latency = 5> <II = 1> <Delay = 2.75> <FuncUnit> <Opcode : 'dmul'> <InPorts = 2> <OutPorts = 1>
ST_59 : Operation 686 [6/6] (2.75ns)   --->   "%mul154_2 = dmul i64 %w, i64 %jtj_acc_3" [cpp/semgraph_slam/hls/registration_kernel_draft.cpp:132]   --->   Operation 686 'dmul' 'mul154_2' <Predicate = true> <Delay = 2.75> <CoreInst = "DMul_maxdsp">   --->   Core 49 'DMul_maxdsp' <Latency = 5> <II = 1> <Delay = 2.75> <FuncUnit> <Opcode : 'dmul'> <InPorts = 2> <OutPorts = 1>
ST_59 : Operation 687 [6/6] (2.75ns)   --->   "%mul154_6 = dmul i64 %w, i64 %jtj_acc_6" [cpp/semgraph_slam/hls/registration_kernel_draft.cpp:132]   --->   Operation 687 'dmul' 'mul154_6' <Predicate = true> <Delay = 2.75> <CoreInst = "DMul_maxdsp">   --->   Core 49 'DMul_maxdsp' <Latency = 5> <II = 1> <Delay = 2.75> <FuncUnit> <Opcode : 'dmul'> <InPorts = 2> <OutPorts = 1>
ST_59 : Operation 688 [4/5] (2.89ns)   --->   "%add158_1 = dadd i64 %p_load40, i64 %w" [cpp/semgraph_slam/hls/registration_kernel_draft.cpp:132]   --->   Operation 688 'dadd' 'add158_1' <Predicate = true> <Delay = 2.89> <CoreInst = "DAddSub_fulldsp">   --->   Core 37 'DAddSub_fulldsp' <Latency = 4> <II = 1> <Delay = 2.89> <FuncUnit> <Opcode : 'dadd' 'dsub'> <InPorts = 2> <OutPorts = 1>
ST_59 : Operation 689 [6/6] (2.75ns)   --->   "%mul154_1_2 = dmul i64 %w, i64 %jtj_acc_8" [cpp/semgraph_slam/hls/registration_kernel_draft.cpp:132]   --->   Operation 689 'dmul' 'mul154_1_2' <Predicate = true> <Delay = 2.75> <CoreInst = "DMul_maxdsp">   --->   Core 49 'DMul_maxdsp' <Latency = 5> <II = 1> <Delay = 2.75> <FuncUnit> <Opcode : 'dmul'> <InPorts = 2> <OutPorts = 1>
ST_59 : Operation 690 [6/6] (2.75ns)   --->   "%mul154_1_3 = dmul i64 %w, i64 %jtj_acc_10" [cpp/semgraph_slam/hls/registration_kernel_draft.cpp:132]   --->   Operation 690 'dmul' 'mul154_1_3' <Predicate = true> <Delay = 2.75> <CoreInst = "DMul_maxdsp">   --->   Core 49 'DMul_maxdsp' <Latency = 5> <II = 1> <Delay = 2.75> <FuncUnit> <Opcode : 'dmul'> <InPorts = 2> <OutPorts = 1>
ST_59 : Operation 691 [6/6] (2.75ns)   --->   "%mul154_1_4 = dmul i64 %w, i64 %jtj_acc_13" [cpp/semgraph_slam/hls/registration_kernel_draft.cpp:132]   --->   Operation 691 'dmul' 'mul154_1_4' <Predicate = true> <Delay = 2.75> <CoreInst = "DMul_maxdsp">   --->   Core 49 'DMul_maxdsp' <Latency = 5> <II = 1> <Delay = 2.75> <FuncUnit> <Opcode : 'dmul'> <InPorts = 2> <OutPorts = 1>
ST_59 : Operation 692 [4/5] (2.89ns)   --->   "%add158_2 = dadd i64 %p_load30, i64 %w" [cpp/semgraph_slam/hls/registration_kernel_draft.cpp:132]   --->   Operation 692 'dadd' 'add158_2' <Predicate = true> <Delay = 2.89> <CoreInst = "DAddSub_fulldsp">   --->   Core 37 'DAddSub_fulldsp' <Latency = 4> <II = 1> <Delay = 2.89> <FuncUnit> <Opcode : 'dadd' 'dsub'> <InPorts = 2> <OutPorts = 1>

State 60 <SV = 59> <Delay = 2.89>
ST_60 : Operation 693 [4/6] (2.75ns)   --->   "%mul4 = dmul i64 %w, i64 %jtr_acc_2" [cpp/semgraph_slam/hls/registration_kernel_draft.cpp:118]   --->   Operation 693 'dmul' 'mul4' <Predicate = true> <Delay = 2.75> <CoreInst = "DMul_maxdsp">   --->   Core 49 'DMul_maxdsp' <Latency = 5> <II = 1> <Delay = 2.75> <FuncUnit> <Opcode : 'dmul'> <InPorts = 2> <OutPorts = 1>
ST_60 : Operation 694 [4/6] (2.75ns)   --->   "%mul121_1 = dmul i64 %w, i64 %jtr_acc_5" [cpp/semgraph_slam/hls/registration_kernel_draft.cpp:118]   --->   Operation 694 'dmul' 'mul121_1' <Predicate = true> <Delay = 2.75> <CoreInst = "DMul_maxdsp">   --->   Core 49 'DMul_maxdsp' <Latency = 5> <II = 1> <Delay = 2.75> <FuncUnit> <Opcode : 'dmul'> <InPorts = 2> <OutPorts = 1>
ST_60 : Operation 695 [4/6] (2.75ns)   --->   "%mul121_2 = dmul i64 %w, i64 %jtr_acc_7" [cpp/semgraph_slam/hls/registration_kernel_draft.cpp:118]   --->   Operation 695 'dmul' 'mul121_2' <Predicate = true> <Delay = 2.75> <CoreInst = "DMul_maxdsp">   --->   Core 49 'DMul_maxdsp' <Latency = 5> <II = 1> <Delay = 2.75> <FuncUnit> <Opcode : 'dmul'> <InPorts = 2> <OutPorts = 1>
ST_60 : Operation 696 [4/6] (2.75ns)   --->   "%mul121_3 = dmul i64 %w, i64 %jtr_acc_9" [cpp/semgraph_slam/hls/registration_kernel_draft.cpp:118]   --->   Operation 696 'dmul' 'mul121_3' <Predicate = true> <Delay = 2.75> <CoreInst = "DMul_maxdsp">   --->   Core 49 'DMul_maxdsp' <Latency = 5> <II = 1> <Delay = 2.75> <FuncUnit> <Opcode : 'dmul'> <InPorts = 2> <OutPorts = 1>
ST_60 : Operation 697 [4/6] (2.75ns)   --->   "%mul121_4 = dmul i64 %w, i64 %jtr_acc_12" [cpp/semgraph_slam/hls/registration_kernel_draft.cpp:118]   --->   Operation 697 'dmul' 'mul121_4' <Predicate = true> <Delay = 2.75> <CoreInst = "DMul_maxdsp">   --->   Core 49 'DMul_maxdsp' <Latency = 5> <II = 1> <Delay = 2.75> <FuncUnit> <Opcode : 'dmul'> <InPorts = 2> <OutPorts = 1>
ST_60 : Operation 698 [5/6] (2.75ns)   --->   "%mul121_5 = dmul i64 %w, i64 %jtr_acc_15" [cpp/semgraph_slam/hls/registration_kernel_draft.cpp:118]   --->   Operation 698 'dmul' 'mul121_5' <Predicate = true> <Delay = 2.75> <CoreInst = "DMul_maxdsp">   --->   Core 49 'DMul_maxdsp' <Latency = 5> <II = 1> <Delay = 2.75> <FuncUnit> <Opcode : 'dmul'> <InPorts = 2> <OutPorts = 1>
ST_60 : Operation 699 [3/5] (2.89ns)   --->   "%add5 = dadd i64 %p_load52, i64 %w" [cpp/semgraph_slam/hls/registration_kernel_draft.cpp:132]   --->   Operation 699 'dadd' 'add5' <Predicate = true> <Delay = 2.89> <CoreInst = "DAddSub_fulldsp">   --->   Core 37 'DAddSub_fulldsp' <Latency = 4> <II = 1> <Delay = 2.89> <FuncUnit> <Opcode : 'dadd' 'dsub'> <InPorts = 2> <OutPorts = 1>
ST_60 : Operation 700 [5/6] (2.75ns)   --->   "%mul154_s = dmul i64 %w, i64 0" [cpp/semgraph_slam/hls/registration_kernel_draft.cpp:132]   --->   Operation 700 'dmul' 'mul154_s' <Predicate = true> <Delay = 2.75> <CoreInst = "DMul_maxdsp">   --->   Core 49 'DMul_maxdsp' <Latency = 5> <II = 1> <Delay = 2.75> <FuncUnit> <Opcode : 'dmul'> <InPorts = 2> <OutPorts = 1>
ST_60 : Operation 701 [5/6] (2.75ns)   --->   "%mul154_1 = dmul i64 %w, i64 %jtj_acc_1" [cpp/semgraph_slam/hls/registration_kernel_draft.cpp:132]   --->   Operation 701 'dmul' 'mul154_1' <Predicate = true> <Delay = 2.75> <CoreInst = "DMul_maxdsp">   --->   Core 49 'DMul_maxdsp' <Latency = 5> <II = 1> <Delay = 2.75> <FuncUnit> <Opcode : 'dmul'> <InPorts = 2> <OutPorts = 1>
ST_60 : Operation 702 [5/6] (2.75ns)   --->   "%mul154_2 = dmul i64 %w, i64 %jtj_acc_3" [cpp/semgraph_slam/hls/registration_kernel_draft.cpp:132]   --->   Operation 702 'dmul' 'mul154_2' <Predicate = true> <Delay = 2.75> <CoreInst = "DMul_maxdsp">   --->   Core 49 'DMul_maxdsp' <Latency = 5> <II = 1> <Delay = 2.75> <FuncUnit> <Opcode : 'dmul'> <InPorts = 2> <OutPorts = 1>
ST_60 : Operation 703 [5/6] (2.75ns)   --->   "%mul154_6 = dmul i64 %w, i64 %jtj_acc_6" [cpp/semgraph_slam/hls/registration_kernel_draft.cpp:132]   --->   Operation 703 'dmul' 'mul154_6' <Predicate = true> <Delay = 2.75> <CoreInst = "DMul_maxdsp">   --->   Core 49 'DMul_maxdsp' <Latency = 5> <II = 1> <Delay = 2.75> <FuncUnit> <Opcode : 'dmul'> <InPorts = 2> <OutPorts = 1>
ST_60 : Operation 704 [3/5] (2.89ns)   --->   "%add158_1 = dadd i64 %p_load40, i64 %w" [cpp/semgraph_slam/hls/registration_kernel_draft.cpp:132]   --->   Operation 704 'dadd' 'add158_1' <Predicate = true> <Delay = 2.89> <CoreInst = "DAddSub_fulldsp">   --->   Core 37 'DAddSub_fulldsp' <Latency = 4> <II = 1> <Delay = 2.89> <FuncUnit> <Opcode : 'dadd' 'dsub'> <InPorts = 2> <OutPorts = 1>
ST_60 : Operation 705 [5/6] (2.75ns)   --->   "%mul154_1_2 = dmul i64 %w, i64 %jtj_acc_8" [cpp/semgraph_slam/hls/registration_kernel_draft.cpp:132]   --->   Operation 705 'dmul' 'mul154_1_2' <Predicate = true> <Delay = 2.75> <CoreInst = "DMul_maxdsp">   --->   Core 49 'DMul_maxdsp' <Latency = 5> <II = 1> <Delay = 2.75> <FuncUnit> <Opcode : 'dmul'> <InPorts = 2> <OutPorts = 1>
ST_60 : Operation 706 [5/6] (2.75ns)   --->   "%mul154_1_3 = dmul i64 %w, i64 %jtj_acc_10" [cpp/semgraph_slam/hls/registration_kernel_draft.cpp:132]   --->   Operation 706 'dmul' 'mul154_1_3' <Predicate = true> <Delay = 2.75> <CoreInst = "DMul_maxdsp">   --->   Core 49 'DMul_maxdsp' <Latency = 5> <II = 1> <Delay = 2.75> <FuncUnit> <Opcode : 'dmul'> <InPorts = 2> <OutPorts = 1>
ST_60 : Operation 707 [5/6] (2.75ns)   --->   "%mul154_1_4 = dmul i64 %w, i64 %jtj_acc_13" [cpp/semgraph_slam/hls/registration_kernel_draft.cpp:132]   --->   Operation 707 'dmul' 'mul154_1_4' <Predicate = true> <Delay = 2.75> <CoreInst = "DMul_maxdsp">   --->   Core 49 'DMul_maxdsp' <Latency = 5> <II = 1> <Delay = 2.75> <FuncUnit> <Opcode : 'dmul'> <InPorts = 2> <OutPorts = 1>
ST_60 : Operation 708 [3/5] (2.89ns)   --->   "%add158_2 = dadd i64 %p_load30, i64 %w" [cpp/semgraph_slam/hls/registration_kernel_draft.cpp:132]   --->   Operation 708 'dadd' 'add158_2' <Predicate = true> <Delay = 2.89> <CoreInst = "DAddSub_fulldsp">   --->   Core 37 'DAddSub_fulldsp' <Latency = 4> <II = 1> <Delay = 2.89> <FuncUnit> <Opcode : 'dadd' 'dsub'> <InPorts = 2> <OutPorts = 1>
ST_60 : Operation 709 [6/6] (2.75ns)   --->   "%mul154_2_1 = dmul i64 %w, i64 %jtj_acc_14" [cpp/semgraph_slam/hls/registration_kernel_draft.cpp:132]   --->   Operation 709 'dmul' 'mul154_2_1' <Predicate = true> <Delay = 2.75> <CoreInst = "DMul_maxdsp">   --->   Core 49 'DMul_maxdsp' <Latency = 5> <II = 1> <Delay = 2.75> <FuncUnit> <Opcode : 'dmul'> <InPorts = 2> <OutPorts = 1>
ST_60 : Operation 710 [6/6] (2.75ns)   --->   "%mul154_2_2 = dmul i64 %w, i64 %jtj_acc_15" [cpp/semgraph_slam/hls/registration_kernel_draft.cpp:132]   --->   Operation 710 'dmul' 'mul154_2_2' <Predicate = true> <Delay = 2.75> <CoreInst = "DMul_maxdsp">   --->   Core 49 'DMul_maxdsp' <Latency = 5> <II = 1> <Delay = 2.75> <FuncUnit> <Opcode : 'dmul'> <InPorts = 2> <OutPorts = 1>
ST_60 : Operation 711 [6/6] (2.75ns)   --->   "%mul154_2_3 = dmul i64 %w, i64 %jtj_acc_17" [cpp/semgraph_slam/hls/registration_kernel_draft.cpp:132]   --->   Operation 711 'dmul' 'mul154_2_3' <Predicate = true> <Delay = 2.75> <CoreInst = "DMul_maxdsp">   --->   Core 49 'DMul_maxdsp' <Latency = 5> <II = 1> <Delay = 2.75> <FuncUnit> <Opcode : 'dmul'> <InPorts = 2> <OutPorts = 1>
ST_60 : Operation 712 [6/6] (2.75ns)   --->   "%mul154_3 = dmul i64 %w, i64 %jtj_acc_19" [cpp/semgraph_slam/hls/registration_kernel_draft.cpp:132]   --->   Operation 712 'dmul' 'mul154_3' <Predicate = true> <Delay = 2.75> <CoreInst = "DMul_maxdsp">   --->   Core 49 'DMul_maxdsp' <Latency = 5> <II = 1> <Delay = 2.75> <FuncUnit> <Opcode : 'dmul'> <InPorts = 2> <OutPorts = 1>

State 61 <SV = 60> <Delay = 2.89>
ST_61 : Operation 713 [3/6] (2.75ns)   --->   "%mul4 = dmul i64 %w, i64 %jtr_acc_2" [cpp/semgraph_slam/hls/registration_kernel_draft.cpp:118]   --->   Operation 713 'dmul' 'mul4' <Predicate = true> <Delay = 2.75> <CoreInst = "DMul_maxdsp">   --->   Core 49 'DMul_maxdsp' <Latency = 5> <II = 1> <Delay = 2.75> <FuncUnit> <Opcode : 'dmul'> <InPorts = 2> <OutPorts = 1>
ST_61 : Operation 714 [3/6] (2.75ns)   --->   "%mul121_1 = dmul i64 %w, i64 %jtr_acc_5" [cpp/semgraph_slam/hls/registration_kernel_draft.cpp:118]   --->   Operation 714 'dmul' 'mul121_1' <Predicate = true> <Delay = 2.75> <CoreInst = "DMul_maxdsp">   --->   Core 49 'DMul_maxdsp' <Latency = 5> <II = 1> <Delay = 2.75> <FuncUnit> <Opcode : 'dmul'> <InPorts = 2> <OutPorts = 1>
ST_61 : Operation 715 [3/6] (2.75ns)   --->   "%mul121_2 = dmul i64 %w, i64 %jtr_acc_7" [cpp/semgraph_slam/hls/registration_kernel_draft.cpp:118]   --->   Operation 715 'dmul' 'mul121_2' <Predicate = true> <Delay = 2.75> <CoreInst = "DMul_maxdsp">   --->   Core 49 'DMul_maxdsp' <Latency = 5> <II = 1> <Delay = 2.75> <FuncUnit> <Opcode : 'dmul'> <InPorts = 2> <OutPorts = 1>
ST_61 : Operation 716 [3/6] (2.75ns)   --->   "%mul121_3 = dmul i64 %w, i64 %jtr_acc_9" [cpp/semgraph_slam/hls/registration_kernel_draft.cpp:118]   --->   Operation 716 'dmul' 'mul121_3' <Predicate = true> <Delay = 2.75> <CoreInst = "DMul_maxdsp">   --->   Core 49 'DMul_maxdsp' <Latency = 5> <II = 1> <Delay = 2.75> <FuncUnit> <Opcode : 'dmul'> <InPorts = 2> <OutPorts = 1>
ST_61 : Operation 717 [3/6] (2.75ns)   --->   "%mul121_4 = dmul i64 %w, i64 %jtr_acc_12" [cpp/semgraph_slam/hls/registration_kernel_draft.cpp:118]   --->   Operation 717 'dmul' 'mul121_4' <Predicate = true> <Delay = 2.75> <CoreInst = "DMul_maxdsp">   --->   Core 49 'DMul_maxdsp' <Latency = 5> <II = 1> <Delay = 2.75> <FuncUnit> <Opcode : 'dmul'> <InPorts = 2> <OutPorts = 1>
ST_61 : Operation 718 [4/6] (2.75ns)   --->   "%mul121_5 = dmul i64 %w, i64 %jtr_acc_15" [cpp/semgraph_slam/hls/registration_kernel_draft.cpp:118]   --->   Operation 718 'dmul' 'mul121_5' <Predicate = true> <Delay = 2.75> <CoreInst = "DMul_maxdsp">   --->   Core 49 'DMul_maxdsp' <Latency = 5> <II = 1> <Delay = 2.75> <FuncUnit> <Opcode : 'dmul'> <InPorts = 2> <OutPorts = 1>
ST_61 : Operation 719 [2/5] (2.89ns)   --->   "%add5 = dadd i64 %p_load52, i64 %w" [cpp/semgraph_slam/hls/registration_kernel_draft.cpp:132]   --->   Operation 719 'dadd' 'add5' <Predicate = true> <Delay = 2.89> <CoreInst = "DAddSub_fulldsp">   --->   Core 37 'DAddSub_fulldsp' <Latency = 4> <II = 1> <Delay = 2.89> <FuncUnit> <Opcode : 'dadd' 'dsub'> <InPorts = 2> <OutPorts = 1>
ST_61 : Operation 720 [4/6] (2.75ns)   --->   "%mul154_s = dmul i64 %w, i64 0" [cpp/semgraph_slam/hls/registration_kernel_draft.cpp:132]   --->   Operation 720 'dmul' 'mul154_s' <Predicate = true> <Delay = 2.75> <CoreInst = "DMul_maxdsp">   --->   Core 49 'DMul_maxdsp' <Latency = 5> <II = 1> <Delay = 2.75> <FuncUnit> <Opcode : 'dmul'> <InPorts = 2> <OutPorts = 1>
ST_61 : Operation 721 [4/6] (2.75ns)   --->   "%mul154_1 = dmul i64 %w, i64 %jtj_acc_1" [cpp/semgraph_slam/hls/registration_kernel_draft.cpp:132]   --->   Operation 721 'dmul' 'mul154_1' <Predicate = true> <Delay = 2.75> <CoreInst = "DMul_maxdsp">   --->   Core 49 'DMul_maxdsp' <Latency = 5> <II = 1> <Delay = 2.75> <FuncUnit> <Opcode : 'dmul'> <InPorts = 2> <OutPorts = 1>
ST_61 : Operation 722 [4/6] (2.75ns)   --->   "%mul154_2 = dmul i64 %w, i64 %jtj_acc_3" [cpp/semgraph_slam/hls/registration_kernel_draft.cpp:132]   --->   Operation 722 'dmul' 'mul154_2' <Predicate = true> <Delay = 2.75> <CoreInst = "DMul_maxdsp">   --->   Core 49 'DMul_maxdsp' <Latency = 5> <II = 1> <Delay = 2.75> <FuncUnit> <Opcode : 'dmul'> <InPorts = 2> <OutPorts = 1>
ST_61 : Operation 723 [4/6] (2.75ns)   --->   "%mul154_6 = dmul i64 %w, i64 %jtj_acc_6" [cpp/semgraph_slam/hls/registration_kernel_draft.cpp:132]   --->   Operation 723 'dmul' 'mul154_6' <Predicate = true> <Delay = 2.75> <CoreInst = "DMul_maxdsp">   --->   Core 49 'DMul_maxdsp' <Latency = 5> <II = 1> <Delay = 2.75> <FuncUnit> <Opcode : 'dmul'> <InPorts = 2> <OutPorts = 1>
ST_61 : Operation 724 [2/5] (2.89ns)   --->   "%add158_1 = dadd i64 %p_load40, i64 %w" [cpp/semgraph_slam/hls/registration_kernel_draft.cpp:132]   --->   Operation 724 'dadd' 'add158_1' <Predicate = true> <Delay = 2.89> <CoreInst = "DAddSub_fulldsp">   --->   Core 37 'DAddSub_fulldsp' <Latency = 4> <II = 1> <Delay = 2.89> <FuncUnit> <Opcode : 'dadd' 'dsub'> <InPorts = 2> <OutPorts = 1>
ST_61 : Operation 725 [4/6] (2.75ns)   --->   "%mul154_1_2 = dmul i64 %w, i64 %jtj_acc_8" [cpp/semgraph_slam/hls/registration_kernel_draft.cpp:132]   --->   Operation 725 'dmul' 'mul154_1_2' <Predicate = true> <Delay = 2.75> <CoreInst = "DMul_maxdsp">   --->   Core 49 'DMul_maxdsp' <Latency = 5> <II = 1> <Delay = 2.75> <FuncUnit> <Opcode : 'dmul'> <InPorts = 2> <OutPorts = 1>
ST_61 : Operation 726 [4/6] (2.75ns)   --->   "%mul154_1_3 = dmul i64 %w, i64 %jtj_acc_10" [cpp/semgraph_slam/hls/registration_kernel_draft.cpp:132]   --->   Operation 726 'dmul' 'mul154_1_3' <Predicate = true> <Delay = 2.75> <CoreInst = "DMul_maxdsp">   --->   Core 49 'DMul_maxdsp' <Latency = 5> <II = 1> <Delay = 2.75> <FuncUnit> <Opcode : 'dmul'> <InPorts = 2> <OutPorts = 1>
ST_61 : Operation 727 [4/6] (2.75ns)   --->   "%mul154_1_4 = dmul i64 %w, i64 %jtj_acc_13" [cpp/semgraph_slam/hls/registration_kernel_draft.cpp:132]   --->   Operation 727 'dmul' 'mul154_1_4' <Predicate = true> <Delay = 2.75> <CoreInst = "DMul_maxdsp">   --->   Core 49 'DMul_maxdsp' <Latency = 5> <II = 1> <Delay = 2.75> <FuncUnit> <Opcode : 'dmul'> <InPorts = 2> <OutPorts = 1>
ST_61 : Operation 728 [2/5] (2.89ns)   --->   "%add158_2 = dadd i64 %p_load30, i64 %w" [cpp/semgraph_slam/hls/registration_kernel_draft.cpp:132]   --->   Operation 728 'dadd' 'add158_2' <Predicate = true> <Delay = 2.89> <CoreInst = "DAddSub_fulldsp">   --->   Core 37 'DAddSub_fulldsp' <Latency = 4> <II = 1> <Delay = 2.89> <FuncUnit> <Opcode : 'dadd' 'dsub'> <InPorts = 2> <OutPorts = 1>
ST_61 : Operation 729 [5/6] (2.75ns)   --->   "%mul154_2_1 = dmul i64 %w, i64 %jtj_acc_14" [cpp/semgraph_slam/hls/registration_kernel_draft.cpp:132]   --->   Operation 729 'dmul' 'mul154_2_1' <Predicate = true> <Delay = 2.75> <CoreInst = "DMul_maxdsp">   --->   Core 49 'DMul_maxdsp' <Latency = 5> <II = 1> <Delay = 2.75> <FuncUnit> <Opcode : 'dmul'> <InPorts = 2> <OutPorts = 1>
ST_61 : Operation 730 [5/6] (2.75ns)   --->   "%mul154_2_2 = dmul i64 %w, i64 %jtj_acc_15" [cpp/semgraph_slam/hls/registration_kernel_draft.cpp:132]   --->   Operation 730 'dmul' 'mul154_2_2' <Predicate = true> <Delay = 2.75> <CoreInst = "DMul_maxdsp">   --->   Core 49 'DMul_maxdsp' <Latency = 5> <II = 1> <Delay = 2.75> <FuncUnit> <Opcode : 'dmul'> <InPorts = 2> <OutPorts = 1>
ST_61 : Operation 731 [5/6] (2.75ns)   --->   "%mul154_2_3 = dmul i64 %w, i64 %jtj_acc_17" [cpp/semgraph_slam/hls/registration_kernel_draft.cpp:132]   --->   Operation 731 'dmul' 'mul154_2_3' <Predicate = true> <Delay = 2.75> <CoreInst = "DMul_maxdsp">   --->   Core 49 'DMul_maxdsp' <Latency = 5> <II = 1> <Delay = 2.75> <FuncUnit> <Opcode : 'dmul'> <InPorts = 2> <OutPorts = 1>
ST_61 : Operation 732 [5/6] (2.75ns)   --->   "%mul154_3 = dmul i64 %w, i64 %jtj_acc_19" [cpp/semgraph_slam/hls/registration_kernel_draft.cpp:132]   --->   Operation 732 'dmul' 'mul154_3' <Predicate = true> <Delay = 2.75> <CoreInst = "DMul_maxdsp">   --->   Core 49 'DMul_maxdsp' <Latency = 5> <II = 1> <Delay = 2.75> <FuncUnit> <Opcode : 'dmul'> <InPorts = 2> <OutPorts = 1>
ST_61 : Operation 733 [6/6] (2.75ns)   --->   "%mul154_3_1 = dmul i64 %w, i64 %jtj_acc_21" [cpp/semgraph_slam/hls/registration_kernel_draft.cpp:132]   --->   Operation 733 'dmul' 'mul154_3_1' <Predicate = true> <Delay = 2.75> <CoreInst = "DMul_maxdsp">   --->   Core 49 'DMul_maxdsp' <Latency = 5> <II = 1> <Delay = 2.75> <FuncUnit> <Opcode : 'dmul'> <InPorts = 2> <OutPorts = 1>
ST_61 : Operation 734 [6/6] (2.75ns)   --->   "%mul154_3_2 = dmul i64 %w, i64 %jtj_acc_23" [cpp/semgraph_slam/hls/registration_kernel_draft.cpp:132]   --->   Operation 734 'dmul' 'mul154_3_2' <Predicate = true> <Delay = 2.75> <CoreInst = "DMul_maxdsp">   --->   Core 49 'DMul_maxdsp' <Latency = 5> <II = 1> <Delay = 2.75> <FuncUnit> <Opcode : 'dmul'> <InPorts = 2> <OutPorts = 1>
ST_61 : Operation 735 [6/6] (2.75ns)   --->   "%mul154_4 = dmul i64 %w, i64 %jtj_acc_25" [cpp/semgraph_slam/hls/registration_kernel_draft.cpp:132]   --->   Operation 735 'dmul' 'mul154_4' <Predicate = true> <Delay = 2.75> <CoreInst = "DMul_maxdsp">   --->   Core 49 'DMul_maxdsp' <Latency = 5> <II = 1> <Delay = 2.75> <FuncUnit> <Opcode : 'dmul'> <InPorts = 2> <OutPorts = 1>

State 62 <SV = 61> <Delay = 2.89>
ST_62 : Operation 736 [2/6] (2.75ns)   --->   "%mul4 = dmul i64 %w, i64 %jtr_acc_2" [cpp/semgraph_slam/hls/registration_kernel_draft.cpp:118]   --->   Operation 736 'dmul' 'mul4' <Predicate = true> <Delay = 2.75> <CoreInst = "DMul_maxdsp">   --->   Core 49 'DMul_maxdsp' <Latency = 5> <II = 1> <Delay = 2.75> <FuncUnit> <Opcode : 'dmul'> <InPorts = 2> <OutPorts = 1>
ST_62 : Operation 737 [2/6] (2.75ns)   --->   "%mul121_1 = dmul i64 %w, i64 %jtr_acc_5" [cpp/semgraph_slam/hls/registration_kernel_draft.cpp:118]   --->   Operation 737 'dmul' 'mul121_1' <Predicate = true> <Delay = 2.75> <CoreInst = "DMul_maxdsp">   --->   Core 49 'DMul_maxdsp' <Latency = 5> <II = 1> <Delay = 2.75> <FuncUnit> <Opcode : 'dmul'> <InPorts = 2> <OutPorts = 1>
ST_62 : Operation 738 [2/6] (2.75ns)   --->   "%mul121_2 = dmul i64 %w, i64 %jtr_acc_7" [cpp/semgraph_slam/hls/registration_kernel_draft.cpp:118]   --->   Operation 738 'dmul' 'mul121_2' <Predicate = true> <Delay = 2.75> <CoreInst = "DMul_maxdsp">   --->   Core 49 'DMul_maxdsp' <Latency = 5> <II = 1> <Delay = 2.75> <FuncUnit> <Opcode : 'dmul'> <InPorts = 2> <OutPorts = 1>
ST_62 : Operation 739 [2/6] (2.75ns)   --->   "%mul121_3 = dmul i64 %w, i64 %jtr_acc_9" [cpp/semgraph_slam/hls/registration_kernel_draft.cpp:118]   --->   Operation 739 'dmul' 'mul121_3' <Predicate = true> <Delay = 2.75> <CoreInst = "DMul_maxdsp">   --->   Core 49 'DMul_maxdsp' <Latency = 5> <II = 1> <Delay = 2.75> <FuncUnit> <Opcode : 'dmul'> <InPorts = 2> <OutPorts = 1>
ST_62 : Operation 740 [2/6] (2.75ns)   --->   "%mul121_4 = dmul i64 %w, i64 %jtr_acc_12" [cpp/semgraph_slam/hls/registration_kernel_draft.cpp:118]   --->   Operation 740 'dmul' 'mul121_4' <Predicate = true> <Delay = 2.75> <CoreInst = "DMul_maxdsp">   --->   Core 49 'DMul_maxdsp' <Latency = 5> <II = 1> <Delay = 2.75> <FuncUnit> <Opcode : 'dmul'> <InPorts = 2> <OutPorts = 1>
ST_62 : Operation 741 [3/6] (2.75ns)   --->   "%mul121_5 = dmul i64 %w, i64 %jtr_acc_15" [cpp/semgraph_slam/hls/registration_kernel_draft.cpp:118]   --->   Operation 741 'dmul' 'mul121_5' <Predicate = true> <Delay = 2.75> <CoreInst = "DMul_maxdsp">   --->   Core 49 'DMul_maxdsp' <Latency = 5> <II = 1> <Delay = 2.75> <FuncUnit> <Opcode : 'dmul'> <InPorts = 2> <OutPorts = 1>
ST_62 : Operation 742 [1/5] (2.89ns)   --->   "%add5 = dadd i64 %p_load52, i64 %w" [cpp/semgraph_slam/hls/registration_kernel_draft.cpp:132]   --->   Operation 742 'dadd' 'add5' <Predicate = true> <Delay = 2.89> <CoreInst = "DAddSub_fulldsp">   --->   Core 37 'DAddSub_fulldsp' <Latency = 4> <II = 1> <Delay = 2.89> <FuncUnit> <Opcode : 'dadd' 'dsub'> <InPorts = 2> <OutPorts = 1>
ST_62 : Operation 743 [3/6] (2.75ns)   --->   "%mul154_s = dmul i64 %w, i64 0" [cpp/semgraph_slam/hls/registration_kernel_draft.cpp:132]   --->   Operation 743 'dmul' 'mul154_s' <Predicate = true> <Delay = 2.75> <CoreInst = "DMul_maxdsp">   --->   Core 49 'DMul_maxdsp' <Latency = 5> <II = 1> <Delay = 2.75> <FuncUnit> <Opcode : 'dmul'> <InPorts = 2> <OutPorts = 1>
ST_62 : Operation 744 [3/6] (2.75ns)   --->   "%mul154_1 = dmul i64 %w, i64 %jtj_acc_1" [cpp/semgraph_slam/hls/registration_kernel_draft.cpp:132]   --->   Operation 744 'dmul' 'mul154_1' <Predicate = true> <Delay = 2.75> <CoreInst = "DMul_maxdsp">   --->   Core 49 'DMul_maxdsp' <Latency = 5> <II = 1> <Delay = 2.75> <FuncUnit> <Opcode : 'dmul'> <InPorts = 2> <OutPorts = 1>
ST_62 : Operation 745 [3/6] (2.75ns)   --->   "%mul154_2 = dmul i64 %w, i64 %jtj_acc_3" [cpp/semgraph_slam/hls/registration_kernel_draft.cpp:132]   --->   Operation 745 'dmul' 'mul154_2' <Predicate = true> <Delay = 2.75> <CoreInst = "DMul_maxdsp">   --->   Core 49 'DMul_maxdsp' <Latency = 5> <II = 1> <Delay = 2.75> <FuncUnit> <Opcode : 'dmul'> <InPorts = 2> <OutPorts = 1>
ST_62 : Operation 746 [3/6] (2.75ns)   --->   "%mul154_6 = dmul i64 %w, i64 %jtj_acc_6" [cpp/semgraph_slam/hls/registration_kernel_draft.cpp:132]   --->   Operation 746 'dmul' 'mul154_6' <Predicate = true> <Delay = 2.75> <CoreInst = "DMul_maxdsp">   --->   Core 49 'DMul_maxdsp' <Latency = 5> <II = 1> <Delay = 2.75> <FuncUnit> <Opcode : 'dmul'> <InPorts = 2> <OutPorts = 1>
ST_62 : Operation 747 [1/5] (2.89ns)   --->   "%add158_1 = dadd i64 %p_load40, i64 %w" [cpp/semgraph_slam/hls/registration_kernel_draft.cpp:132]   --->   Operation 747 'dadd' 'add158_1' <Predicate = true> <Delay = 2.89> <CoreInst = "DAddSub_fulldsp">   --->   Core 37 'DAddSub_fulldsp' <Latency = 4> <II = 1> <Delay = 2.89> <FuncUnit> <Opcode : 'dadd' 'dsub'> <InPorts = 2> <OutPorts = 1>
ST_62 : Operation 748 [3/6] (2.75ns)   --->   "%mul154_1_2 = dmul i64 %w, i64 %jtj_acc_8" [cpp/semgraph_slam/hls/registration_kernel_draft.cpp:132]   --->   Operation 748 'dmul' 'mul154_1_2' <Predicate = true> <Delay = 2.75> <CoreInst = "DMul_maxdsp">   --->   Core 49 'DMul_maxdsp' <Latency = 5> <II = 1> <Delay = 2.75> <FuncUnit> <Opcode : 'dmul'> <InPorts = 2> <OutPorts = 1>
ST_62 : Operation 749 [3/6] (2.75ns)   --->   "%mul154_1_3 = dmul i64 %w, i64 %jtj_acc_10" [cpp/semgraph_slam/hls/registration_kernel_draft.cpp:132]   --->   Operation 749 'dmul' 'mul154_1_3' <Predicate = true> <Delay = 2.75> <CoreInst = "DMul_maxdsp">   --->   Core 49 'DMul_maxdsp' <Latency = 5> <II = 1> <Delay = 2.75> <FuncUnit> <Opcode : 'dmul'> <InPorts = 2> <OutPorts = 1>
ST_62 : Operation 750 [3/6] (2.75ns)   --->   "%mul154_1_4 = dmul i64 %w, i64 %jtj_acc_13" [cpp/semgraph_slam/hls/registration_kernel_draft.cpp:132]   --->   Operation 750 'dmul' 'mul154_1_4' <Predicate = true> <Delay = 2.75> <CoreInst = "DMul_maxdsp">   --->   Core 49 'DMul_maxdsp' <Latency = 5> <II = 1> <Delay = 2.75> <FuncUnit> <Opcode : 'dmul'> <InPorts = 2> <OutPorts = 1>
ST_62 : Operation 751 [1/5] (2.89ns)   --->   "%add158_2 = dadd i64 %p_load30, i64 %w" [cpp/semgraph_slam/hls/registration_kernel_draft.cpp:132]   --->   Operation 751 'dadd' 'add158_2' <Predicate = true> <Delay = 2.89> <CoreInst = "DAddSub_fulldsp">   --->   Core 37 'DAddSub_fulldsp' <Latency = 4> <II = 1> <Delay = 2.89> <FuncUnit> <Opcode : 'dadd' 'dsub'> <InPorts = 2> <OutPorts = 1>
ST_62 : Operation 752 [4/6] (2.75ns)   --->   "%mul154_2_1 = dmul i64 %w, i64 %jtj_acc_14" [cpp/semgraph_slam/hls/registration_kernel_draft.cpp:132]   --->   Operation 752 'dmul' 'mul154_2_1' <Predicate = true> <Delay = 2.75> <CoreInst = "DMul_maxdsp">   --->   Core 49 'DMul_maxdsp' <Latency = 5> <II = 1> <Delay = 2.75> <FuncUnit> <Opcode : 'dmul'> <InPorts = 2> <OutPorts = 1>
ST_62 : Operation 753 [4/6] (2.75ns)   --->   "%mul154_2_2 = dmul i64 %w, i64 %jtj_acc_15" [cpp/semgraph_slam/hls/registration_kernel_draft.cpp:132]   --->   Operation 753 'dmul' 'mul154_2_2' <Predicate = true> <Delay = 2.75> <CoreInst = "DMul_maxdsp">   --->   Core 49 'DMul_maxdsp' <Latency = 5> <II = 1> <Delay = 2.75> <FuncUnit> <Opcode : 'dmul'> <InPorts = 2> <OutPorts = 1>
ST_62 : Operation 754 [4/6] (2.75ns)   --->   "%mul154_2_3 = dmul i64 %w, i64 %jtj_acc_17" [cpp/semgraph_slam/hls/registration_kernel_draft.cpp:132]   --->   Operation 754 'dmul' 'mul154_2_3' <Predicate = true> <Delay = 2.75> <CoreInst = "DMul_maxdsp">   --->   Core 49 'DMul_maxdsp' <Latency = 5> <II = 1> <Delay = 2.75> <FuncUnit> <Opcode : 'dmul'> <InPorts = 2> <OutPorts = 1>
ST_62 : Operation 755 [4/6] (2.75ns)   --->   "%mul154_3 = dmul i64 %w, i64 %jtj_acc_19" [cpp/semgraph_slam/hls/registration_kernel_draft.cpp:132]   --->   Operation 755 'dmul' 'mul154_3' <Predicate = true> <Delay = 2.75> <CoreInst = "DMul_maxdsp">   --->   Core 49 'DMul_maxdsp' <Latency = 5> <II = 1> <Delay = 2.75> <FuncUnit> <Opcode : 'dmul'> <InPorts = 2> <OutPorts = 1>
ST_62 : Operation 756 [5/6] (2.75ns)   --->   "%mul154_3_1 = dmul i64 %w, i64 %jtj_acc_21" [cpp/semgraph_slam/hls/registration_kernel_draft.cpp:132]   --->   Operation 756 'dmul' 'mul154_3_1' <Predicate = true> <Delay = 2.75> <CoreInst = "DMul_maxdsp">   --->   Core 49 'DMul_maxdsp' <Latency = 5> <II = 1> <Delay = 2.75> <FuncUnit> <Opcode : 'dmul'> <InPorts = 2> <OutPorts = 1>
ST_62 : Operation 757 [5/6] (2.75ns)   --->   "%mul154_3_2 = dmul i64 %w, i64 %jtj_acc_23" [cpp/semgraph_slam/hls/registration_kernel_draft.cpp:132]   --->   Operation 757 'dmul' 'mul154_3_2' <Predicate = true> <Delay = 2.75> <CoreInst = "DMul_maxdsp">   --->   Core 49 'DMul_maxdsp' <Latency = 5> <II = 1> <Delay = 2.75> <FuncUnit> <Opcode : 'dmul'> <InPorts = 2> <OutPorts = 1>
ST_62 : Operation 758 [5/6] (2.75ns)   --->   "%mul154_4 = dmul i64 %w, i64 %jtj_acc_25" [cpp/semgraph_slam/hls/registration_kernel_draft.cpp:132]   --->   Operation 758 'dmul' 'mul154_4' <Predicate = true> <Delay = 2.75> <CoreInst = "DMul_maxdsp">   --->   Core 49 'DMul_maxdsp' <Latency = 5> <II = 1> <Delay = 2.75> <FuncUnit> <Opcode : 'dmul'> <InPorts = 2> <OutPorts = 1>
ST_62 : Operation 759 [6/6] (2.75ns)   --->   "%mul154_4_1 = dmul i64 %w, i64 %jtj_acc_28" [cpp/semgraph_slam/hls/registration_kernel_draft.cpp:132]   --->   Operation 759 'dmul' 'mul154_4_1' <Predicate = true> <Delay = 2.75> <CoreInst = "DMul_maxdsp">   --->   Core 49 'DMul_maxdsp' <Latency = 5> <II = 1> <Delay = 2.75> <FuncUnit> <Opcode : 'dmul'> <InPorts = 2> <OutPorts = 1>
ST_62 : Operation 760 [6/6] (2.75ns)   --->   "%mul154_5 = dmul i64 %w, i64 %jtj_acc_31" [cpp/semgraph_slam/hls/registration_kernel_draft.cpp:132]   --->   Operation 760 'dmul' 'mul154_5' <Predicate = true> <Delay = 2.75> <CoreInst = "DMul_maxdsp">   --->   Core 49 'DMul_maxdsp' <Latency = 5> <II = 1> <Delay = 2.75> <FuncUnit> <Opcode : 'dmul'> <InPorts = 2> <OutPorts = 1>

State 63 <SV = 62> <Delay = 2.75>
ST_63 : Operation 761 [1/6] (2.75ns)   --->   "%mul4 = dmul i64 %w, i64 %jtr_acc_2" [cpp/semgraph_slam/hls/registration_kernel_draft.cpp:118]   --->   Operation 761 'dmul' 'mul4' <Predicate = true> <Delay = 2.75> <CoreInst = "DMul_maxdsp">   --->   Core 49 'DMul_maxdsp' <Latency = 5> <II = 1> <Delay = 2.75> <FuncUnit> <Opcode : 'dmul'> <InPorts = 2> <OutPorts = 1>
ST_63 : Operation 762 [1/6] (2.75ns)   --->   "%mul121_1 = dmul i64 %w, i64 %jtr_acc_5" [cpp/semgraph_slam/hls/registration_kernel_draft.cpp:118]   --->   Operation 762 'dmul' 'mul121_1' <Predicate = true> <Delay = 2.75> <CoreInst = "DMul_maxdsp">   --->   Core 49 'DMul_maxdsp' <Latency = 5> <II = 1> <Delay = 2.75> <FuncUnit> <Opcode : 'dmul'> <InPorts = 2> <OutPorts = 1>
ST_63 : Operation 763 [1/6] (2.75ns)   --->   "%mul121_2 = dmul i64 %w, i64 %jtr_acc_7" [cpp/semgraph_slam/hls/registration_kernel_draft.cpp:118]   --->   Operation 763 'dmul' 'mul121_2' <Predicate = true> <Delay = 2.75> <CoreInst = "DMul_maxdsp">   --->   Core 49 'DMul_maxdsp' <Latency = 5> <II = 1> <Delay = 2.75> <FuncUnit> <Opcode : 'dmul'> <InPorts = 2> <OutPorts = 1>
ST_63 : Operation 764 [1/6] (2.75ns)   --->   "%mul121_3 = dmul i64 %w, i64 %jtr_acc_9" [cpp/semgraph_slam/hls/registration_kernel_draft.cpp:118]   --->   Operation 764 'dmul' 'mul121_3' <Predicate = true> <Delay = 2.75> <CoreInst = "DMul_maxdsp">   --->   Core 49 'DMul_maxdsp' <Latency = 5> <II = 1> <Delay = 2.75> <FuncUnit> <Opcode : 'dmul'> <InPorts = 2> <OutPorts = 1>
ST_63 : Operation 765 [1/6] (2.75ns)   --->   "%mul121_4 = dmul i64 %w, i64 %jtr_acc_12" [cpp/semgraph_slam/hls/registration_kernel_draft.cpp:118]   --->   Operation 765 'dmul' 'mul121_4' <Predicate = true> <Delay = 2.75> <CoreInst = "DMul_maxdsp">   --->   Core 49 'DMul_maxdsp' <Latency = 5> <II = 1> <Delay = 2.75> <FuncUnit> <Opcode : 'dmul'> <InPorts = 2> <OutPorts = 1>
ST_63 : Operation 766 [2/6] (2.75ns)   --->   "%mul121_5 = dmul i64 %w, i64 %jtr_acc_15" [cpp/semgraph_slam/hls/registration_kernel_draft.cpp:118]   --->   Operation 766 'dmul' 'mul121_5' <Predicate = true> <Delay = 2.75> <CoreInst = "DMul_maxdsp">   --->   Core 49 'DMul_maxdsp' <Latency = 5> <II = 1> <Delay = 2.75> <FuncUnit> <Opcode : 'dmul'> <InPorts = 2> <OutPorts = 1>
ST_63 : Operation 767 [2/6] (2.75ns)   --->   "%mul154_s = dmul i64 %w, i64 0" [cpp/semgraph_slam/hls/registration_kernel_draft.cpp:132]   --->   Operation 767 'dmul' 'mul154_s' <Predicate = true> <Delay = 2.75> <CoreInst = "DMul_maxdsp">   --->   Core 49 'DMul_maxdsp' <Latency = 5> <II = 1> <Delay = 2.75> <FuncUnit> <Opcode : 'dmul'> <InPorts = 2> <OutPorts = 1>
ST_63 : Operation 768 [2/6] (2.75ns)   --->   "%mul154_1 = dmul i64 %w, i64 %jtj_acc_1" [cpp/semgraph_slam/hls/registration_kernel_draft.cpp:132]   --->   Operation 768 'dmul' 'mul154_1' <Predicate = true> <Delay = 2.75> <CoreInst = "DMul_maxdsp">   --->   Core 49 'DMul_maxdsp' <Latency = 5> <II = 1> <Delay = 2.75> <FuncUnit> <Opcode : 'dmul'> <InPorts = 2> <OutPorts = 1>
ST_63 : Operation 769 [2/6] (2.75ns)   --->   "%mul154_2 = dmul i64 %w, i64 %jtj_acc_3" [cpp/semgraph_slam/hls/registration_kernel_draft.cpp:132]   --->   Operation 769 'dmul' 'mul154_2' <Predicate = true> <Delay = 2.75> <CoreInst = "DMul_maxdsp">   --->   Core 49 'DMul_maxdsp' <Latency = 5> <II = 1> <Delay = 2.75> <FuncUnit> <Opcode : 'dmul'> <InPorts = 2> <OutPorts = 1>
ST_63 : Operation 770 [2/6] (2.75ns)   --->   "%mul154_6 = dmul i64 %w, i64 %jtj_acc_6" [cpp/semgraph_slam/hls/registration_kernel_draft.cpp:132]   --->   Operation 770 'dmul' 'mul154_6' <Predicate = true> <Delay = 2.75> <CoreInst = "DMul_maxdsp">   --->   Core 49 'DMul_maxdsp' <Latency = 5> <II = 1> <Delay = 2.75> <FuncUnit> <Opcode : 'dmul'> <InPorts = 2> <OutPorts = 1>
ST_63 : Operation 771 [2/6] (2.75ns)   --->   "%mul154_1_2 = dmul i64 %w, i64 %jtj_acc_8" [cpp/semgraph_slam/hls/registration_kernel_draft.cpp:132]   --->   Operation 771 'dmul' 'mul154_1_2' <Predicate = true> <Delay = 2.75> <CoreInst = "DMul_maxdsp">   --->   Core 49 'DMul_maxdsp' <Latency = 5> <II = 1> <Delay = 2.75> <FuncUnit> <Opcode : 'dmul'> <InPorts = 2> <OutPorts = 1>
ST_63 : Operation 772 [2/6] (2.75ns)   --->   "%mul154_1_3 = dmul i64 %w, i64 %jtj_acc_10" [cpp/semgraph_slam/hls/registration_kernel_draft.cpp:132]   --->   Operation 772 'dmul' 'mul154_1_3' <Predicate = true> <Delay = 2.75> <CoreInst = "DMul_maxdsp">   --->   Core 49 'DMul_maxdsp' <Latency = 5> <II = 1> <Delay = 2.75> <FuncUnit> <Opcode : 'dmul'> <InPorts = 2> <OutPorts = 1>
ST_63 : Operation 773 [2/6] (2.75ns)   --->   "%mul154_1_4 = dmul i64 %w, i64 %jtj_acc_13" [cpp/semgraph_slam/hls/registration_kernel_draft.cpp:132]   --->   Operation 773 'dmul' 'mul154_1_4' <Predicate = true> <Delay = 2.75> <CoreInst = "DMul_maxdsp">   --->   Core 49 'DMul_maxdsp' <Latency = 5> <II = 1> <Delay = 2.75> <FuncUnit> <Opcode : 'dmul'> <InPorts = 2> <OutPorts = 1>
ST_63 : Operation 774 [3/6] (2.75ns)   --->   "%mul154_2_1 = dmul i64 %w, i64 %jtj_acc_14" [cpp/semgraph_slam/hls/registration_kernel_draft.cpp:132]   --->   Operation 774 'dmul' 'mul154_2_1' <Predicate = true> <Delay = 2.75> <CoreInst = "DMul_maxdsp">   --->   Core 49 'DMul_maxdsp' <Latency = 5> <II = 1> <Delay = 2.75> <FuncUnit> <Opcode : 'dmul'> <InPorts = 2> <OutPorts = 1>
ST_63 : Operation 775 [3/6] (2.75ns)   --->   "%mul154_2_2 = dmul i64 %w, i64 %jtj_acc_15" [cpp/semgraph_slam/hls/registration_kernel_draft.cpp:132]   --->   Operation 775 'dmul' 'mul154_2_2' <Predicate = true> <Delay = 2.75> <CoreInst = "DMul_maxdsp">   --->   Core 49 'DMul_maxdsp' <Latency = 5> <II = 1> <Delay = 2.75> <FuncUnit> <Opcode : 'dmul'> <InPorts = 2> <OutPorts = 1>
ST_63 : Operation 776 [3/6] (2.75ns)   --->   "%mul154_2_3 = dmul i64 %w, i64 %jtj_acc_17" [cpp/semgraph_slam/hls/registration_kernel_draft.cpp:132]   --->   Operation 776 'dmul' 'mul154_2_3' <Predicate = true> <Delay = 2.75> <CoreInst = "DMul_maxdsp">   --->   Core 49 'DMul_maxdsp' <Latency = 5> <II = 1> <Delay = 2.75> <FuncUnit> <Opcode : 'dmul'> <InPorts = 2> <OutPorts = 1>
ST_63 : Operation 777 [3/6] (2.75ns)   --->   "%mul154_3 = dmul i64 %w, i64 %jtj_acc_19" [cpp/semgraph_slam/hls/registration_kernel_draft.cpp:132]   --->   Operation 777 'dmul' 'mul154_3' <Predicate = true> <Delay = 2.75> <CoreInst = "DMul_maxdsp">   --->   Core 49 'DMul_maxdsp' <Latency = 5> <II = 1> <Delay = 2.75> <FuncUnit> <Opcode : 'dmul'> <InPorts = 2> <OutPorts = 1>
ST_63 : Operation 778 [4/6] (2.75ns)   --->   "%mul154_3_1 = dmul i64 %w, i64 %jtj_acc_21" [cpp/semgraph_slam/hls/registration_kernel_draft.cpp:132]   --->   Operation 778 'dmul' 'mul154_3_1' <Predicate = true> <Delay = 2.75> <CoreInst = "DMul_maxdsp">   --->   Core 49 'DMul_maxdsp' <Latency = 5> <II = 1> <Delay = 2.75> <FuncUnit> <Opcode : 'dmul'> <InPorts = 2> <OutPorts = 1>
ST_63 : Operation 779 [4/6] (2.75ns)   --->   "%mul154_3_2 = dmul i64 %w, i64 %jtj_acc_23" [cpp/semgraph_slam/hls/registration_kernel_draft.cpp:132]   --->   Operation 779 'dmul' 'mul154_3_2' <Predicate = true> <Delay = 2.75> <CoreInst = "DMul_maxdsp">   --->   Core 49 'DMul_maxdsp' <Latency = 5> <II = 1> <Delay = 2.75> <FuncUnit> <Opcode : 'dmul'> <InPorts = 2> <OutPorts = 1>
ST_63 : Operation 780 [4/6] (2.75ns)   --->   "%mul154_4 = dmul i64 %w, i64 %jtj_acc_25" [cpp/semgraph_slam/hls/registration_kernel_draft.cpp:132]   --->   Operation 780 'dmul' 'mul154_4' <Predicate = true> <Delay = 2.75> <CoreInst = "DMul_maxdsp">   --->   Core 49 'DMul_maxdsp' <Latency = 5> <II = 1> <Delay = 2.75> <FuncUnit> <Opcode : 'dmul'> <InPorts = 2> <OutPorts = 1>
ST_63 : Operation 781 [5/6] (2.75ns)   --->   "%mul154_4_1 = dmul i64 %w, i64 %jtj_acc_28" [cpp/semgraph_slam/hls/registration_kernel_draft.cpp:132]   --->   Operation 781 'dmul' 'mul154_4_1' <Predicate = true> <Delay = 2.75> <CoreInst = "DMul_maxdsp">   --->   Core 49 'DMul_maxdsp' <Latency = 5> <II = 1> <Delay = 2.75> <FuncUnit> <Opcode : 'dmul'> <InPorts = 2> <OutPorts = 1>
ST_63 : Operation 782 [5/6] (2.75ns)   --->   "%mul154_5 = dmul i64 %w, i64 %jtj_acc_31" [cpp/semgraph_slam/hls/registration_kernel_draft.cpp:132]   --->   Operation 782 'dmul' 'mul154_5' <Predicate = true> <Delay = 2.75> <CoreInst = "DMul_maxdsp">   --->   Core 49 'DMul_maxdsp' <Latency = 5> <II = 1> <Delay = 2.75> <FuncUnit> <Opcode : 'dmul'> <InPorts = 2> <OutPorts = 1>
ST_63 : Operation 783 [1/1] (0.38ns)   --->   "%store_ln132 = store i64 %add158_2, i64 %empty_47" [cpp/semgraph_slam/hls/registration_kernel_draft.cpp:132]   --->   Operation 783 'store' 'store_ln132' <Predicate = true> <Delay = 0.38>
ST_63 : Operation 784 [1/1] (0.38ns)   --->   "%store_ln132 = store i64 %add158_1, i64 %empty_42" [cpp/semgraph_slam/hls/registration_kernel_draft.cpp:132]   --->   Operation 784 'store' 'store_ln132' <Predicate = true> <Delay = 0.38>
ST_63 : Operation 785 [1/1] (0.38ns)   --->   "%store_ln132 = store i64 %add5, i64 %empty_36" [cpp/semgraph_slam/hls/registration_kernel_draft.cpp:132]   --->   Operation 785 'store' 'store_ln132' <Predicate = true> <Delay = 0.38>

State 64 <SV = 63> <Delay = 2.89>
ST_64 : Operation 786 [1/1] (0.00ns)   --->   "%p_load64 = load i64 %empty" [cpp/semgraph_slam/hls/registration_kernel_draft.cpp:118]   --->   Operation 786 'load' 'p_load64' <Predicate = true> <Delay = 0.00>
ST_64 : Operation 787 [1/1] (0.00ns)   --->   "%p_load62 = load i64 %empty_31" [cpp/semgraph_slam/hls/registration_kernel_draft.cpp:118]   --->   Operation 787 'load' 'p_load62' <Predicate = true> <Delay = 0.00>
ST_64 : Operation 788 [1/1] (0.00ns)   --->   "%p_load60 = load i64 %empty_32" [cpp/semgraph_slam/hls/registration_kernel_draft.cpp:118]   --->   Operation 788 'load' 'p_load60' <Predicate = true> <Delay = 0.00>
ST_64 : Operation 789 [1/1] (0.00ns)   --->   "%p_load58 = load i64 %empty_33" [cpp/semgraph_slam/hls/registration_kernel_draft.cpp:118]   --->   Operation 789 'load' 'p_load58' <Predicate = true> <Delay = 0.00>
ST_64 : Operation 790 [1/1] (0.00ns)   --->   "%p_load56 = load i64 %empty_34" [cpp/semgraph_slam/hls/registration_kernel_draft.cpp:118]   --->   Operation 790 'load' 'p_load56' <Predicate = true> <Delay = 0.00>
ST_64 : Operation 791 [5/5] (2.89ns)   --->   "%add4 = dadd i64 %p_load64, i64 %mul4" [cpp/semgraph_slam/hls/registration_kernel_draft.cpp:118]   --->   Operation 791 'dadd' 'add4' <Predicate = true> <Delay = 2.89> <CoreInst = "DAddSub_fulldsp">   --->   Core 37 'DAddSub_fulldsp' <Latency = 4> <II = 1> <Delay = 2.89> <FuncUnit> <Opcode : 'dadd' 'dsub'> <InPorts = 2> <OutPorts = 1>
ST_64 : Operation 792 [5/5] (2.89ns)   --->   "%add124_1 = dadd i64 %p_load62, i64 %mul121_1" [cpp/semgraph_slam/hls/registration_kernel_draft.cpp:118]   --->   Operation 792 'dadd' 'add124_1' <Predicate = true> <Delay = 2.89> <CoreInst = "DAddSub_fulldsp">   --->   Core 37 'DAddSub_fulldsp' <Latency = 4> <II = 1> <Delay = 2.89> <FuncUnit> <Opcode : 'dadd' 'dsub'> <InPorts = 2> <OutPorts = 1>
ST_64 : Operation 793 [5/5] (2.89ns)   --->   "%add124_2 = dadd i64 %p_load60, i64 %mul121_2" [cpp/semgraph_slam/hls/registration_kernel_draft.cpp:118]   --->   Operation 793 'dadd' 'add124_2' <Predicate = true> <Delay = 2.89> <CoreInst = "DAddSub_fulldsp">   --->   Core 37 'DAddSub_fulldsp' <Latency = 4> <II = 1> <Delay = 2.89> <FuncUnit> <Opcode : 'dadd' 'dsub'> <InPorts = 2> <OutPorts = 1>
ST_64 : Operation 794 [5/5] (2.89ns)   --->   "%add124_3 = dadd i64 %p_load58, i64 %mul121_3" [cpp/semgraph_slam/hls/registration_kernel_draft.cpp:118]   --->   Operation 794 'dadd' 'add124_3' <Predicate = true> <Delay = 2.89> <CoreInst = "DAddSub_fulldsp">   --->   Core 37 'DAddSub_fulldsp' <Latency = 4> <II = 1> <Delay = 2.89> <FuncUnit> <Opcode : 'dadd' 'dsub'> <InPorts = 2> <OutPorts = 1>
ST_64 : Operation 795 [5/5] (2.89ns)   --->   "%add124_4 = dadd i64 %p_load56, i64 %mul121_4" [cpp/semgraph_slam/hls/registration_kernel_draft.cpp:118]   --->   Operation 795 'dadd' 'add124_4' <Predicate = true> <Delay = 2.89> <CoreInst = "DAddSub_fulldsp">   --->   Core 37 'DAddSub_fulldsp' <Latency = 4> <II = 1> <Delay = 2.89> <FuncUnit> <Opcode : 'dadd' 'dsub'> <InPorts = 2> <OutPorts = 1>
ST_64 : Operation 796 [1/6] (2.75ns)   --->   "%mul121_5 = dmul i64 %w, i64 %jtr_acc_15" [cpp/semgraph_slam/hls/registration_kernel_draft.cpp:118]   --->   Operation 796 'dmul' 'mul121_5' <Predicate = true> <Delay = 2.75> <CoreInst = "DMul_maxdsp">   --->   Core 49 'DMul_maxdsp' <Latency = 5> <II = 1> <Delay = 2.75> <FuncUnit> <Opcode : 'dmul'> <InPorts = 2> <OutPorts = 1>
ST_64 : Operation 797 [1/6] (2.75ns)   --->   "%mul154_s = dmul i64 %w, i64 0" [cpp/semgraph_slam/hls/registration_kernel_draft.cpp:132]   --->   Operation 797 'dmul' 'mul154_s' <Predicate = true> <Delay = 2.75> <CoreInst = "DMul_maxdsp">   --->   Core 49 'DMul_maxdsp' <Latency = 5> <II = 1> <Delay = 2.75> <FuncUnit> <Opcode : 'dmul'> <InPorts = 2> <OutPorts = 1>
ST_64 : Operation 798 [1/6] (2.75ns)   --->   "%mul154_1 = dmul i64 %w, i64 %jtj_acc_1" [cpp/semgraph_slam/hls/registration_kernel_draft.cpp:132]   --->   Operation 798 'dmul' 'mul154_1' <Predicate = true> <Delay = 2.75> <CoreInst = "DMul_maxdsp">   --->   Core 49 'DMul_maxdsp' <Latency = 5> <II = 1> <Delay = 2.75> <FuncUnit> <Opcode : 'dmul'> <InPorts = 2> <OutPorts = 1>
ST_64 : Operation 799 [1/6] (2.75ns)   --->   "%mul154_2 = dmul i64 %w, i64 %jtj_acc_3" [cpp/semgraph_slam/hls/registration_kernel_draft.cpp:132]   --->   Operation 799 'dmul' 'mul154_2' <Predicate = true> <Delay = 2.75> <CoreInst = "DMul_maxdsp">   --->   Core 49 'DMul_maxdsp' <Latency = 5> <II = 1> <Delay = 2.75> <FuncUnit> <Opcode : 'dmul'> <InPorts = 2> <OutPorts = 1>
ST_64 : Operation 800 [1/6] (2.75ns)   --->   "%mul154_6 = dmul i64 %w, i64 %jtj_acc_6" [cpp/semgraph_slam/hls/registration_kernel_draft.cpp:132]   --->   Operation 800 'dmul' 'mul154_6' <Predicate = true> <Delay = 2.75> <CoreInst = "DMul_maxdsp">   --->   Core 49 'DMul_maxdsp' <Latency = 5> <II = 1> <Delay = 2.75> <FuncUnit> <Opcode : 'dmul'> <InPorts = 2> <OutPorts = 1>
ST_64 : Operation 801 [1/6] (2.75ns)   --->   "%mul154_1_2 = dmul i64 %w, i64 %jtj_acc_8" [cpp/semgraph_slam/hls/registration_kernel_draft.cpp:132]   --->   Operation 801 'dmul' 'mul154_1_2' <Predicate = true> <Delay = 2.75> <CoreInst = "DMul_maxdsp">   --->   Core 49 'DMul_maxdsp' <Latency = 5> <II = 1> <Delay = 2.75> <FuncUnit> <Opcode : 'dmul'> <InPorts = 2> <OutPorts = 1>
ST_64 : Operation 802 [1/6] (2.75ns)   --->   "%mul154_1_3 = dmul i64 %w, i64 %jtj_acc_10" [cpp/semgraph_slam/hls/registration_kernel_draft.cpp:132]   --->   Operation 802 'dmul' 'mul154_1_3' <Predicate = true> <Delay = 2.75> <CoreInst = "DMul_maxdsp">   --->   Core 49 'DMul_maxdsp' <Latency = 5> <II = 1> <Delay = 2.75> <FuncUnit> <Opcode : 'dmul'> <InPorts = 2> <OutPorts = 1>
ST_64 : Operation 803 [1/6] (2.75ns)   --->   "%mul154_1_4 = dmul i64 %w, i64 %jtj_acc_13" [cpp/semgraph_slam/hls/registration_kernel_draft.cpp:132]   --->   Operation 803 'dmul' 'mul154_1_4' <Predicate = true> <Delay = 2.75> <CoreInst = "DMul_maxdsp">   --->   Core 49 'DMul_maxdsp' <Latency = 5> <II = 1> <Delay = 2.75> <FuncUnit> <Opcode : 'dmul'> <InPorts = 2> <OutPorts = 1>
ST_64 : Operation 804 [2/6] (2.75ns)   --->   "%mul154_2_1 = dmul i64 %w, i64 %jtj_acc_14" [cpp/semgraph_slam/hls/registration_kernel_draft.cpp:132]   --->   Operation 804 'dmul' 'mul154_2_1' <Predicate = true> <Delay = 2.75> <CoreInst = "DMul_maxdsp">   --->   Core 49 'DMul_maxdsp' <Latency = 5> <II = 1> <Delay = 2.75> <FuncUnit> <Opcode : 'dmul'> <InPorts = 2> <OutPorts = 1>
ST_64 : Operation 805 [2/6] (2.75ns)   --->   "%mul154_2_2 = dmul i64 %w, i64 %jtj_acc_15" [cpp/semgraph_slam/hls/registration_kernel_draft.cpp:132]   --->   Operation 805 'dmul' 'mul154_2_2' <Predicate = true> <Delay = 2.75> <CoreInst = "DMul_maxdsp">   --->   Core 49 'DMul_maxdsp' <Latency = 5> <II = 1> <Delay = 2.75> <FuncUnit> <Opcode : 'dmul'> <InPorts = 2> <OutPorts = 1>
ST_64 : Operation 806 [2/6] (2.75ns)   --->   "%mul154_2_3 = dmul i64 %w, i64 %jtj_acc_17" [cpp/semgraph_slam/hls/registration_kernel_draft.cpp:132]   --->   Operation 806 'dmul' 'mul154_2_3' <Predicate = true> <Delay = 2.75> <CoreInst = "DMul_maxdsp">   --->   Core 49 'DMul_maxdsp' <Latency = 5> <II = 1> <Delay = 2.75> <FuncUnit> <Opcode : 'dmul'> <InPorts = 2> <OutPorts = 1>
ST_64 : Operation 807 [2/6] (2.75ns)   --->   "%mul154_3 = dmul i64 %w, i64 %jtj_acc_19" [cpp/semgraph_slam/hls/registration_kernel_draft.cpp:132]   --->   Operation 807 'dmul' 'mul154_3' <Predicate = true> <Delay = 2.75> <CoreInst = "DMul_maxdsp">   --->   Core 49 'DMul_maxdsp' <Latency = 5> <II = 1> <Delay = 2.75> <FuncUnit> <Opcode : 'dmul'> <InPorts = 2> <OutPorts = 1>
ST_64 : Operation 808 [3/6] (2.75ns)   --->   "%mul154_3_1 = dmul i64 %w, i64 %jtj_acc_21" [cpp/semgraph_slam/hls/registration_kernel_draft.cpp:132]   --->   Operation 808 'dmul' 'mul154_3_1' <Predicate = true> <Delay = 2.75> <CoreInst = "DMul_maxdsp">   --->   Core 49 'DMul_maxdsp' <Latency = 5> <II = 1> <Delay = 2.75> <FuncUnit> <Opcode : 'dmul'> <InPorts = 2> <OutPorts = 1>
ST_64 : Operation 809 [3/6] (2.75ns)   --->   "%mul154_3_2 = dmul i64 %w, i64 %jtj_acc_23" [cpp/semgraph_slam/hls/registration_kernel_draft.cpp:132]   --->   Operation 809 'dmul' 'mul154_3_2' <Predicate = true> <Delay = 2.75> <CoreInst = "DMul_maxdsp">   --->   Core 49 'DMul_maxdsp' <Latency = 5> <II = 1> <Delay = 2.75> <FuncUnit> <Opcode : 'dmul'> <InPorts = 2> <OutPorts = 1>
ST_64 : Operation 810 [3/6] (2.75ns)   --->   "%mul154_4 = dmul i64 %w, i64 %jtj_acc_25" [cpp/semgraph_slam/hls/registration_kernel_draft.cpp:132]   --->   Operation 810 'dmul' 'mul154_4' <Predicate = true> <Delay = 2.75> <CoreInst = "DMul_maxdsp">   --->   Core 49 'DMul_maxdsp' <Latency = 5> <II = 1> <Delay = 2.75> <FuncUnit> <Opcode : 'dmul'> <InPorts = 2> <OutPorts = 1>
ST_64 : Operation 811 [4/6] (2.75ns)   --->   "%mul154_4_1 = dmul i64 %w, i64 %jtj_acc_28" [cpp/semgraph_slam/hls/registration_kernel_draft.cpp:132]   --->   Operation 811 'dmul' 'mul154_4_1' <Predicate = true> <Delay = 2.75> <CoreInst = "DMul_maxdsp">   --->   Core 49 'DMul_maxdsp' <Latency = 5> <II = 1> <Delay = 2.75> <FuncUnit> <Opcode : 'dmul'> <InPorts = 2> <OutPorts = 1>
ST_64 : Operation 812 [4/6] (2.75ns)   --->   "%mul154_5 = dmul i64 %w, i64 %jtj_acc_31" [cpp/semgraph_slam/hls/registration_kernel_draft.cpp:132]   --->   Operation 812 'dmul' 'mul154_5' <Predicate = true> <Delay = 2.75> <CoreInst = "DMul_maxdsp">   --->   Core 49 'DMul_maxdsp' <Latency = 5> <II = 1> <Delay = 2.75> <FuncUnit> <Opcode : 'dmul'> <InPorts = 2> <OutPorts = 1>

State 65 <SV = 64> <Delay = 2.89>
ST_65 : Operation 813 [1/1] (0.00ns)   --->   "%p_load54 = load i64 %empty_35" [cpp/semgraph_slam/hls/registration_kernel_draft.cpp:118]   --->   Operation 813 'load' 'p_load54' <Predicate = true> <Delay = 0.00>
ST_65 : Operation 814 [1/1] (0.00ns)   --->   "%p_load50 = load i64 %empty_37" [cpp/semgraph_slam/hls/registration_kernel_draft.cpp:132]   --->   Operation 814 'load' 'p_load50' <Predicate = true> <Delay = 0.00>
ST_65 : Operation 815 [1/1] (0.00ns)   --->   "%p_load48 = load i64 %empty_38" [cpp/semgraph_slam/hls/registration_kernel_draft.cpp:132]   --->   Operation 815 'load' 'p_load48' <Predicate = true> <Delay = 0.00>
ST_65 : Operation 816 [4/5] (2.89ns)   --->   "%add4 = dadd i64 %p_load64, i64 %mul4" [cpp/semgraph_slam/hls/registration_kernel_draft.cpp:118]   --->   Operation 816 'dadd' 'add4' <Predicate = true> <Delay = 2.89> <CoreInst = "DAddSub_fulldsp">   --->   Core 37 'DAddSub_fulldsp' <Latency = 4> <II = 1> <Delay = 2.89> <FuncUnit> <Opcode : 'dadd' 'dsub'> <InPorts = 2> <OutPorts = 1>
ST_65 : Operation 817 [4/5] (2.89ns)   --->   "%add124_1 = dadd i64 %p_load62, i64 %mul121_1" [cpp/semgraph_slam/hls/registration_kernel_draft.cpp:118]   --->   Operation 817 'dadd' 'add124_1' <Predicate = true> <Delay = 2.89> <CoreInst = "DAddSub_fulldsp">   --->   Core 37 'DAddSub_fulldsp' <Latency = 4> <II = 1> <Delay = 2.89> <FuncUnit> <Opcode : 'dadd' 'dsub'> <InPorts = 2> <OutPorts = 1>
ST_65 : Operation 818 [4/5] (2.89ns)   --->   "%add124_2 = dadd i64 %p_load60, i64 %mul121_2" [cpp/semgraph_slam/hls/registration_kernel_draft.cpp:118]   --->   Operation 818 'dadd' 'add124_2' <Predicate = true> <Delay = 2.89> <CoreInst = "DAddSub_fulldsp">   --->   Core 37 'DAddSub_fulldsp' <Latency = 4> <II = 1> <Delay = 2.89> <FuncUnit> <Opcode : 'dadd' 'dsub'> <InPorts = 2> <OutPorts = 1>
ST_65 : Operation 819 [4/5] (2.89ns)   --->   "%add124_3 = dadd i64 %p_load58, i64 %mul121_3" [cpp/semgraph_slam/hls/registration_kernel_draft.cpp:118]   --->   Operation 819 'dadd' 'add124_3' <Predicate = true> <Delay = 2.89> <CoreInst = "DAddSub_fulldsp">   --->   Core 37 'DAddSub_fulldsp' <Latency = 4> <II = 1> <Delay = 2.89> <FuncUnit> <Opcode : 'dadd' 'dsub'> <InPorts = 2> <OutPorts = 1>
ST_65 : Operation 820 [4/5] (2.89ns)   --->   "%add124_4 = dadd i64 %p_load56, i64 %mul121_4" [cpp/semgraph_slam/hls/registration_kernel_draft.cpp:118]   --->   Operation 820 'dadd' 'add124_4' <Predicate = true> <Delay = 2.89> <CoreInst = "DAddSub_fulldsp">   --->   Core 37 'DAddSub_fulldsp' <Latency = 4> <II = 1> <Delay = 2.89> <FuncUnit> <Opcode : 'dadd' 'dsub'> <InPorts = 2> <OutPorts = 1>
ST_65 : Operation 821 [5/5] (2.89ns)   --->   "%add124_5 = dadd i64 %p_load54, i64 %mul121_5" [cpp/semgraph_slam/hls/registration_kernel_draft.cpp:118]   --->   Operation 821 'dadd' 'add124_5' <Predicate = true> <Delay = 2.89> <CoreInst = "DAddSub_fulldsp">   --->   Core 37 'DAddSub_fulldsp' <Latency = 4> <II = 1> <Delay = 2.89> <FuncUnit> <Opcode : 'dadd' 'dsub'> <InPorts = 2> <OutPorts = 1>
ST_65 : Operation 822 [5/5] (2.89ns)   --->   "%add158_s = dadd i64 %p_load50, i64 %mul154_s" [cpp/semgraph_slam/hls/registration_kernel_draft.cpp:132]   --->   Operation 822 'dadd' 'add158_s' <Predicate = true> <Delay = 2.89> <CoreInst = "DAddSub_fulldsp">   --->   Core 37 'DAddSub_fulldsp' <Latency = 4> <II = 1> <Delay = 2.89> <FuncUnit> <Opcode : 'dadd' 'dsub'> <InPorts = 2> <OutPorts = 1>
ST_65 : Operation 823 [5/5] (2.89ns)   --->   "%add158_6 = dadd i64 %p_load48, i64 %mul154_s" [cpp/semgraph_slam/hls/registration_kernel_draft.cpp:132]   --->   Operation 823 'dadd' 'add158_6' <Predicate = true> <Delay = 2.89> <CoreInst = "DAddSub_fulldsp">   --->   Core 37 'DAddSub_fulldsp' <Latency = 4> <II = 1> <Delay = 2.89> <FuncUnit> <Opcode : 'dadd' 'dsub'> <InPorts = 2> <OutPorts = 1>
ST_65 : Operation 824 [1/6] (2.75ns)   --->   "%mul154_2_1 = dmul i64 %w, i64 %jtj_acc_14" [cpp/semgraph_slam/hls/registration_kernel_draft.cpp:132]   --->   Operation 824 'dmul' 'mul154_2_1' <Predicate = true> <Delay = 2.75> <CoreInst = "DMul_maxdsp">   --->   Core 49 'DMul_maxdsp' <Latency = 5> <II = 1> <Delay = 2.75> <FuncUnit> <Opcode : 'dmul'> <InPorts = 2> <OutPorts = 1>
ST_65 : Operation 825 [1/6] (2.75ns)   --->   "%mul154_2_2 = dmul i64 %w, i64 %jtj_acc_15" [cpp/semgraph_slam/hls/registration_kernel_draft.cpp:132]   --->   Operation 825 'dmul' 'mul154_2_2' <Predicate = true> <Delay = 2.75> <CoreInst = "DMul_maxdsp">   --->   Core 49 'DMul_maxdsp' <Latency = 5> <II = 1> <Delay = 2.75> <FuncUnit> <Opcode : 'dmul'> <InPorts = 2> <OutPorts = 1>
ST_65 : Operation 826 [1/6] (2.75ns)   --->   "%mul154_2_3 = dmul i64 %w, i64 %jtj_acc_17" [cpp/semgraph_slam/hls/registration_kernel_draft.cpp:132]   --->   Operation 826 'dmul' 'mul154_2_3' <Predicate = true> <Delay = 2.75> <CoreInst = "DMul_maxdsp">   --->   Core 49 'DMul_maxdsp' <Latency = 5> <II = 1> <Delay = 2.75> <FuncUnit> <Opcode : 'dmul'> <InPorts = 2> <OutPorts = 1>
ST_65 : Operation 827 [1/6] (2.75ns)   --->   "%mul154_3 = dmul i64 %w, i64 %jtj_acc_19" [cpp/semgraph_slam/hls/registration_kernel_draft.cpp:132]   --->   Operation 827 'dmul' 'mul154_3' <Predicate = true> <Delay = 2.75> <CoreInst = "DMul_maxdsp">   --->   Core 49 'DMul_maxdsp' <Latency = 5> <II = 1> <Delay = 2.75> <FuncUnit> <Opcode : 'dmul'> <InPorts = 2> <OutPorts = 1>
ST_65 : Operation 828 [2/6] (2.75ns)   --->   "%mul154_3_1 = dmul i64 %w, i64 %jtj_acc_21" [cpp/semgraph_slam/hls/registration_kernel_draft.cpp:132]   --->   Operation 828 'dmul' 'mul154_3_1' <Predicate = true> <Delay = 2.75> <CoreInst = "DMul_maxdsp">   --->   Core 49 'DMul_maxdsp' <Latency = 5> <II = 1> <Delay = 2.75> <FuncUnit> <Opcode : 'dmul'> <InPorts = 2> <OutPorts = 1>
ST_65 : Operation 829 [2/6] (2.75ns)   --->   "%mul154_3_2 = dmul i64 %w, i64 %jtj_acc_23" [cpp/semgraph_slam/hls/registration_kernel_draft.cpp:132]   --->   Operation 829 'dmul' 'mul154_3_2' <Predicate = true> <Delay = 2.75> <CoreInst = "DMul_maxdsp">   --->   Core 49 'DMul_maxdsp' <Latency = 5> <II = 1> <Delay = 2.75> <FuncUnit> <Opcode : 'dmul'> <InPorts = 2> <OutPorts = 1>
ST_65 : Operation 830 [2/6] (2.75ns)   --->   "%mul154_4 = dmul i64 %w, i64 %jtj_acc_25" [cpp/semgraph_slam/hls/registration_kernel_draft.cpp:132]   --->   Operation 830 'dmul' 'mul154_4' <Predicate = true> <Delay = 2.75> <CoreInst = "DMul_maxdsp">   --->   Core 49 'DMul_maxdsp' <Latency = 5> <II = 1> <Delay = 2.75> <FuncUnit> <Opcode : 'dmul'> <InPorts = 2> <OutPorts = 1>
ST_65 : Operation 831 [3/6] (2.75ns)   --->   "%mul154_4_1 = dmul i64 %w, i64 %jtj_acc_28" [cpp/semgraph_slam/hls/registration_kernel_draft.cpp:132]   --->   Operation 831 'dmul' 'mul154_4_1' <Predicate = true> <Delay = 2.75> <CoreInst = "DMul_maxdsp">   --->   Core 49 'DMul_maxdsp' <Latency = 5> <II = 1> <Delay = 2.75> <FuncUnit> <Opcode : 'dmul'> <InPorts = 2> <OutPorts = 1>
ST_65 : Operation 832 [3/6] (2.75ns)   --->   "%mul154_5 = dmul i64 %w, i64 %jtj_acc_31" [cpp/semgraph_slam/hls/registration_kernel_draft.cpp:132]   --->   Operation 832 'dmul' 'mul154_5' <Predicate = true> <Delay = 2.75> <CoreInst = "DMul_maxdsp">   --->   Core 49 'DMul_maxdsp' <Latency = 5> <II = 1> <Delay = 2.75> <FuncUnit> <Opcode : 'dmul'> <InPorts = 2> <OutPorts = 1>

State 66 <SV = 65> <Delay = 2.89>
ST_66 : Operation 833 [1/1] (0.00ns)   --->   "%p_load46 = load i64 %empty_39" [cpp/semgraph_slam/hls/registration_kernel_draft.cpp:132]   --->   Operation 833 'load' 'p_load46' <Predicate = true> <Delay = 0.00>
ST_66 : Operation 834 [3/5] (2.89ns)   --->   "%add4 = dadd i64 %p_load64, i64 %mul4" [cpp/semgraph_slam/hls/registration_kernel_draft.cpp:118]   --->   Operation 834 'dadd' 'add4' <Predicate = true> <Delay = 2.89> <CoreInst = "DAddSub_fulldsp">   --->   Core 37 'DAddSub_fulldsp' <Latency = 4> <II = 1> <Delay = 2.89> <FuncUnit> <Opcode : 'dadd' 'dsub'> <InPorts = 2> <OutPorts = 1>
ST_66 : Operation 835 [3/5] (2.89ns)   --->   "%add124_1 = dadd i64 %p_load62, i64 %mul121_1" [cpp/semgraph_slam/hls/registration_kernel_draft.cpp:118]   --->   Operation 835 'dadd' 'add124_1' <Predicate = true> <Delay = 2.89> <CoreInst = "DAddSub_fulldsp">   --->   Core 37 'DAddSub_fulldsp' <Latency = 4> <II = 1> <Delay = 2.89> <FuncUnit> <Opcode : 'dadd' 'dsub'> <InPorts = 2> <OutPorts = 1>
ST_66 : Operation 836 [3/5] (2.89ns)   --->   "%add124_2 = dadd i64 %p_load60, i64 %mul121_2" [cpp/semgraph_slam/hls/registration_kernel_draft.cpp:118]   --->   Operation 836 'dadd' 'add124_2' <Predicate = true> <Delay = 2.89> <CoreInst = "DAddSub_fulldsp">   --->   Core 37 'DAddSub_fulldsp' <Latency = 4> <II = 1> <Delay = 2.89> <FuncUnit> <Opcode : 'dadd' 'dsub'> <InPorts = 2> <OutPorts = 1>
ST_66 : Operation 837 [3/5] (2.89ns)   --->   "%add124_3 = dadd i64 %p_load58, i64 %mul121_3" [cpp/semgraph_slam/hls/registration_kernel_draft.cpp:118]   --->   Operation 837 'dadd' 'add124_3' <Predicate = true> <Delay = 2.89> <CoreInst = "DAddSub_fulldsp">   --->   Core 37 'DAddSub_fulldsp' <Latency = 4> <II = 1> <Delay = 2.89> <FuncUnit> <Opcode : 'dadd' 'dsub'> <InPorts = 2> <OutPorts = 1>
ST_66 : Operation 838 [3/5] (2.89ns)   --->   "%add124_4 = dadd i64 %p_load56, i64 %mul121_4" [cpp/semgraph_slam/hls/registration_kernel_draft.cpp:118]   --->   Operation 838 'dadd' 'add124_4' <Predicate = true> <Delay = 2.89> <CoreInst = "DAddSub_fulldsp">   --->   Core 37 'DAddSub_fulldsp' <Latency = 4> <II = 1> <Delay = 2.89> <FuncUnit> <Opcode : 'dadd' 'dsub'> <InPorts = 2> <OutPorts = 1>
ST_66 : Operation 839 [4/5] (2.89ns)   --->   "%add124_5 = dadd i64 %p_load54, i64 %mul121_5" [cpp/semgraph_slam/hls/registration_kernel_draft.cpp:118]   --->   Operation 839 'dadd' 'add124_5' <Predicate = true> <Delay = 2.89> <CoreInst = "DAddSub_fulldsp">   --->   Core 37 'DAddSub_fulldsp' <Latency = 4> <II = 1> <Delay = 2.89> <FuncUnit> <Opcode : 'dadd' 'dsub'> <InPorts = 2> <OutPorts = 1>
ST_66 : Operation 840 [4/5] (2.89ns)   --->   "%add158_s = dadd i64 %p_load50, i64 %mul154_s" [cpp/semgraph_slam/hls/registration_kernel_draft.cpp:132]   --->   Operation 840 'dadd' 'add158_s' <Predicate = true> <Delay = 2.89> <CoreInst = "DAddSub_fulldsp">   --->   Core 37 'DAddSub_fulldsp' <Latency = 4> <II = 1> <Delay = 2.89> <FuncUnit> <Opcode : 'dadd' 'dsub'> <InPorts = 2> <OutPorts = 1>
ST_66 : Operation 841 [4/5] (2.89ns)   --->   "%add158_6 = dadd i64 %p_load48, i64 %mul154_s" [cpp/semgraph_slam/hls/registration_kernel_draft.cpp:132]   --->   Operation 841 'dadd' 'add158_6' <Predicate = true> <Delay = 2.89> <CoreInst = "DAddSub_fulldsp">   --->   Core 37 'DAddSub_fulldsp' <Latency = 4> <II = 1> <Delay = 2.89> <FuncUnit> <Opcode : 'dadd' 'dsub'> <InPorts = 2> <OutPorts = 1>
ST_66 : Operation 842 [5/5] (2.89ns)   --->   "%add158_7 = dadd i64 %p_load46, i64 %mul154_1" [cpp/semgraph_slam/hls/registration_kernel_draft.cpp:132]   --->   Operation 842 'dadd' 'add158_7' <Predicate = true> <Delay = 2.89> <CoreInst = "DAddSub_fulldsp">   --->   Core 37 'DAddSub_fulldsp' <Latency = 4> <II = 1> <Delay = 2.89> <FuncUnit> <Opcode : 'dadd' 'dsub'> <InPorts = 2> <OutPorts = 1>
ST_66 : Operation 843 [1/6] (2.75ns)   --->   "%mul154_3_1 = dmul i64 %w, i64 %jtj_acc_21" [cpp/semgraph_slam/hls/registration_kernel_draft.cpp:132]   --->   Operation 843 'dmul' 'mul154_3_1' <Predicate = true> <Delay = 2.75> <CoreInst = "DMul_maxdsp">   --->   Core 49 'DMul_maxdsp' <Latency = 5> <II = 1> <Delay = 2.75> <FuncUnit> <Opcode : 'dmul'> <InPorts = 2> <OutPorts = 1>
ST_66 : Operation 844 [1/6] (2.75ns)   --->   "%mul154_3_2 = dmul i64 %w, i64 %jtj_acc_23" [cpp/semgraph_slam/hls/registration_kernel_draft.cpp:132]   --->   Operation 844 'dmul' 'mul154_3_2' <Predicate = true> <Delay = 2.75> <CoreInst = "DMul_maxdsp">   --->   Core 49 'DMul_maxdsp' <Latency = 5> <II = 1> <Delay = 2.75> <FuncUnit> <Opcode : 'dmul'> <InPorts = 2> <OutPorts = 1>
ST_66 : Operation 845 [1/6] (2.75ns)   --->   "%mul154_4 = dmul i64 %w, i64 %jtj_acc_25" [cpp/semgraph_slam/hls/registration_kernel_draft.cpp:132]   --->   Operation 845 'dmul' 'mul154_4' <Predicate = true> <Delay = 2.75> <CoreInst = "DMul_maxdsp">   --->   Core 49 'DMul_maxdsp' <Latency = 5> <II = 1> <Delay = 2.75> <FuncUnit> <Opcode : 'dmul'> <InPorts = 2> <OutPorts = 1>
ST_66 : Operation 846 [2/6] (2.75ns)   --->   "%mul154_4_1 = dmul i64 %w, i64 %jtj_acc_28" [cpp/semgraph_slam/hls/registration_kernel_draft.cpp:132]   --->   Operation 846 'dmul' 'mul154_4_1' <Predicate = true> <Delay = 2.75> <CoreInst = "DMul_maxdsp">   --->   Core 49 'DMul_maxdsp' <Latency = 5> <II = 1> <Delay = 2.75> <FuncUnit> <Opcode : 'dmul'> <InPorts = 2> <OutPorts = 1>
ST_66 : Operation 847 [2/6] (2.75ns)   --->   "%mul154_5 = dmul i64 %w, i64 %jtj_acc_31" [cpp/semgraph_slam/hls/registration_kernel_draft.cpp:132]   --->   Operation 847 'dmul' 'mul154_5' <Predicate = true> <Delay = 2.75> <CoreInst = "DMul_maxdsp">   --->   Core 49 'DMul_maxdsp' <Latency = 5> <II = 1> <Delay = 2.75> <FuncUnit> <Opcode : 'dmul'> <InPorts = 2> <OutPorts = 1>

State 67 <SV = 66> <Delay = 2.89>
ST_67 : Operation 848 [2/5] (2.89ns)   --->   "%add4 = dadd i64 %p_load64, i64 %mul4" [cpp/semgraph_slam/hls/registration_kernel_draft.cpp:118]   --->   Operation 848 'dadd' 'add4' <Predicate = true> <Delay = 2.89> <CoreInst = "DAddSub_fulldsp">   --->   Core 37 'DAddSub_fulldsp' <Latency = 4> <II = 1> <Delay = 2.89> <FuncUnit> <Opcode : 'dadd' 'dsub'> <InPorts = 2> <OutPorts = 1>
ST_67 : Operation 849 [2/5] (2.89ns)   --->   "%add124_1 = dadd i64 %p_load62, i64 %mul121_1" [cpp/semgraph_slam/hls/registration_kernel_draft.cpp:118]   --->   Operation 849 'dadd' 'add124_1' <Predicate = true> <Delay = 2.89> <CoreInst = "DAddSub_fulldsp">   --->   Core 37 'DAddSub_fulldsp' <Latency = 4> <II = 1> <Delay = 2.89> <FuncUnit> <Opcode : 'dadd' 'dsub'> <InPorts = 2> <OutPorts = 1>
ST_67 : Operation 850 [2/5] (2.89ns)   --->   "%add124_2 = dadd i64 %p_load60, i64 %mul121_2" [cpp/semgraph_slam/hls/registration_kernel_draft.cpp:118]   --->   Operation 850 'dadd' 'add124_2' <Predicate = true> <Delay = 2.89> <CoreInst = "DAddSub_fulldsp">   --->   Core 37 'DAddSub_fulldsp' <Latency = 4> <II = 1> <Delay = 2.89> <FuncUnit> <Opcode : 'dadd' 'dsub'> <InPorts = 2> <OutPorts = 1>
ST_67 : Operation 851 [2/5] (2.89ns)   --->   "%add124_3 = dadd i64 %p_load58, i64 %mul121_3" [cpp/semgraph_slam/hls/registration_kernel_draft.cpp:118]   --->   Operation 851 'dadd' 'add124_3' <Predicate = true> <Delay = 2.89> <CoreInst = "DAddSub_fulldsp">   --->   Core 37 'DAddSub_fulldsp' <Latency = 4> <II = 1> <Delay = 2.89> <FuncUnit> <Opcode : 'dadd' 'dsub'> <InPorts = 2> <OutPorts = 1>
ST_67 : Operation 852 [2/5] (2.89ns)   --->   "%add124_4 = dadd i64 %p_load56, i64 %mul121_4" [cpp/semgraph_slam/hls/registration_kernel_draft.cpp:118]   --->   Operation 852 'dadd' 'add124_4' <Predicate = true> <Delay = 2.89> <CoreInst = "DAddSub_fulldsp">   --->   Core 37 'DAddSub_fulldsp' <Latency = 4> <II = 1> <Delay = 2.89> <FuncUnit> <Opcode : 'dadd' 'dsub'> <InPorts = 2> <OutPorts = 1>
ST_67 : Operation 853 [3/5] (2.89ns)   --->   "%add124_5 = dadd i64 %p_load54, i64 %mul121_5" [cpp/semgraph_slam/hls/registration_kernel_draft.cpp:118]   --->   Operation 853 'dadd' 'add124_5' <Predicate = true> <Delay = 2.89> <CoreInst = "DAddSub_fulldsp">   --->   Core 37 'DAddSub_fulldsp' <Latency = 4> <II = 1> <Delay = 2.89> <FuncUnit> <Opcode : 'dadd' 'dsub'> <InPorts = 2> <OutPorts = 1>
ST_67 : Operation 854 [3/5] (2.89ns)   --->   "%add158_s = dadd i64 %p_load50, i64 %mul154_s" [cpp/semgraph_slam/hls/registration_kernel_draft.cpp:132]   --->   Operation 854 'dadd' 'add158_s' <Predicate = true> <Delay = 2.89> <CoreInst = "DAddSub_fulldsp">   --->   Core 37 'DAddSub_fulldsp' <Latency = 4> <II = 1> <Delay = 2.89> <FuncUnit> <Opcode : 'dadd' 'dsub'> <InPorts = 2> <OutPorts = 1>
ST_67 : Operation 855 [3/5] (2.89ns)   --->   "%add158_6 = dadd i64 %p_load48, i64 %mul154_s" [cpp/semgraph_slam/hls/registration_kernel_draft.cpp:132]   --->   Operation 855 'dadd' 'add158_6' <Predicate = true> <Delay = 2.89> <CoreInst = "DAddSub_fulldsp">   --->   Core 37 'DAddSub_fulldsp' <Latency = 4> <II = 1> <Delay = 2.89> <FuncUnit> <Opcode : 'dadd' 'dsub'> <InPorts = 2> <OutPorts = 1>
ST_67 : Operation 856 [4/5] (2.89ns)   --->   "%add158_7 = dadd i64 %p_load46, i64 %mul154_1" [cpp/semgraph_slam/hls/registration_kernel_draft.cpp:132]   --->   Operation 856 'dadd' 'add158_7' <Predicate = true> <Delay = 2.89> <CoreInst = "DAddSub_fulldsp">   --->   Core 37 'DAddSub_fulldsp' <Latency = 4> <II = 1> <Delay = 2.89> <FuncUnit> <Opcode : 'dadd' 'dsub'> <InPorts = 2> <OutPorts = 1>
ST_67 : Operation 857 [1/6] (2.75ns)   --->   "%mul154_4_1 = dmul i64 %w, i64 %jtj_acc_28" [cpp/semgraph_slam/hls/registration_kernel_draft.cpp:132]   --->   Operation 857 'dmul' 'mul154_4_1' <Predicate = true> <Delay = 2.75> <CoreInst = "DMul_maxdsp">   --->   Core 49 'DMul_maxdsp' <Latency = 5> <II = 1> <Delay = 2.75> <FuncUnit> <Opcode : 'dmul'> <InPorts = 2> <OutPorts = 1>
ST_67 : Operation 858 [1/6] (2.75ns)   --->   "%mul154_5 = dmul i64 %w, i64 %jtj_acc_31" [cpp/semgraph_slam/hls/registration_kernel_draft.cpp:132]   --->   Operation 858 'dmul' 'mul154_5' <Predicate = true> <Delay = 2.75> <CoreInst = "DMul_maxdsp">   --->   Core 49 'DMul_maxdsp' <Latency = 5> <II = 1> <Delay = 2.75> <FuncUnit> <Opcode : 'dmul'> <InPorts = 2> <OutPorts = 1>

State 68 <SV = 67> <Delay = 2.89>
ST_68 : Operation 859 [1/1] (0.00ns)   --->   "%p_load44 = load i64 %empty_40" [cpp/semgraph_slam/hls/registration_kernel_draft.cpp:132]   --->   Operation 859 'load' 'p_load44' <Predicate = true> <Delay = 0.00>
ST_68 : Operation 860 [1/1] (0.00ns)   --->   "%p_load42 = load i64 %empty_41" [cpp/semgraph_slam/hls/registration_kernel_draft.cpp:132]   --->   Operation 860 'load' 'p_load42' <Predicate = true> <Delay = 0.00>
ST_68 : Operation 861 [1/5] (2.89ns)   --->   "%add4 = dadd i64 %p_load64, i64 %mul4" [cpp/semgraph_slam/hls/registration_kernel_draft.cpp:118]   --->   Operation 861 'dadd' 'add4' <Predicate = true> <Delay = 2.89> <CoreInst = "DAddSub_fulldsp">   --->   Core 37 'DAddSub_fulldsp' <Latency = 4> <II = 1> <Delay = 2.89> <FuncUnit> <Opcode : 'dadd' 'dsub'> <InPorts = 2> <OutPorts = 1>
ST_68 : Operation 862 [1/5] (2.89ns)   --->   "%add124_1 = dadd i64 %p_load62, i64 %mul121_1" [cpp/semgraph_slam/hls/registration_kernel_draft.cpp:118]   --->   Operation 862 'dadd' 'add124_1' <Predicate = true> <Delay = 2.89> <CoreInst = "DAddSub_fulldsp">   --->   Core 37 'DAddSub_fulldsp' <Latency = 4> <II = 1> <Delay = 2.89> <FuncUnit> <Opcode : 'dadd' 'dsub'> <InPorts = 2> <OutPorts = 1>
ST_68 : Operation 863 [1/5] (2.89ns)   --->   "%add124_2 = dadd i64 %p_load60, i64 %mul121_2" [cpp/semgraph_slam/hls/registration_kernel_draft.cpp:118]   --->   Operation 863 'dadd' 'add124_2' <Predicate = true> <Delay = 2.89> <CoreInst = "DAddSub_fulldsp">   --->   Core 37 'DAddSub_fulldsp' <Latency = 4> <II = 1> <Delay = 2.89> <FuncUnit> <Opcode : 'dadd' 'dsub'> <InPorts = 2> <OutPorts = 1>
ST_68 : Operation 864 [1/5] (2.89ns)   --->   "%add124_3 = dadd i64 %p_load58, i64 %mul121_3" [cpp/semgraph_slam/hls/registration_kernel_draft.cpp:118]   --->   Operation 864 'dadd' 'add124_3' <Predicate = true> <Delay = 2.89> <CoreInst = "DAddSub_fulldsp">   --->   Core 37 'DAddSub_fulldsp' <Latency = 4> <II = 1> <Delay = 2.89> <FuncUnit> <Opcode : 'dadd' 'dsub'> <InPorts = 2> <OutPorts = 1>
ST_68 : Operation 865 [1/5] (2.89ns)   --->   "%add124_4 = dadd i64 %p_load56, i64 %mul121_4" [cpp/semgraph_slam/hls/registration_kernel_draft.cpp:118]   --->   Operation 865 'dadd' 'add124_4' <Predicate = true> <Delay = 2.89> <CoreInst = "DAddSub_fulldsp">   --->   Core 37 'DAddSub_fulldsp' <Latency = 4> <II = 1> <Delay = 2.89> <FuncUnit> <Opcode : 'dadd' 'dsub'> <InPorts = 2> <OutPorts = 1>
ST_68 : Operation 866 [2/5] (2.89ns)   --->   "%add124_5 = dadd i64 %p_load54, i64 %mul121_5" [cpp/semgraph_slam/hls/registration_kernel_draft.cpp:118]   --->   Operation 866 'dadd' 'add124_5' <Predicate = true> <Delay = 2.89> <CoreInst = "DAddSub_fulldsp">   --->   Core 37 'DAddSub_fulldsp' <Latency = 4> <II = 1> <Delay = 2.89> <FuncUnit> <Opcode : 'dadd' 'dsub'> <InPorts = 2> <OutPorts = 1>
ST_68 : Operation 867 [2/5] (2.89ns)   --->   "%add158_s = dadd i64 %p_load50, i64 %mul154_s" [cpp/semgraph_slam/hls/registration_kernel_draft.cpp:132]   --->   Operation 867 'dadd' 'add158_s' <Predicate = true> <Delay = 2.89> <CoreInst = "DAddSub_fulldsp">   --->   Core 37 'DAddSub_fulldsp' <Latency = 4> <II = 1> <Delay = 2.89> <FuncUnit> <Opcode : 'dadd' 'dsub'> <InPorts = 2> <OutPorts = 1>
ST_68 : Operation 868 [2/5] (2.89ns)   --->   "%add158_6 = dadd i64 %p_load48, i64 %mul154_s" [cpp/semgraph_slam/hls/registration_kernel_draft.cpp:132]   --->   Operation 868 'dadd' 'add158_6' <Predicate = true> <Delay = 2.89> <CoreInst = "DAddSub_fulldsp">   --->   Core 37 'DAddSub_fulldsp' <Latency = 4> <II = 1> <Delay = 2.89> <FuncUnit> <Opcode : 'dadd' 'dsub'> <InPorts = 2> <OutPorts = 1>
ST_68 : Operation 869 [3/5] (2.89ns)   --->   "%add158_7 = dadd i64 %p_load46, i64 %mul154_1" [cpp/semgraph_slam/hls/registration_kernel_draft.cpp:132]   --->   Operation 869 'dadd' 'add158_7' <Predicate = true> <Delay = 2.89> <CoreInst = "DAddSub_fulldsp">   --->   Core 37 'DAddSub_fulldsp' <Latency = 4> <II = 1> <Delay = 2.89> <FuncUnit> <Opcode : 'dadd' 'dsub'> <InPorts = 2> <OutPorts = 1>
ST_68 : Operation 870 [5/5] (2.89ns)   --->   "%add158_8 = dadd i64 %p_load44, i64 %mul154_2" [cpp/semgraph_slam/hls/registration_kernel_draft.cpp:132]   --->   Operation 870 'dadd' 'add158_8' <Predicate = true> <Delay = 2.89> <CoreInst = "DAddSub_fulldsp">   --->   Core 37 'DAddSub_fulldsp' <Latency = 4> <II = 1> <Delay = 2.89> <FuncUnit> <Opcode : 'dadd' 'dsub'> <InPorts = 2> <OutPorts = 1>
ST_68 : Operation 871 [5/5] (2.89ns)   --->   "%add158_9 = dadd i64 %p_load42, i64 %mul154_6" [cpp/semgraph_slam/hls/registration_kernel_draft.cpp:132]   --->   Operation 871 'dadd' 'add158_9' <Predicate = true> <Delay = 2.89> <CoreInst = "DAddSub_fulldsp">   --->   Core 37 'DAddSub_fulldsp' <Latency = 4> <II = 1> <Delay = 2.89> <FuncUnit> <Opcode : 'dadd' 'dsub'> <InPorts = 2> <OutPorts = 1>

State 69 <SV = 68> <Delay = 2.89>
ST_69 : Operation 872 [1/1] (0.00ns)   --->   "%p_load38 = load i64 %empty_43" [cpp/semgraph_slam/hls/registration_kernel_draft.cpp:132]   --->   Operation 872 'load' 'p_load38' <Predicate = true> <Delay = 0.00>
ST_69 : Operation 873 [1/1] (0.00ns)   --->   "%p_load36 = load i64 %empty_44" [cpp/semgraph_slam/hls/registration_kernel_draft.cpp:132]   --->   Operation 873 'load' 'p_load36' <Predicate = true> <Delay = 0.00>
ST_69 : Operation 874 [1/1] (0.00ns)   --->   "%p_load34 = load i64 %empty_45" [cpp/semgraph_slam/hls/registration_kernel_draft.cpp:132]   --->   Operation 874 'load' 'p_load34' <Predicate = true> <Delay = 0.00>
ST_69 : Operation 875 [1/1] (0.00ns)   --->   "%p_load32 = load i64 %empty_46" [cpp/semgraph_slam/hls/registration_kernel_draft.cpp:132]   --->   Operation 875 'load' 'p_load32' <Predicate = true> <Delay = 0.00>
ST_69 : Operation 876 [1/1] (0.00ns)   --->   "%p_load28 = load i64 %empty_48" [cpp/semgraph_slam/hls/registration_kernel_draft.cpp:132]   --->   Operation 876 'load' 'p_load28' <Predicate = true> <Delay = 0.00>
ST_69 : Operation 877 [1/1] (0.00ns)   --->   "%p_load26 = load i64 %empty_49" [cpp/semgraph_slam/hls/registration_kernel_draft.cpp:132]   --->   Operation 877 'load' 'p_load26' <Predicate = true> <Delay = 0.00>
ST_69 : Operation 878 [1/1] (0.00ns)   --->   "%p_load24 = load i64 %empty_50" [cpp/semgraph_slam/hls/registration_kernel_draft.cpp:132]   --->   Operation 878 'load' 'p_load24' <Predicate = true> <Delay = 0.00>
ST_69 : Operation 879 [1/1] (0.00ns)   --->   "%p_load22 = load i64 %empty_51" [cpp/semgraph_slam/hls/registration_kernel_draft.cpp:132]   --->   Operation 879 'load' 'p_load22' <Predicate = true> <Delay = 0.00>
ST_69 : Operation 880 [1/1] (0.00ns)   --->   "%p_load20 = load i64 %empty_52" [cpp/semgraph_slam/hls/registration_kernel_draft.cpp:132]   --->   Operation 880 'load' 'p_load20' <Predicate = true> <Delay = 0.00>
ST_69 : Operation 881 [1/1] (0.00ns)   --->   "%p_load18 = load i64 %empty_53" [cpp/semgraph_slam/hls/registration_kernel_draft.cpp:132]   --->   Operation 881 'load' 'p_load18' <Predicate = true> <Delay = 0.00>
ST_69 : Operation 882 [1/1] (0.00ns)   --->   "%p_load16 = load i64 %empty_54" [cpp/semgraph_slam/hls/registration_kernel_draft.cpp:132]   --->   Operation 882 'load' 'p_load16' <Predicate = true> <Delay = 0.00>
ST_69 : Operation 883 [1/5] (2.89ns)   --->   "%add124_5 = dadd i64 %p_load54, i64 %mul121_5" [cpp/semgraph_slam/hls/registration_kernel_draft.cpp:118]   --->   Operation 883 'dadd' 'add124_5' <Predicate = true> <Delay = 2.89> <CoreInst = "DAddSub_fulldsp">   --->   Core 37 'DAddSub_fulldsp' <Latency = 4> <II = 1> <Delay = 2.89> <FuncUnit> <Opcode : 'dadd' 'dsub'> <InPorts = 2> <OutPorts = 1>
ST_69 : Operation 884 [1/5] (2.89ns)   --->   "%add158_s = dadd i64 %p_load50, i64 %mul154_s" [cpp/semgraph_slam/hls/registration_kernel_draft.cpp:132]   --->   Operation 884 'dadd' 'add158_s' <Predicate = true> <Delay = 2.89> <CoreInst = "DAddSub_fulldsp">   --->   Core 37 'DAddSub_fulldsp' <Latency = 4> <II = 1> <Delay = 2.89> <FuncUnit> <Opcode : 'dadd' 'dsub'> <InPorts = 2> <OutPorts = 1>
ST_69 : Operation 885 [1/5] (2.89ns)   --->   "%add158_6 = dadd i64 %p_load48, i64 %mul154_s" [cpp/semgraph_slam/hls/registration_kernel_draft.cpp:132]   --->   Operation 885 'dadd' 'add158_6' <Predicate = true> <Delay = 2.89> <CoreInst = "DAddSub_fulldsp">   --->   Core 37 'DAddSub_fulldsp' <Latency = 4> <II = 1> <Delay = 2.89> <FuncUnit> <Opcode : 'dadd' 'dsub'> <InPorts = 2> <OutPorts = 1>
ST_69 : Operation 886 [2/5] (2.89ns)   --->   "%add158_7 = dadd i64 %p_load46, i64 %mul154_1" [cpp/semgraph_slam/hls/registration_kernel_draft.cpp:132]   --->   Operation 886 'dadd' 'add158_7' <Predicate = true> <Delay = 2.89> <CoreInst = "DAddSub_fulldsp">   --->   Core 37 'DAddSub_fulldsp' <Latency = 4> <II = 1> <Delay = 2.89> <FuncUnit> <Opcode : 'dadd' 'dsub'> <InPorts = 2> <OutPorts = 1>
ST_69 : Operation 887 [4/5] (2.89ns)   --->   "%add158_8 = dadd i64 %p_load44, i64 %mul154_2" [cpp/semgraph_slam/hls/registration_kernel_draft.cpp:132]   --->   Operation 887 'dadd' 'add158_8' <Predicate = true> <Delay = 2.89> <CoreInst = "DAddSub_fulldsp">   --->   Core 37 'DAddSub_fulldsp' <Latency = 4> <II = 1> <Delay = 2.89> <FuncUnit> <Opcode : 'dadd' 'dsub'> <InPorts = 2> <OutPorts = 1>
ST_69 : Operation 888 [4/5] (2.89ns)   --->   "%add158_9 = dadd i64 %p_load42, i64 %mul154_6" [cpp/semgraph_slam/hls/registration_kernel_draft.cpp:132]   --->   Operation 888 'dadd' 'add158_9' <Predicate = true> <Delay = 2.89> <CoreInst = "DAddSub_fulldsp">   --->   Core 37 'DAddSub_fulldsp' <Latency = 4> <II = 1> <Delay = 2.89> <FuncUnit> <Opcode : 'dadd' 'dsub'> <InPorts = 2> <OutPorts = 1>
ST_69 : Operation 889 [5/5] (2.89ns)   --->   "%add158_1_1 = dadd i64 %p_load38, i64 %mul154_s" [cpp/semgraph_slam/hls/registration_kernel_draft.cpp:132]   --->   Operation 889 'dadd' 'add158_1_1' <Predicate = true> <Delay = 2.89> <CoreInst = "DAddSub_fulldsp">   --->   Core 37 'DAddSub_fulldsp' <Latency = 4> <II = 1> <Delay = 2.89> <FuncUnit> <Opcode : 'dadd' 'dsub'> <InPorts = 2> <OutPorts = 1>
ST_69 : Operation 890 [5/5] (2.89ns)   --->   "%add158_1_2 = dadd i64 %p_load36, i64 %mul154_1_2" [cpp/semgraph_slam/hls/registration_kernel_draft.cpp:132]   --->   Operation 890 'dadd' 'add158_1_2' <Predicate = true> <Delay = 2.89> <CoreInst = "DAddSub_fulldsp">   --->   Core 37 'DAddSub_fulldsp' <Latency = 4> <II = 1> <Delay = 2.89> <FuncUnit> <Opcode : 'dadd' 'dsub'> <InPorts = 2> <OutPorts = 1>
ST_69 : Operation 891 [5/5] (2.89ns)   --->   "%add158_1_3 = dadd i64 %p_load34, i64 %mul154_1_3" [cpp/semgraph_slam/hls/registration_kernel_draft.cpp:132]   --->   Operation 891 'dadd' 'add158_1_3' <Predicate = true> <Delay = 2.89> <CoreInst = "DAddSub_fulldsp">   --->   Core 37 'DAddSub_fulldsp' <Latency = 4> <II = 1> <Delay = 2.89> <FuncUnit> <Opcode : 'dadd' 'dsub'> <InPorts = 2> <OutPorts = 1>
ST_69 : Operation 892 [5/5] (2.89ns)   --->   "%add158_1_4 = dadd i64 %p_load32, i64 %mul154_1_4" [cpp/semgraph_slam/hls/registration_kernel_draft.cpp:132]   --->   Operation 892 'dadd' 'add158_1_4' <Predicate = true> <Delay = 2.89> <CoreInst = "DAddSub_fulldsp">   --->   Core 37 'DAddSub_fulldsp' <Latency = 4> <II = 1> <Delay = 2.89> <FuncUnit> <Opcode : 'dadd' 'dsub'> <InPorts = 2> <OutPorts = 1>
ST_69 : Operation 893 [5/5] (2.89ns)   --->   "%add158_2_1 = dadd i64 %p_load28, i64 %mul154_2_1" [cpp/semgraph_slam/hls/registration_kernel_draft.cpp:132]   --->   Operation 893 'dadd' 'add158_2_1' <Predicate = true> <Delay = 2.89> <CoreInst = "DAddSub_fulldsp">   --->   Core 37 'DAddSub_fulldsp' <Latency = 4> <II = 1> <Delay = 2.89> <FuncUnit> <Opcode : 'dadd' 'dsub'> <InPorts = 2> <OutPorts = 1>
ST_69 : Operation 894 [5/5] (2.89ns)   --->   "%add158_2_2 = dadd i64 %p_load26, i64 %mul154_2_2" [cpp/semgraph_slam/hls/registration_kernel_draft.cpp:132]   --->   Operation 894 'dadd' 'add158_2_2' <Predicate = true> <Delay = 2.89> <CoreInst = "DAddSub_fulldsp">   --->   Core 37 'DAddSub_fulldsp' <Latency = 4> <II = 1> <Delay = 2.89> <FuncUnit> <Opcode : 'dadd' 'dsub'> <InPorts = 2> <OutPorts = 1>
ST_69 : Operation 895 [5/5] (2.89ns)   --->   "%add158_2_3 = dadd i64 %p_load24, i64 %mul154_2_3" [cpp/semgraph_slam/hls/registration_kernel_draft.cpp:132]   --->   Operation 895 'dadd' 'add158_2_3' <Predicate = true> <Delay = 2.89> <CoreInst = "DAddSub_fulldsp">   --->   Core 37 'DAddSub_fulldsp' <Latency = 4> <II = 1> <Delay = 2.89> <FuncUnit> <Opcode : 'dadd' 'dsub'> <InPorts = 2> <OutPorts = 1>
ST_69 : Operation 896 [5/5] (2.89ns)   --->   "%add158_3 = dadd i64 %p_load22, i64 %mul154_3" [cpp/semgraph_slam/hls/registration_kernel_draft.cpp:132]   --->   Operation 896 'dadd' 'add158_3' <Predicate = true> <Delay = 2.89> <CoreInst = "DAddSub_fulldsp">   --->   Core 37 'DAddSub_fulldsp' <Latency = 4> <II = 1> <Delay = 2.89> <FuncUnit> <Opcode : 'dadd' 'dsub'> <InPorts = 2> <OutPorts = 1>
ST_69 : Operation 897 [5/5] (2.89ns)   --->   "%add158_3_1 = dadd i64 %p_load20, i64 %mul154_3_1" [cpp/semgraph_slam/hls/registration_kernel_draft.cpp:132]   --->   Operation 897 'dadd' 'add158_3_1' <Predicate = true> <Delay = 2.89> <CoreInst = "DAddSub_fulldsp">   --->   Core 37 'DAddSub_fulldsp' <Latency = 4> <II = 1> <Delay = 2.89> <FuncUnit> <Opcode : 'dadd' 'dsub'> <InPorts = 2> <OutPorts = 1>
ST_69 : Operation 898 [5/5] (2.89ns)   --->   "%add158_3_2 = dadd i64 %p_load18, i64 %mul154_3_2" [cpp/semgraph_slam/hls/registration_kernel_draft.cpp:132]   --->   Operation 898 'dadd' 'add158_3_2' <Predicate = true> <Delay = 2.89> <CoreInst = "DAddSub_fulldsp">   --->   Core 37 'DAddSub_fulldsp' <Latency = 4> <II = 1> <Delay = 2.89> <FuncUnit> <Opcode : 'dadd' 'dsub'> <InPorts = 2> <OutPorts = 1>
ST_69 : Operation 899 [5/5] (2.89ns)   --->   "%add158_4 = dadd i64 %p_load16, i64 %mul154_4" [cpp/semgraph_slam/hls/registration_kernel_draft.cpp:132]   --->   Operation 899 'dadd' 'add158_4' <Predicate = true> <Delay = 2.89> <CoreInst = "DAddSub_fulldsp">   --->   Core 37 'DAddSub_fulldsp' <Latency = 4> <II = 1> <Delay = 2.89> <FuncUnit> <Opcode : 'dadd' 'dsub'> <InPorts = 2> <OutPorts = 1>
ST_69 : Operation 900 [1/1] (0.38ns)   --->   "%store_ln118 = store i64 %add124_4, i64 %empty_34" [cpp/semgraph_slam/hls/registration_kernel_draft.cpp:118]   --->   Operation 900 'store' 'store_ln118' <Predicate = true> <Delay = 0.38>
ST_69 : Operation 901 [1/1] (0.38ns)   --->   "%store_ln118 = store i64 %add124_3, i64 %empty_33" [cpp/semgraph_slam/hls/registration_kernel_draft.cpp:118]   --->   Operation 901 'store' 'store_ln118' <Predicate = true> <Delay = 0.38>
ST_69 : Operation 902 [1/1] (0.38ns)   --->   "%store_ln118 = store i64 %add124_2, i64 %empty_32" [cpp/semgraph_slam/hls/registration_kernel_draft.cpp:118]   --->   Operation 902 'store' 'store_ln118' <Predicate = true> <Delay = 0.38>
ST_69 : Operation 903 [1/1] (0.38ns)   --->   "%store_ln118 = store i64 %add124_1, i64 %empty_31" [cpp/semgraph_slam/hls/registration_kernel_draft.cpp:118]   --->   Operation 903 'store' 'store_ln118' <Predicate = true> <Delay = 0.38>
ST_69 : Operation 904 [1/1] (0.38ns)   --->   "%store_ln118 = store i64 %add4, i64 %empty" [cpp/semgraph_slam/hls/registration_kernel_draft.cpp:118]   --->   Operation 904 'store' 'store_ln118' <Predicate = true> <Delay = 0.38>
ST_69 : Operation 988 [1/1] (0.00ns)   --->   "%p_load65 = load i64 %empty"   --->   Operation 988 'load' 'p_load65' <Predicate = (icmp_ln70)> <Delay = 0.00>
ST_69 : Operation 989 [1/1] (0.00ns)   --->   "%p_load63 = load i64 %empty_31"   --->   Operation 989 'load' 'p_load63' <Predicate = (icmp_ln70)> <Delay = 0.00>
ST_69 : Operation 990 [1/1] (0.00ns)   --->   "%p_load61 = load i64 %empty_32"   --->   Operation 990 'load' 'p_load61' <Predicate = (icmp_ln70)> <Delay = 0.00>
ST_69 : Operation 991 [1/1] (0.00ns)   --->   "%p_load59 = load i64 %empty_33"   --->   Operation 991 'load' 'p_load59' <Predicate = (icmp_ln70)> <Delay = 0.00>
ST_69 : Operation 992 [1/1] (0.00ns)   --->   "%p_load57 = load i64 %empty_34"   --->   Operation 992 'load' 'p_load57' <Predicate = (icmp_ln70)> <Delay = 0.00>
ST_69 : Operation 993 [1/1] (0.00ns)   --->   "%p_load55 = load i64 %empty_35"   --->   Operation 993 'load' 'p_load55' <Predicate = (icmp_ln70)> <Delay = 0.00>
ST_69 : Operation 994 [1/1] (0.00ns)   --->   "%p_load53 = load i64 %empty_36"   --->   Operation 994 'load' 'p_load53' <Predicate = (icmp_ln70)> <Delay = 0.00>
ST_69 : Operation 995 [1/1] (0.00ns)   --->   "%p_load51 = load i64 %empty_37"   --->   Operation 995 'load' 'p_load51' <Predicate = (icmp_ln70)> <Delay = 0.00>
ST_69 : Operation 996 [1/1] (0.00ns)   --->   "%p_load49 = load i64 %empty_38"   --->   Operation 996 'load' 'p_load49' <Predicate = (icmp_ln70)> <Delay = 0.00>
ST_69 : Operation 997 [1/1] (0.00ns)   --->   "%p_load47 = load i64 %empty_39"   --->   Operation 997 'load' 'p_load47' <Predicate = (icmp_ln70)> <Delay = 0.00>
ST_69 : Operation 998 [1/1] (0.00ns)   --->   "%p_load45 = load i64 %empty_40"   --->   Operation 998 'load' 'p_load45' <Predicate = (icmp_ln70)> <Delay = 0.00>
ST_69 : Operation 999 [1/1] (0.00ns)   --->   "%p_load43 = load i64 %empty_41"   --->   Operation 999 'load' 'p_load43' <Predicate = (icmp_ln70)> <Delay = 0.00>
ST_69 : Operation 1000 [1/1] (0.00ns)   --->   "%p_load41 = load i64 %empty_42"   --->   Operation 1000 'load' 'p_load41' <Predicate = (icmp_ln70)> <Delay = 0.00>
ST_69 : Operation 1001 [1/1] (0.00ns)   --->   "%p_load39 = load i64 %empty_43"   --->   Operation 1001 'load' 'p_load39' <Predicate = (icmp_ln70)> <Delay = 0.00>
ST_69 : Operation 1002 [1/1] (0.00ns)   --->   "%p_load37 = load i64 %empty_44"   --->   Operation 1002 'load' 'p_load37' <Predicate = (icmp_ln70)> <Delay = 0.00>
ST_69 : Operation 1003 [1/1] (0.00ns)   --->   "%p_load35 = load i64 %empty_45"   --->   Operation 1003 'load' 'p_load35' <Predicate = (icmp_ln70)> <Delay = 0.00>
ST_69 : Operation 1004 [1/1] (0.00ns)   --->   "%p_load33 = load i64 %empty_46"   --->   Operation 1004 'load' 'p_load33' <Predicate = (icmp_ln70)> <Delay = 0.00>
ST_69 : Operation 1005 [1/1] (0.00ns)   --->   "%p_load31 = load i64 %empty_47"   --->   Operation 1005 'load' 'p_load31' <Predicate = (icmp_ln70)> <Delay = 0.00>
ST_69 : Operation 1006 [1/1] (0.00ns)   --->   "%p_load29 = load i64 %empty_48"   --->   Operation 1006 'load' 'p_load29' <Predicate = (icmp_ln70)> <Delay = 0.00>
ST_69 : Operation 1007 [1/1] (0.00ns)   --->   "%p_load27 = load i64 %empty_49"   --->   Operation 1007 'load' 'p_load27' <Predicate = (icmp_ln70)> <Delay = 0.00>
ST_69 : Operation 1008 [1/1] (0.00ns)   --->   "%p_load25 = load i64 %empty_50"   --->   Operation 1008 'load' 'p_load25' <Predicate = (icmp_ln70)> <Delay = 0.00>
ST_69 : Operation 1009 [1/1] (0.00ns)   --->   "%p_load23 = load i64 %empty_51"   --->   Operation 1009 'load' 'p_load23' <Predicate = (icmp_ln70)> <Delay = 0.00>
ST_69 : Operation 1010 [1/1] (0.00ns)   --->   "%p_load21 = load i64 %empty_52"   --->   Operation 1010 'load' 'p_load21' <Predicate = (icmp_ln70)> <Delay = 0.00>
ST_69 : Operation 1011 [1/1] (0.00ns)   --->   "%p_load19 = load i64 %empty_53"   --->   Operation 1011 'load' 'p_load19' <Predicate = (icmp_ln70)> <Delay = 0.00>
ST_69 : Operation 1012 [1/1] (0.00ns)   --->   "%p_load17 = load i64 %empty_54"   --->   Operation 1012 'load' 'p_load17' <Predicate = (icmp_ln70)> <Delay = 0.00>
ST_69 : Operation 1013 [1/1] (0.00ns)   --->   "%p_load15 = load i64 %empty_55"   --->   Operation 1013 'load' 'p_load15' <Predicate = (icmp_ln70)> <Delay = 0.00>
ST_69 : Operation 1014 [1/1] (0.00ns)   --->   "%p_load13 = load i64 %empty_56"   --->   Operation 1014 'load' 'p_load13' <Predicate = (icmp_ln70)> <Delay = 0.00>
ST_69 : Operation 1015 [1/1] (0.00ns)   --->   "%write_ln0 = write void @_ssdm_op_Write.ap_auto.doubleP0A, i64 %p_out, i64 %p_load13"   --->   Operation 1015 'write' 'write_ln0' <Predicate = (icmp_ln70)> <Delay = 0.00>
ST_69 : Operation 1016 [1/1] (0.00ns)   --->   "%write_ln0 = write void @_ssdm_op_Write.ap_auto.doubleP0A, i64 %p_out1, i64 %p_load15"   --->   Operation 1016 'write' 'write_ln0' <Predicate = (icmp_ln70)> <Delay = 0.00>
ST_69 : Operation 1017 [1/1] (0.00ns)   --->   "%write_ln0 = write void @_ssdm_op_Write.ap_auto.doubleP0A, i64 %p_out2, i64 %p_load17"   --->   Operation 1017 'write' 'write_ln0' <Predicate = (icmp_ln70)> <Delay = 0.00>
ST_69 : Operation 1018 [1/1] (0.00ns)   --->   "%write_ln0 = write void @_ssdm_op_Write.ap_auto.doubleP0A, i64 %p_out3, i64 %p_load19"   --->   Operation 1018 'write' 'write_ln0' <Predicate = (icmp_ln70)> <Delay = 0.00>
ST_69 : Operation 1019 [1/1] (0.00ns)   --->   "%write_ln0 = write void @_ssdm_op_Write.ap_auto.doubleP0A, i64 %p_out4, i64 %p_load21"   --->   Operation 1019 'write' 'write_ln0' <Predicate = (icmp_ln70)> <Delay = 0.00>
ST_69 : Operation 1020 [1/1] (0.00ns)   --->   "%write_ln0 = write void @_ssdm_op_Write.ap_auto.doubleP0A, i64 %p_out5, i64 %p_load23"   --->   Operation 1020 'write' 'write_ln0' <Predicate = (icmp_ln70)> <Delay = 0.00>
ST_69 : Operation 1021 [1/1] (0.00ns)   --->   "%write_ln0 = write void @_ssdm_op_Write.ap_auto.doubleP0A, i64 %p_out6, i64 %p_load25"   --->   Operation 1021 'write' 'write_ln0' <Predicate = (icmp_ln70)> <Delay = 0.00>
ST_69 : Operation 1022 [1/1] (0.00ns)   --->   "%write_ln0 = write void @_ssdm_op_Write.ap_auto.doubleP0A, i64 %p_out7, i64 %p_load27"   --->   Operation 1022 'write' 'write_ln0' <Predicate = (icmp_ln70)> <Delay = 0.00>
ST_69 : Operation 1023 [1/1] (0.00ns)   --->   "%write_ln0 = write void @_ssdm_op_Write.ap_auto.doubleP0A, i64 %p_out8, i64 %p_load29"   --->   Operation 1023 'write' 'write_ln0' <Predicate = (icmp_ln70)> <Delay = 0.00>
ST_69 : Operation 1024 [1/1] (0.00ns)   --->   "%write_ln0 = write void @_ssdm_op_Write.ap_auto.doubleP0A, i64 %p_out9, i64 %p_load31"   --->   Operation 1024 'write' 'write_ln0' <Predicate = (icmp_ln70)> <Delay = 0.00>
ST_69 : Operation 1025 [1/1] (0.00ns)   --->   "%write_ln0 = write void @_ssdm_op_Write.ap_auto.doubleP0A, i64 %p_out10, i64 %p_load33"   --->   Operation 1025 'write' 'write_ln0' <Predicate = (icmp_ln70)> <Delay = 0.00>
ST_69 : Operation 1026 [1/1] (0.00ns)   --->   "%write_ln0 = write void @_ssdm_op_Write.ap_auto.doubleP0A, i64 %p_out11, i64 %p_load35"   --->   Operation 1026 'write' 'write_ln0' <Predicate = (icmp_ln70)> <Delay = 0.00>
ST_69 : Operation 1027 [1/1] (0.00ns)   --->   "%write_ln0 = write void @_ssdm_op_Write.ap_auto.doubleP0A, i64 %p_out12, i64 %p_load37"   --->   Operation 1027 'write' 'write_ln0' <Predicate = (icmp_ln70)> <Delay = 0.00>
ST_69 : Operation 1028 [1/1] (0.00ns)   --->   "%write_ln0 = write void @_ssdm_op_Write.ap_auto.doubleP0A, i64 %p_out13, i64 %p_load39"   --->   Operation 1028 'write' 'write_ln0' <Predicate = (icmp_ln70)> <Delay = 0.00>
ST_69 : Operation 1029 [1/1] (0.00ns)   --->   "%write_ln0 = write void @_ssdm_op_Write.ap_auto.doubleP0A, i64 %p_out14, i64 %p_load41"   --->   Operation 1029 'write' 'write_ln0' <Predicate = (icmp_ln70)> <Delay = 0.00>
ST_69 : Operation 1030 [1/1] (0.00ns)   --->   "%write_ln0 = write void @_ssdm_op_Write.ap_auto.doubleP0A, i64 %p_out15, i64 %p_load43"   --->   Operation 1030 'write' 'write_ln0' <Predicate = (icmp_ln70)> <Delay = 0.00>
ST_69 : Operation 1031 [1/1] (0.00ns)   --->   "%write_ln0 = write void @_ssdm_op_Write.ap_auto.doubleP0A, i64 %p_out16, i64 %p_load45"   --->   Operation 1031 'write' 'write_ln0' <Predicate = (icmp_ln70)> <Delay = 0.00>
ST_69 : Operation 1032 [1/1] (0.00ns)   --->   "%write_ln0 = write void @_ssdm_op_Write.ap_auto.doubleP0A, i64 %p_out17, i64 %p_load47"   --->   Operation 1032 'write' 'write_ln0' <Predicate = (icmp_ln70)> <Delay = 0.00>
ST_69 : Operation 1033 [1/1] (0.00ns)   --->   "%write_ln0 = write void @_ssdm_op_Write.ap_auto.doubleP0A, i64 %p_out18, i64 %p_load49"   --->   Operation 1033 'write' 'write_ln0' <Predicate = (icmp_ln70)> <Delay = 0.00>
ST_69 : Operation 1034 [1/1] (0.00ns)   --->   "%write_ln0 = write void @_ssdm_op_Write.ap_auto.doubleP0A, i64 %p_out19, i64 %p_load51"   --->   Operation 1034 'write' 'write_ln0' <Predicate = (icmp_ln70)> <Delay = 0.00>
ST_69 : Operation 1035 [1/1] (0.00ns)   --->   "%write_ln0 = write void @_ssdm_op_Write.ap_auto.doubleP0A, i64 %p_out20, i64 %p_load53"   --->   Operation 1035 'write' 'write_ln0' <Predicate = (icmp_ln70)> <Delay = 0.00>
ST_69 : Operation 1036 [1/1] (0.00ns)   --->   "%write_ln0 = write void @_ssdm_op_Write.ap_auto.doubleP0A, i64 %p_out21, i64 %p_load55"   --->   Operation 1036 'write' 'write_ln0' <Predicate = (icmp_ln70)> <Delay = 0.00>
ST_69 : Operation 1037 [1/1] (0.00ns)   --->   "%write_ln0 = write void @_ssdm_op_Write.ap_auto.doubleP0A, i64 %p_out22, i64 %p_load57"   --->   Operation 1037 'write' 'write_ln0' <Predicate = (icmp_ln70)> <Delay = 0.00>
ST_69 : Operation 1038 [1/1] (0.00ns)   --->   "%write_ln0 = write void @_ssdm_op_Write.ap_auto.doubleP0A, i64 %p_out23, i64 %p_load59"   --->   Operation 1038 'write' 'write_ln0' <Predicate = (icmp_ln70)> <Delay = 0.00>
ST_69 : Operation 1039 [1/1] (0.00ns)   --->   "%write_ln0 = write void @_ssdm_op_Write.ap_auto.doubleP0A, i64 %p_out24, i64 %p_load61"   --->   Operation 1039 'write' 'write_ln0' <Predicate = (icmp_ln70)> <Delay = 0.00>
ST_69 : Operation 1040 [1/1] (0.00ns)   --->   "%write_ln0 = write void @_ssdm_op_Write.ap_auto.doubleP0A, i64 %p_out25, i64 %p_load63"   --->   Operation 1040 'write' 'write_ln0' <Predicate = (icmp_ln70)> <Delay = 0.00>
ST_69 : Operation 1041 [1/1] (0.00ns)   --->   "%write_ln0 = write void @_ssdm_op_Write.ap_auto.doubleP0A, i64 %p_out26, i64 %p_load65"   --->   Operation 1041 'write' 'write_ln0' <Predicate = (icmp_ln70)> <Delay = 0.00>
ST_69 : Operation 1042 [1/1] (0.38ns)   --->   "%ret_ln0 = ret"   --->   Operation 1042 'ret' 'ret_ln0' <Predicate = (icmp_ln70)> <Delay = 0.38>

State 70 <SV = 69> <Delay = 2.89>
ST_70 : Operation 905 [1/1] (0.00ns)   --->   "%p_load14 = load i64 %empty_55" [cpp/semgraph_slam/hls/registration_kernel_draft.cpp:132]   --->   Operation 905 'load' 'p_load14' <Predicate = true> <Delay = 0.00>
ST_70 : Operation 906 [1/1] (0.00ns)   --->   "%p_load = load i64 %empty_56" [cpp/semgraph_slam/hls/registration_kernel_draft.cpp:132]   --->   Operation 906 'load' 'p_load' <Predicate = true> <Delay = 0.00>
ST_70 : Operation 907 [1/5] (2.89ns)   --->   "%add158_7 = dadd i64 %p_load46, i64 %mul154_1" [cpp/semgraph_slam/hls/registration_kernel_draft.cpp:132]   --->   Operation 907 'dadd' 'add158_7' <Predicate = true> <Delay = 2.89> <CoreInst = "DAddSub_fulldsp">   --->   Core 37 'DAddSub_fulldsp' <Latency = 4> <II = 1> <Delay = 2.89> <FuncUnit> <Opcode : 'dadd' 'dsub'> <InPorts = 2> <OutPorts = 1>
ST_70 : Operation 908 [3/5] (2.89ns)   --->   "%add158_8 = dadd i64 %p_load44, i64 %mul154_2" [cpp/semgraph_slam/hls/registration_kernel_draft.cpp:132]   --->   Operation 908 'dadd' 'add158_8' <Predicate = true> <Delay = 2.89> <CoreInst = "DAddSub_fulldsp">   --->   Core 37 'DAddSub_fulldsp' <Latency = 4> <II = 1> <Delay = 2.89> <FuncUnit> <Opcode : 'dadd' 'dsub'> <InPorts = 2> <OutPorts = 1>
ST_70 : Operation 909 [3/5] (2.89ns)   --->   "%add158_9 = dadd i64 %p_load42, i64 %mul154_6" [cpp/semgraph_slam/hls/registration_kernel_draft.cpp:132]   --->   Operation 909 'dadd' 'add158_9' <Predicate = true> <Delay = 2.89> <CoreInst = "DAddSub_fulldsp">   --->   Core 37 'DAddSub_fulldsp' <Latency = 4> <II = 1> <Delay = 2.89> <FuncUnit> <Opcode : 'dadd' 'dsub'> <InPorts = 2> <OutPorts = 1>
ST_70 : Operation 910 [4/5] (2.89ns)   --->   "%add158_1_1 = dadd i64 %p_load38, i64 %mul154_s" [cpp/semgraph_slam/hls/registration_kernel_draft.cpp:132]   --->   Operation 910 'dadd' 'add158_1_1' <Predicate = true> <Delay = 2.89> <CoreInst = "DAddSub_fulldsp">   --->   Core 37 'DAddSub_fulldsp' <Latency = 4> <II = 1> <Delay = 2.89> <FuncUnit> <Opcode : 'dadd' 'dsub'> <InPorts = 2> <OutPorts = 1>
ST_70 : Operation 911 [4/5] (2.89ns)   --->   "%add158_1_2 = dadd i64 %p_load36, i64 %mul154_1_2" [cpp/semgraph_slam/hls/registration_kernel_draft.cpp:132]   --->   Operation 911 'dadd' 'add158_1_2' <Predicate = true> <Delay = 2.89> <CoreInst = "DAddSub_fulldsp">   --->   Core 37 'DAddSub_fulldsp' <Latency = 4> <II = 1> <Delay = 2.89> <FuncUnit> <Opcode : 'dadd' 'dsub'> <InPorts = 2> <OutPorts = 1>
ST_70 : Operation 912 [4/5] (2.89ns)   --->   "%add158_1_3 = dadd i64 %p_load34, i64 %mul154_1_3" [cpp/semgraph_slam/hls/registration_kernel_draft.cpp:132]   --->   Operation 912 'dadd' 'add158_1_3' <Predicate = true> <Delay = 2.89> <CoreInst = "DAddSub_fulldsp">   --->   Core 37 'DAddSub_fulldsp' <Latency = 4> <II = 1> <Delay = 2.89> <FuncUnit> <Opcode : 'dadd' 'dsub'> <InPorts = 2> <OutPorts = 1>
ST_70 : Operation 913 [4/5] (2.89ns)   --->   "%add158_1_4 = dadd i64 %p_load32, i64 %mul154_1_4" [cpp/semgraph_slam/hls/registration_kernel_draft.cpp:132]   --->   Operation 913 'dadd' 'add158_1_4' <Predicate = true> <Delay = 2.89> <CoreInst = "DAddSub_fulldsp">   --->   Core 37 'DAddSub_fulldsp' <Latency = 4> <II = 1> <Delay = 2.89> <FuncUnit> <Opcode : 'dadd' 'dsub'> <InPorts = 2> <OutPorts = 1>
ST_70 : Operation 914 [4/5] (2.89ns)   --->   "%add158_2_1 = dadd i64 %p_load28, i64 %mul154_2_1" [cpp/semgraph_slam/hls/registration_kernel_draft.cpp:132]   --->   Operation 914 'dadd' 'add158_2_1' <Predicate = true> <Delay = 2.89> <CoreInst = "DAddSub_fulldsp">   --->   Core 37 'DAddSub_fulldsp' <Latency = 4> <II = 1> <Delay = 2.89> <FuncUnit> <Opcode : 'dadd' 'dsub'> <InPorts = 2> <OutPorts = 1>
ST_70 : Operation 915 [4/5] (2.89ns)   --->   "%add158_2_2 = dadd i64 %p_load26, i64 %mul154_2_2" [cpp/semgraph_slam/hls/registration_kernel_draft.cpp:132]   --->   Operation 915 'dadd' 'add158_2_2' <Predicate = true> <Delay = 2.89> <CoreInst = "DAddSub_fulldsp">   --->   Core 37 'DAddSub_fulldsp' <Latency = 4> <II = 1> <Delay = 2.89> <FuncUnit> <Opcode : 'dadd' 'dsub'> <InPorts = 2> <OutPorts = 1>
ST_70 : Operation 916 [4/5] (2.89ns)   --->   "%add158_2_3 = dadd i64 %p_load24, i64 %mul154_2_3" [cpp/semgraph_slam/hls/registration_kernel_draft.cpp:132]   --->   Operation 916 'dadd' 'add158_2_3' <Predicate = true> <Delay = 2.89> <CoreInst = "DAddSub_fulldsp">   --->   Core 37 'DAddSub_fulldsp' <Latency = 4> <II = 1> <Delay = 2.89> <FuncUnit> <Opcode : 'dadd' 'dsub'> <InPorts = 2> <OutPorts = 1>
ST_70 : Operation 917 [4/5] (2.89ns)   --->   "%add158_3 = dadd i64 %p_load22, i64 %mul154_3" [cpp/semgraph_slam/hls/registration_kernel_draft.cpp:132]   --->   Operation 917 'dadd' 'add158_3' <Predicate = true> <Delay = 2.89> <CoreInst = "DAddSub_fulldsp">   --->   Core 37 'DAddSub_fulldsp' <Latency = 4> <II = 1> <Delay = 2.89> <FuncUnit> <Opcode : 'dadd' 'dsub'> <InPorts = 2> <OutPorts = 1>
ST_70 : Operation 918 [4/5] (2.89ns)   --->   "%add158_3_1 = dadd i64 %p_load20, i64 %mul154_3_1" [cpp/semgraph_slam/hls/registration_kernel_draft.cpp:132]   --->   Operation 918 'dadd' 'add158_3_1' <Predicate = true> <Delay = 2.89> <CoreInst = "DAddSub_fulldsp">   --->   Core 37 'DAddSub_fulldsp' <Latency = 4> <II = 1> <Delay = 2.89> <FuncUnit> <Opcode : 'dadd' 'dsub'> <InPorts = 2> <OutPorts = 1>
ST_70 : Operation 919 [4/5] (2.89ns)   --->   "%add158_3_2 = dadd i64 %p_load18, i64 %mul154_3_2" [cpp/semgraph_slam/hls/registration_kernel_draft.cpp:132]   --->   Operation 919 'dadd' 'add158_3_2' <Predicate = true> <Delay = 2.89> <CoreInst = "DAddSub_fulldsp">   --->   Core 37 'DAddSub_fulldsp' <Latency = 4> <II = 1> <Delay = 2.89> <FuncUnit> <Opcode : 'dadd' 'dsub'> <InPorts = 2> <OutPorts = 1>
ST_70 : Operation 920 [4/5] (2.89ns)   --->   "%add158_4 = dadd i64 %p_load16, i64 %mul154_4" [cpp/semgraph_slam/hls/registration_kernel_draft.cpp:132]   --->   Operation 920 'dadd' 'add158_4' <Predicate = true> <Delay = 2.89> <CoreInst = "DAddSub_fulldsp">   --->   Core 37 'DAddSub_fulldsp' <Latency = 4> <II = 1> <Delay = 2.89> <FuncUnit> <Opcode : 'dadd' 'dsub'> <InPorts = 2> <OutPorts = 1>
ST_70 : Operation 921 [5/5] (2.89ns)   --->   "%add158_4_1 = dadd i64 %p_load14, i64 %mul154_4_1" [cpp/semgraph_slam/hls/registration_kernel_draft.cpp:132]   --->   Operation 921 'dadd' 'add158_4_1' <Predicate = true> <Delay = 2.89> <CoreInst = "DAddSub_fulldsp">   --->   Core 37 'DAddSub_fulldsp' <Latency = 4> <II = 1> <Delay = 2.89> <FuncUnit> <Opcode : 'dadd' 'dsub'> <InPorts = 2> <OutPorts = 1>
ST_70 : Operation 922 [5/5] (2.89ns)   --->   "%add158_5 = dadd i64 %p_load, i64 %mul154_5" [cpp/semgraph_slam/hls/registration_kernel_draft.cpp:132]   --->   Operation 922 'dadd' 'add158_5' <Predicate = true> <Delay = 2.89> <CoreInst = "DAddSub_fulldsp">   --->   Core 37 'DAddSub_fulldsp' <Latency = 4> <II = 1> <Delay = 2.89> <FuncUnit> <Opcode : 'dadd' 'dsub'> <InPorts = 2> <OutPorts = 1>
ST_70 : Operation 923 [1/1] (0.38ns)   --->   "%store_ln132 = store i64 %add158_6, i64 %empty_38" [cpp/semgraph_slam/hls/registration_kernel_draft.cpp:132]   --->   Operation 923 'store' 'store_ln132' <Predicate = true> <Delay = 0.38>
ST_70 : Operation 924 [1/1] (0.38ns)   --->   "%store_ln132 = store i64 %add158_s, i64 %empty_37" [cpp/semgraph_slam/hls/registration_kernel_draft.cpp:132]   --->   Operation 924 'store' 'store_ln132' <Predicate = true> <Delay = 0.38>
ST_70 : Operation 925 [1/1] (0.38ns)   --->   "%store_ln118 = store i64 %add124_5, i64 %empty_35" [cpp/semgraph_slam/hls/registration_kernel_draft.cpp:118]   --->   Operation 925 'store' 'store_ln118' <Predicate = true> <Delay = 0.38>

State 71 <SV = 70> <Delay = 2.89>
ST_71 : Operation 926 [2/5] (2.89ns)   --->   "%add158_8 = dadd i64 %p_load44, i64 %mul154_2" [cpp/semgraph_slam/hls/registration_kernel_draft.cpp:132]   --->   Operation 926 'dadd' 'add158_8' <Predicate = true> <Delay = 2.89> <CoreInst = "DAddSub_fulldsp">   --->   Core 37 'DAddSub_fulldsp' <Latency = 4> <II = 1> <Delay = 2.89> <FuncUnit> <Opcode : 'dadd' 'dsub'> <InPorts = 2> <OutPorts = 1>
ST_71 : Operation 927 [2/5] (2.89ns)   --->   "%add158_9 = dadd i64 %p_load42, i64 %mul154_6" [cpp/semgraph_slam/hls/registration_kernel_draft.cpp:132]   --->   Operation 927 'dadd' 'add158_9' <Predicate = true> <Delay = 2.89> <CoreInst = "DAddSub_fulldsp">   --->   Core 37 'DAddSub_fulldsp' <Latency = 4> <II = 1> <Delay = 2.89> <FuncUnit> <Opcode : 'dadd' 'dsub'> <InPorts = 2> <OutPorts = 1>
ST_71 : Operation 928 [3/5] (2.89ns)   --->   "%add158_1_1 = dadd i64 %p_load38, i64 %mul154_s" [cpp/semgraph_slam/hls/registration_kernel_draft.cpp:132]   --->   Operation 928 'dadd' 'add158_1_1' <Predicate = true> <Delay = 2.89> <CoreInst = "DAddSub_fulldsp">   --->   Core 37 'DAddSub_fulldsp' <Latency = 4> <II = 1> <Delay = 2.89> <FuncUnit> <Opcode : 'dadd' 'dsub'> <InPorts = 2> <OutPorts = 1>
ST_71 : Operation 929 [3/5] (2.89ns)   --->   "%add158_1_2 = dadd i64 %p_load36, i64 %mul154_1_2" [cpp/semgraph_slam/hls/registration_kernel_draft.cpp:132]   --->   Operation 929 'dadd' 'add158_1_2' <Predicate = true> <Delay = 2.89> <CoreInst = "DAddSub_fulldsp">   --->   Core 37 'DAddSub_fulldsp' <Latency = 4> <II = 1> <Delay = 2.89> <FuncUnit> <Opcode : 'dadd' 'dsub'> <InPorts = 2> <OutPorts = 1>
ST_71 : Operation 930 [3/5] (2.89ns)   --->   "%add158_1_3 = dadd i64 %p_load34, i64 %mul154_1_3" [cpp/semgraph_slam/hls/registration_kernel_draft.cpp:132]   --->   Operation 930 'dadd' 'add158_1_3' <Predicate = true> <Delay = 2.89> <CoreInst = "DAddSub_fulldsp">   --->   Core 37 'DAddSub_fulldsp' <Latency = 4> <II = 1> <Delay = 2.89> <FuncUnit> <Opcode : 'dadd' 'dsub'> <InPorts = 2> <OutPorts = 1>
ST_71 : Operation 931 [3/5] (2.89ns)   --->   "%add158_1_4 = dadd i64 %p_load32, i64 %mul154_1_4" [cpp/semgraph_slam/hls/registration_kernel_draft.cpp:132]   --->   Operation 931 'dadd' 'add158_1_4' <Predicate = true> <Delay = 2.89> <CoreInst = "DAddSub_fulldsp">   --->   Core 37 'DAddSub_fulldsp' <Latency = 4> <II = 1> <Delay = 2.89> <FuncUnit> <Opcode : 'dadd' 'dsub'> <InPorts = 2> <OutPorts = 1>
ST_71 : Operation 932 [3/5] (2.89ns)   --->   "%add158_2_1 = dadd i64 %p_load28, i64 %mul154_2_1" [cpp/semgraph_slam/hls/registration_kernel_draft.cpp:132]   --->   Operation 932 'dadd' 'add158_2_1' <Predicate = true> <Delay = 2.89> <CoreInst = "DAddSub_fulldsp">   --->   Core 37 'DAddSub_fulldsp' <Latency = 4> <II = 1> <Delay = 2.89> <FuncUnit> <Opcode : 'dadd' 'dsub'> <InPorts = 2> <OutPorts = 1>
ST_71 : Operation 933 [3/5] (2.89ns)   --->   "%add158_2_2 = dadd i64 %p_load26, i64 %mul154_2_2" [cpp/semgraph_slam/hls/registration_kernel_draft.cpp:132]   --->   Operation 933 'dadd' 'add158_2_2' <Predicate = true> <Delay = 2.89> <CoreInst = "DAddSub_fulldsp">   --->   Core 37 'DAddSub_fulldsp' <Latency = 4> <II = 1> <Delay = 2.89> <FuncUnit> <Opcode : 'dadd' 'dsub'> <InPorts = 2> <OutPorts = 1>
ST_71 : Operation 934 [3/5] (2.89ns)   --->   "%add158_2_3 = dadd i64 %p_load24, i64 %mul154_2_3" [cpp/semgraph_slam/hls/registration_kernel_draft.cpp:132]   --->   Operation 934 'dadd' 'add158_2_3' <Predicate = true> <Delay = 2.89> <CoreInst = "DAddSub_fulldsp">   --->   Core 37 'DAddSub_fulldsp' <Latency = 4> <II = 1> <Delay = 2.89> <FuncUnit> <Opcode : 'dadd' 'dsub'> <InPorts = 2> <OutPorts = 1>
ST_71 : Operation 935 [3/5] (2.89ns)   --->   "%add158_3 = dadd i64 %p_load22, i64 %mul154_3" [cpp/semgraph_slam/hls/registration_kernel_draft.cpp:132]   --->   Operation 935 'dadd' 'add158_3' <Predicate = true> <Delay = 2.89> <CoreInst = "DAddSub_fulldsp">   --->   Core 37 'DAddSub_fulldsp' <Latency = 4> <II = 1> <Delay = 2.89> <FuncUnit> <Opcode : 'dadd' 'dsub'> <InPorts = 2> <OutPorts = 1>
ST_71 : Operation 936 [3/5] (2.89ns)   --->   "%add158_3_1 = dadd i64 %p_load20, i64 %mul154_3_1" [cpp/semgraph_slam/hls/registration_kernel_draft.cpp:132]   --->   Operation 936 'dadd' 'add158_3_1' <Predicate = true> <Delay = 2.89> <CoreInst = "DAddSub_fulldsp">   --->   Core 37 'DAddSub_fulldsp' <Latency = 4> <II = 1> <Delay = 2.89> <FuncUnit> <Opcode : 'dadd' 'dsub'> <InPorts = 2> <OutPorts = 1>
ST_71 : Operation 937 [3/5] (2.89ns)   --->   "%add158_3_2 = dadd i64 %p_load18, i64 %mul154_3_2" [cpp/semgraph_slam/hls/registration_kernel_draft.cpp:132]   --->   Operation 937 'dadd' 'add158_3_2' <Predicate = true> <Delay = 2.89> <CoreInst = "DAddSub_fulldsp">   --->   Core 37 'DAddSub_fulldsp' <Latency = 4> <II = 1> <Delay = 2.89> <FuncUnit> <Opcode : 'dadd' 'dsub'> <InPorts = 2> <OutPorts = 1>
ST_71 : Operation 938 [3/5] (2.89ns)   --->   "%add158_4 = dadd i64 %p_load16, i64 %mul154_4" [cpp/semgraph_slam/hls/registration_kernel_draft.cpp:132]   --->   Operation 938 'dadd' 'add158_4' <Predicate = true> <Delay = 2.89> <CoreInst = "DAddSub_fulldsp">   --->   Core 37 'DAddSub_fulldsp' <Latency = 4> <II = 1> <Delay = 2.89> <FuncUnit> <Opcode : 'dadd' 'dsub'> <InPorts = 2> <OutPorts = 1>
ST_71 : Operation 939 [4/5] (2.89ns)   --->   "%add158_4_1 = dadd i64 %p_load14, i64 %mul154_4_1" [cpp/semgraph_slam/hls/registration_kernel_draft.cpp:132]   --->   Operation 939 'dadd' 'add158_4_1' <Predicate = true> <Delay = 2.89> <CoreInst = "DAddSub_fulldsp">   --->   Core 37 'DAddSub_fulldsp' <Latency = 4> <II = 1> <Delay = 2.89> <FuncUnit> <Opcode : 'dadd' 'dsub'> <InPorts = 2> <OutPorts = 1>
ST_71 : Operation 940 [4/5] (2.89ns)   --->   "%add158_5 = dadd i64 %p_load, i64 %mul154_5" [cpp/semgraph_slam/hls/registration_kernel_draft.cpp:132]   --->   Operation 940 'dadd' 'add158_5' <Predicate = true> <Delay = 2.89> <CoreInst = "DAddSub_fulldsp">   --->   Core 37 'DAddSub_fulldsp' <Latency = 4> <II = 1> <Delay = 2.89> <FuncUnit> <Opcode : 'dadd' 'dsub'> <InPorts = 2> <OutPorts = 1>
ST_71 : Operation 941 [1/1] (0.38ns)   --->   "%store_ln132 = store i64 %add158_7, i64 %empty_39" [cpp/semgraph_slam/hls/registration_kernel_draft.cpp:132]   --->   Operation 941 'store' 'store_ln132' <Predicate = true> <Delay = 0.38>

State 72 <SV = 71> <Delay = 2.89>
ST_72 : Operation 942 [1/5] (2.89ns)   --->   "%add158_8 = dadd i64 %p_load44, i64 %mul154_2" [cpp/semgraph_slam/hls/registration_kernel_draft.cpp:132]   --->   Operation 942 'dadd' 'add158_8' <Predicate = true> <Delay = 2.89> <CoreInst = "DAddSub_fulldsp">   --->   Core 37 'DAddSub_fulldsp' <Latency = 4> <II = 1> <Delay = 2.89> <FuncUnit> <Opcode : 'dadd' 'dsub'> <InPorts = 2> <OutPorts = 1>
ST_72 : Operation 943 [1/5] (2.89ns)   --->   "%add158_9 = dadd i64 %p_load42, i64 %mul154_6" [cpp/semgraph_slam/hls/registration_kernel_draft.cpp:132]   --->   Operation 943 'dadd' 'add158_9' <Predicate = true> <Delay = 2.89> <CoreInst = "DAddSub_fulldsp">   --->   Core 37 'DAddSub_fulldsp' <Latency = 4> <II = 1> <Delay = 2.89> <FuncUnit> <Opcode : 'dadd' 'dsub'> <InPorts = 2> <OutPorts = 1>
ST_72 : Operation 944 [2/5] (2.89ns)   --->   "%add158_1_1 = dadd i64 %p_load38, i64 %mul154_s" [cpp/semgraph_slam/hls/registration_kernel_draft.cpp:132]   --->   Operation 944 'dadd' 'add158_1_1' <Predicate = true> <Delay = 2.89> <CoreInst = "DAddSub_fulldsp">   --->   Core 37 'DAddSub_fulldsp' <Latency = 4> <II = 1> <Delay = 2.89> <FuncUnit> <Opcode : 'dadd' 'dsub'> <InPorts = 2> <OutPorts = 1>
ST_72 : Operation 945 [2/5] (2.89ns)   --->   "%add158_1_2 = dadd i64 %p_load36, i64 %mul154_1_2" [cpp/semgraph_slam/hls/registration_kernel_draft.cpp:132]   --->   Operation 945 'dadd' 'add158_1_2' <Predicate = true> <Delay = 2.89> <CoreInst = "DAddSub_fulldsp">   --->   Core 37 'DAddSub_fulldsp' <Latency = 4> <II = 1> <Delay = 2.89> <FuncUnit> <Opcode : 'dadd' 'dsub'> <InPorts = 2> <OutPorts = 1>
ST_72 : Operation 946 [2/5] (2.89ns)   --->   "%add158_1_3 = dadd i64 %p_load34, i64 %mul154_1_3" [cpp/semgraph_slam/hls/registration_kernel_draft.cpp:132]   --->   Operation 946 'dadd' 'add158_1_3' <Predicate = true> <Delay = 2.89> <CoreInst = "DAddSub_fulldsp">   --->   Core 37 'DAddSub_fulldsp' <Latency = 4> <II = 1> <Delay = 2.89> <FuncUnit> <Opcode : 'dadd' 'dsub'> <InPorts = 2> <OutPorts = 1>
ST_72 : Operation 947 [2/5] (2.89ns)   --->   "%add158_1_4 = dadd i64 %p_load32, i64 %mul154_1_4" [cpp/semgraph_slam/hls/registration_kernel_draft.cpp:132]   --->   Operation 947 'dadd' 'add158_1_4' <Predicate = true> <Delay = 2.89> <CoreInst = "DAddSub_fulldsp">   --->   Core 37 'DAddSub_fulldsp' <Latency = 4> <II = 1> <Delay = 2.89> <FuncUnit> <Opcode : 'dadd' 'dsub'> <InPorts = 2> <OutPorts = 1>
ST_72 : Operation 948 [2/5] (2.89ns)   --->   "%add158_2_1 = dadd i64 %p_load28, i64 %mul154_2_1" [cpp/semgraph_slam/hls/registration_kernel_draft.cpp:132]   --->   Operation 948 'dadd' 'add158_2_1' <Predicate = true> <Delay = 2.89> <CoreInst = "DAddSub_fulldsp">   --->   Core 37 'DAddSub_fulldsp' <Latency = 4> <II = 1> <Delay = 2.89> <FuncUnit> <Opcode : 'dadd' 'dsub'> <InPorts = 2> <OutPorts = 1>
ST_72 : Operation 949 [2/5] (2.89ns)   --->   "%add158_2_2 = dadd i64 %p_load26, i64 %mul154_2_2" [cpp/semgraph_slam/hls/registration_kernel_draft.cpp:132]   --->   Operation 949 'dadd' 'add158_2_2' <Predicate = true> <Delay = 2.89> <CoreInst = "DAddSub_fulldsp">   --->   Core 37 'DAddSub_fulldsp' <Latency = 4> <II = 1> <Delay = 2.89> <FuncUnit> <Opcode : 'dadd' 'dsub'> <InPorts = 2> <OutPorts = 1>
ST_72 : Operation 950 [2/5] (2.89ns)   --->   "%add158_2_3 = dadd i64 %p_load24, i64 %mul154_2_3" [cpp/semgraph_slam/hls/registration_kernel_draft.cpp:132]   --->   Operation 950 'dadd' 'add158_2_3' <Predicate = true> <Delay = 2.89> <CoreInst = "DAddSub_fulldsp">   --->   Core 37 'DAddSub_fulldsp' <Latency = 4> <II = 1> <Delay = 2.89> <FuncUnit> <Opcode : 'dadd' 'dsub'> <InPorts = 2> <OutPorts = 1>
ST_72 : Operation 951 [2/5] (2.89ns)   --->   "%add158_3 = dadd i64 %p_load22, i64 %mul154_3" [cpp/semgraph_slam/hls/registration_kernel_draft.cpp:132]   --->   Operation 951 'dadd' 'add158_3' <Predicate = true> <Delay = 2.89> <CoreInst = "DAddSub_fulldsp">   --->   Core 37 'DAddSub_fulldsp' <Latency = 4> <II = 1> <Delay = 2.89> <FuncUnit> <Opcode : 'dadd' 'dsub'> <InPorts = 2> <OutPorts = 1>
ST_72 : Operation 952 [2/5] (2.89ns)   --->   "%add158_3_1 = dadd i64 %p_load20, i64 %mul154_3_1" [cpp/semgraph_slam/hls/registration_kernel_draft.cpp:132]   --->   Operation 952 'dadd' 'add158_3_1' <Predicate = true> <Delay = 2.89> <CoreInst = "DAddSub_fulldsp">   --->   Core 37 'DAddSub_fulldsp' <Latency = 4> <II = 1> <Delay = 2.89> <FuncUnit> <Opcode : 'dadd' 'dsub'> <InPorts = 2> <OutPorts = 1>
ST_72 : Operation 953 [2/5] (2.89ns)   --->   "%add158_3_2 = dadd i64 %p_load18, i64 %mul154_3_2" [cpp/semgraph_slam/hls/registration_kernel_draft.cpp:132]   --->   Operation 953 'dadd' 'add158_3_2' <Predicate = true> <Delay = 2.89> <CoreInst = "DAddSub_fulldsp">   --->   Core 37 'DAddSub_fulldsp' <Latency = 4> <II = 1> <Delay = 2.89> <FuncUnit> <Opcode : 'dadd' 'dsub'> <InPorts = 2> <OutPorts = 1>
ST_72 : Operation 954 [2/5] (2.89ns)   --->   "%add158_4 = dadd i64 %p_load16, i64 %mul154_4" [cpp/semgraph_slam/hls/registration_kernel_draft.cpp:132]   --->   Operation 954 'dadd' 'add158_4' <Predicate = true> <Delay = 2.89> <CoreInst = "DAddSub_fulldsp">   --->   Core 37 'DAddSub_fulldsp' <Latency = 4> <II = 1> <Delay = 2.89> <FuncUnit> <Opcode : 'dadd' 'dsub'> <InPorts = 2> <OutPorts = 1>
ST_72 : Operation 955 [3/5] (2.89ns)   --->   "%add158_4_1 = dadd i64 %p_load14, i64 %mul154_4_1" [cpp/semgraph_slam/hls/registration_kernel_draft.cpp:132]   --->   Operation 955 'dadd' 'add158_4_1' <Predicate = true> <Delay = 2.89> <CoreInst = "DAddSub_fulldsp">   --->   Core 37 'DAddSub_fulldsp' <Latency = 4> <II = 1> <Delay = 2.89> <FuncUnit> <Opcode : 'dadd' 'dsub'> <InPorts = 2> <OutPorts = 1>
ST_72 : Operation 956 [3/5] (2.89ns)   --->   "%add158_5 = dadd i64 %p_load, i64 %mul154_5" [cpp/semgraph_slam/hls/registration_kernel_draft.cpp:132]   --->   Operation 956 'dadd' 'add158_5' <Predicate = true> <Delay = 2.89> <CoreInst = "DAddSub_fulldsp">   --->   Core 37 'DAddSub_fulldsp' <Latency = 4> <II = 1> <Delay = 2.89> <FuncUnit> <Opcode : 'dadd' 'dsub'> <InPorts = 2> <OutPorts = 1>

State 73 <SV = 72> <Delay = 2.89>
ST_73 : Operation 957 [1/5] (2.89ns)   --->   "%add158_1_1 = dadd i64 %p_load38, i64 %mul154_s" [cpp/semgraph_slam/hls/registration_kernel_draft.cpp:132]   --->   Operation 957 'dadd' 'add158_1_1' <Predicate = true> <Delay = 2.89> <CoreInst = "DAddSub_fulldsp">   --->   Core 37 'DAddSub_fulldsp' <Latency = 4> <II = 1> <Delay = 2.89> <FuncUnit> <Opcode : 'dadd' 'dsub'> <InPorts = 2> <OutPorts = 1>
ST_73 : Operation 958 [1/5] (2.89ns)   --->   "%add158_1_2 = dadd i64 %p_load36, i64 %mul154_1_2" [cpp/semgraph_slam/hls/registration_kernel_draft.cpp:132]   --->   Operation 958 'dadd' 'add158_1_2' <Predicate = true> <Delay = 2.89> <CoreInst = "DAddSub_fulldsp">   --->   Core 37 'DAddSub_fulldsp' <Latency = 4> <II = 1> <Delay = 2.89> <FuncUnit> <Opcode : 'dadd' 'dsub'> <InPorts = 2> <OutPorts = 1>
ST_73 : Operation 959 [1/5] (2.89ns)   --->   "%add158_1_3 = dadd i64 %p_load34, i64 %mul154_1_3" [cpp/semgraph_slam/hls/registration_kernel_draft.cpp:132]   --->   Operation 959 'dadd' 'add158_1_3' <Predicate = true> <Delay = 2.89> <CoreInst = "DAddSub_fulldsp">   --->   Core 37 'DAddSub_fulldsp' <Latency = 4> <II = 1> <Delay = 2.89> <FuncUnit> <Opcode : 'dadd' 'dsub'> <InPorts = 2> <OutPorts = 1>
ST_73 : Operation 960 [1/5] (2.89ns)   --->   "%add158_1_4 = dadd i64 %p_load32, i64 %mul154_1_4" [cpp/semgraph_slam/hls/registration_kernel_draft.cpp:132]   --->   Operation 960 'dadd' 'add158_1_4' <Predicate = true> <Delay = 2.89> <CoreInst = "DAddSub_fulldsp">   --->   Core 37 'DAddSub_fulldsp' <Latency = 4> <II = 1> <Delay = 2.89> <FuncUnit> <Opcode : 'dadd' 'dsub'> <InPorts = 2> <OutPorts = 1>
ST_73 : Operation 961 [1/5] (2.89ns)   --->   "%add158_2_1 = dadd i64 %p_load28, i64 %mul154_2_1" [cpp/semgraph_slam/hls/registration_kernel_draft.cpp:132]   --->   Operation 961 'dadd' 'add158_2_1' <Predicate = true> <Delay = 2.89> <CoreInst = "DAddSub_fulldsp">   --->   Core 37 'DAddSub_fulldsp' <Latency = 4> <II = 1> <Delay = 2.89> <FuncUnit> <Opcode : 'dadd' 'dsub'> <InPorts = 2> <OutPorts = 1>
ST_73 : Operation 962 [1/5] (2.89ns)   --->   "%add158_2_2 = dadd i64 %p_load26, i64 %mul154_2_2" [cpp/semgraph_slam/hls/registration_kernel_draft.cpp:132]   --->   Operation 962 'dadd' 'add158_2_2' <Predicate = true> <Delay = 2.89> <CoreInst = "DAddSub_fulldsp">   --->   Core 37 'DAddSub_fulldsp' <Latency = 4> <II = 1> <Delay = 2.89> <FuncUnit> <Opcode : 'dadd' 'dsub'> <InPorts = 2> <OutPorts = 1>
ST_73 : Operation 963 [1/5] (2.89ns)   --->   "%add158_2_3 = dadd i64 %p_load24, i64 %mul154_2_3" [cpp/semgraph_slam/hls/registration_kernel_draft.cpp:132]   --->   Operation 963 'dadd' 'add158_2_3' <Predicate = true> <Delay = 2.89> <CoreInst = "DAddSub_fulldsp">   --->   Core 37 'DAddSub_fulldsp' <Latency = 4> <II = 1> <Delay = 2.89> <FuncUnit> <Opcode : 'dadd' 'dsub'> <InPorts = 2> <OutPorts = 1>
ST_73 : Operation 964 [1/5] (2.89ns)   --->   "%add158_3 = dadd i64 %p_load22, i64 %mul154_3" [cpp/semgraph_slam/hls/registration_kernel_draft.cpp:132]   --->   Operation 964 'dadd' 'add158_3' <Predicate = true> <Delay = 2.89> <CoreInst = "DAddSub_fulldsp">   --->   Core 37 'DAddSub_fulldsp' <Latency = 4> <II = 1> <Delay = 2.89> <FuncUnit> <Opcode : 'dadd' 'dsub'> <InPorts = 2> <OutPorts = 1>
ST_73 : Operation 965 [1/5] (2.89ns)   --->   "%add158_3_1 = dadd i64 %p_load20, i64 %mul154_3_1" [cpp/semgraph_slam/hls/registration_kernel_draft.cpp:132]   --->   Operation 965 'dadd' 'add158_3_1' <Predicate = true> <Delay = 2.89> <CoreInst = "DAddSub_fulldsp">   --->   Core 37 'DAddSub_fulldsp' <Latency = 4> <II = 1> <Delay = 2.89> <FuncUnit> <Opcode : 'dadd' 'dsub'> <InPorts = 2> <OutPorts = 1>
ST_73 : Operation 966 [1/5] (2.89ns)   --->   "%add158_3_2 = dadd i64 %p_load18, i64 %mul154_3_2" [cpp/semgraph_slam/hls/registration_kernel_draft.cpp:132]   --->   Operation 966 'dadd' 'add158_3_2' <Predicate = true> <Delay = 2.89> <CoreInst = "DAddSub_fulldsp">   --->   Core 37 'DAddSub_fulldsp' <Latency = 4> <II = 1> <Delay = 2.89> <FuncUnit> <Opcode : 'dadd' 'dsub'> <InPorts = 2> <OutPorts = 1>
ST_73 : Operation 967 [1/5] (2.89ns)   --->   "%add158_4 = dadd i64 %p_load16, i64 %mul154_4" [cpp/semgraph_slam/hls/registration_kernel_draft.cpp:132]   --->   Operation 967 'dadd' 'add158_4' <Predicate = true> <Delay = 2.89> <CoreInst = "DAddSub_fulldsp">   --->   Core 37 'DAddSub_fulldsp' <Latency = 4> <II = 1> <Delay = 2.89> <FuncUnit> <Opcode : 'dadd' 'dsub'> <InPorts = 2> <OutPorts = 1>
ST_73 : Operation 968 [2/5] (2.89ns)   --->   "%add158_4_1 = dadd i64 %p_load14, i64 %mul154_4_1" [cpp/semgraph_slam/hls/registration_kernel_draft.cpp:132]   --->   Operation 968 'dadd' 'add158_4_1' <Predicate = true> <Delay = 2.89> <CoreInst = "DAddSub_fulldsp">   --->   Core 37 'DAddSub_fulldsp' <Latency = 4> <II = 1> <Delay = 2.89> <FuncUnit> <Opcode : 'dadd' 'dsub'> <InPorts = 2> <OutPorts = 1>
ST_73 : Operation 969 [2/5] (2.89ns)   --->   "%add158_5 = dadd i64 %p_load, i64 %mul154_5" [cpp/semgraph_slam/hls/registration_kernel_draft.cpp:132]   --->   Operation 969 'dadd' 'add158_5' <Predicate = true> <Delay = 2.89> <CoreInst = "DAddSub_fulldsp">   --->   Core 37 'DAddSub_fulldsp' <Latency = 4> <II = 1> <Delay = 2.89> <FuncUnit> <Opcode : 'dadd' 'dsub'> <InPorts = 2> <OutPorts = 1>
ST_73 : Operation 970 [1/1] (0.38ns)   --->   "%store_ln132 = store i64 %add158_9, i64 %empty_41" [cpp/semgraph_slam/hls/registration_kernel_draft.cpp:132]   --->   Operation 970 'store' 'store_ln132' <Predicate = true> <Delay = 0.38>
ST_73 : Operation 971 [1/1] (0.38ns)   --->   "%store_ln132 = store i64 %add158_8, i64 %empty_40" [cpp/semgraph_slam/hls/registration_kernel_draft.cpp:132]   --->   Operation 971 'store' 'store_ln132' <Predicate = true> <Delay = 0.38>

State 74 <SV = 73> <Delay = 2.89>
ST_74 : Operation 972 [1/5] (2.89ns)   --->   "%add158_4_1 = dadd i64 %p_load14, i64 %mul154_4_1" [cpp/semgraph_slam/hls/registration_kernel_draft.cpp:132]   --->   Operation 972 'dadd' 'add158_4_1' <Predicate = true> <Delay = 2.89> <CoreInst = "DAddSub_fulldsp">   --->   Core 37 'DAddSub_fulldsp' <Latency = 4> <II = 1> <Delay = 2.89> <FuncUnit> <Opcode : 'dadd' 'dsub'> <InPorts = 2> <OutPorts = 1>
ST_74 : Operation 973 [1/5] (2.89ns)   --->   "%add158_5 = dadd i64 %p_load, i64 %mul154_5" [cpp/semgraph_slam/hls/registration_kernel_draft.cpp:132]   --->   Operation 973 'dadd' 'add158_5' <Predicate = true> <Delay = 2.89> <CoreInst = "DAddSub_fulldsp">   --->   Core 37 'DAddSub_fulldsp' <Latency = 4> <II = 1> <Delay = 2.89> <FuncUnit> <Opcode : 'dadd' 'dsub'> <InPorts = 2> <OutPorts = 1>
ST_74 : Operation 974 [1/1] (0.38ns)   --->   "%store_ln132 = store i64 %add158_4, i64 %empty_54" [cpp/semgraph_slam/hls/registration_kernel_draft.cpp:132]   --->   Operation 974 'store' 'store_ln132' <Predicate = true> <Delay = 0.38>
ST_74 : Operation 975 [1/1] (0.38ns)   --->   "%store_ln132 = store i64 %add158_3_2, i64 %empty_53" [cpp/semgraph_slam/hls/registration_kernel_draft.cpp:132]   --->   Operation 975 'store' 'store_ln132' <Predicate = true> <Delay = 0.38>
ST_74 : Operation 976 [1/1] (0.38ns)   --->   "%store_ln132 = store i64 %add158_3_1, i64 %empty_52" [cpp/semgraph_slam/hls/registration_kernel_draft.cpp:132]   --->   Operation 976 'store' 'store_ln132' <Predicate = true> <Delay = 0.38>
ST_74 : Operation 977 [1/1] (0.38ns)   --->   "%store_ln132 = store i64 %add158_3, i64 %empty_51" [cpp/semgraph_slam/hls/registration_kernel_draft.cpp:132]   --->   Operation 977 'store' 'store_ln132' <Predicate = true> <Delay = 0.38>
ST_74 : Operation 978 [1/1] (0.38ns)   --->   "%store_ln132 = store i64 %add158_2_3, i64 %empty_50" [cpp/semgraph_slam/hls/registration_kernel_draft.cpp:132]   --->   Operation 978 'store' 'store_ln132' <Predicate = true> <Delay = 0.38>
ST_74 : Operation 979 [1/1] (0.38ns)   --->   "%store_ln132 = store i64 %add158_2_2, i64 %empty_49" [cpp/semgraph_slam/hls/registration_kernel_draft.cpp:132]   --->   Operation 979 'store' 'store_ln132' <Predicate = true> <Delay = 0.38>
ST_74 : Operation 980 [1/1] (0.38ns)   --->   "%store_ln132 = store i64 %add158_2_1, i64 %empty_48" [cpp/semgraph_slam/hls/registration_kernel_draft.cpp:132]   --->   Operation 980 'store' 'store_ln132' <Predicate = true> <Delay = 0.38>
ST_74 : Operation 981 [1/1] (0.38ns)   --->   "%store_ln132 = store i64 %add158_1_4, i64 %empty_46" [cpp/semgraph_slam/hls/registration_kernel_draft.cpp:132]   --->   Operation 981 'store' 'store_ln132' <Predicate = true> <Delay = 0.38>
ST_74 : Operation 982 [1/1] (0.38ns)   --->   "%store_ln132 = store i64 %add158_1_3, i64 %empty_45" [cpp/semgraph_slam/hls/registration_kernel_draft.cpp:132]   --->   Operation 982 'store' 'store_ln132' <Predicate = true> <Delay = 0.38>
ST_74 : Operation 983 [1/1] (0.38ns)   --->   "%store_ln132 = store i64 %add158_1_2, i64 %empty_44" [cpp/semgraph_slam/hls/registration_kernel_draft.cpp:132]   --->   Operation 983 'store' 'store_ln132' <Predicate = true> <Delay = 0.38>
ST_74 : Operation 984 [1/1] (0.38ns)   --->   "%store_ln132 = store i64 %add158_1_1, i64 %empty_43" [cpp/semgraph_slam/hls/registration_kernel_draft.cpp:132]   --->   Operation 984 'store' 'store_ln132' <Predicate = true> <Delay = 0.38>

State 75 <SV = 74> <Delay = 0.38>
ST_75 : Operation 985 [1/1] (0.38ns)   --->   "%store_ln132 = store i64 %add158_5, i64 %empty_56" [cpp/semgraph_slam/hls/registration_kernel_draft.cpp:132]   --->   Operation 985 'store' 'store_ln132' <Predicate = true> <Delay = 0.38>
ST_75 : Operation 986 [1/1] (0.38ns)   --->   "%store_ln132 = store i64 %add158_4_1, i64 %empty_55" [cpp/semgraph_slam/hls/registration_kernel_draft.cpp:132]   --->   Operation 986 'store' 'store_ln132' <Predicate = true> <Delay = 0.38>
ST_75 : Operation 987 [1/1] (0.00ns)   --->   "%br_ln70 = br void %VITIS_LOOP_111_4" [cpp/semgraph_slam/hls/registration_kernel_draft.cpp:70]   --->   Operation 987 'br' 'br_ln70' <Predicate = true> <Delay = 0.00>


============================================================
+ Verbose Summary: Timing violations
============================================================
Target clock period: 4.000ns, clock uncertainty: 1.080ns.

 <State 1>: 0.387ns
The critical path consists of the following:
	'alloca' operation 64 bit ('i', cpp/semgraph_slam/hls/registration_kernel_draft.cpp:70) [63]  (0.000 ns)
	'store' operation 0 bit ('store_ln70', cpp/semgraph_slam/hls/registration_kernel_draft.cpp:70) of constant 0 on local variable 'i', cpp/semgraph_slam/hls/registration_kernel_draft.cpp:70 [76]  (0.387 ns)

 <State 2>: 1.534ns
The critical path consists of the following:
	'load' operation 64 bit ('i', cpp/semgraph_slam/hls/registration_kernel_draft.cpp:70) on local variable 'i', cpp/semgraph_slam/hls/registration_kernel_draft.cpp:70 [106]  (0.000 ns)
	'icmp' operation 1 bit ('icmp_ln70', cpp/semgraph_slam/hls/registration_kernel_draft.cpp:70) [110]  (1.147 ns)
	'store' operation 0 bit ('store_ln70', cpp/semgraph_slam/hls/registration_kernel_draft.cpp:70) of variable 'add_ln70', cpp/semgraph_slam/hls/registration_kernel_draft.cpp:70 on local variable 'i', cpp/semgraph_slam/hls/registration_kernel_draft.cpp:70 [324]  (0.387 ns)

 <State 3>: 2.920ns
The critical path consists of the following:
	'getelementptr' operation 32 bit ('gmem0_addr', cpp/semgraph_slam/hls/registration_kernel_draft.cpp:70) [114]  (0.000 ns)
	bus read operation ('gmem0_addr_read', cpp/semgraph_slam/hls/registration_kernel_draft.cpp:80) on port 'gmem0' (cpp/semgraph_slam/hls/registration_kernel_draft.cpp:80) [120]  (2.920 ns)

 <State 4>: 2.920ns
The critical path consists of the following:
	bus read operation ('gmem0_addr_read_1', cpp/semgraph_slam/hls/registration_kernel_draft.cpp:80) on port 'gmem0' (cpp/semgraph_slam/hls/registration_kernel_draft.cpp:80) [122]  (2.920 ns)

 <State 5>: 2.920ns
The critical path consists of the following:
	bus read operation ('gmem0_addr_read_2', cpp/semgraph_slam/hls/registration_kernel_draft.cpp:80) on port 'gmem0' (cpp/semgraph_slam/hls/registration_kernel_draft.cpp:80) [124]  (2.920 ns)

 <State 6>: 2.757ns
The critical path consists of the following:
	'dmul' operation 64 bit ('mul149_4128_2', cpp/semgraph_slam/hls/registration_kernel_draft.cpp:130) [251]  (2.757 ns)

 <State 7>: 2.896ns
The critical path consists of the following:
	'dadd' operation 64 bit ('jtj_acc', cpp/semgraph_slam/hls/registration_kernel_draft.cpp:130) [255]  (2.896 ns)

 <State 8>: 2.896ns
The critical path consists of the following:
	'dadd' operation 64 bit ('jtj_acc', cpp/semgraph_slam/hls/registration_kernel_draft.cpp:130) [250]  (2.896 ns)

 <State 9>: 2.896ns
The critical path consists of the following:
	'dadd' operation 64 bit ('jtj_acc', cpp/semgraph_slam/hls/registration_kernel_draft.cpp:130) [250]  (2.896 ns)

 <State 10>: 2.896ns
The critical path consists of the following:
	'dadd' operation 64 bit ('jtj_acc', cpp/semgraph_slam/hls/registration_kernel_draft.cpp:130) [250]  (2.896 ns)

 <State 11>: 2.896ns
The critical path consists of the following:
	'dadd' operation 64 bit ('jtj_acc', cpp/semgraph_slam/hls/registration_kernel_draft.cpp:130) [250]  (2.896 ns)

 <State 12>: 2.896ns
The critical path consists of the following:
	'dadd' operation 64 bit ('jtj_acc', cpp/semgraph_slam/hls/registration_kernel_draft.cpp:130) [250]  (2.896 ns)

 <State 13>: 2.896ns
The critical path consists of the following:
	'dadd' operation 64 bit ('jtr_acc', cpp/semgraph_slam/hls/registration_kernel_draft.cpp:116) [203]  (2.896 ns)

 <State 14>: 2.896ns
The critical path consists of the following:
	'dadd' operation 64 bit ('jtr_acc', cpp/semgraph_slam/hls/registration_kernel_draft.cpp:116) [203]  (2.896 ns)

 <State 15>: 2.896ns
The critical path consists of the following:
	'dadd' operation 64 bit ('jtr_acc', cpp/semgraph_slam/hls/registration_kernel_draft.cpp:116) [203]  (2.896 ns)

 <State 16>: 2.896ns
The critical path consists of the following:
	'dadd' operation 64 bit ('jtr_acc', cpp/semgraph_slam/hls/registration_kernel_draft.cpp:116) [203]  (2.896 ns)

 <State 17>: 2.896ns
The critical path consists of the following:
	'dadd' operation 64 bit ('jtr_acc', cpp/semgraph_slam/hls/registration_kernel_draft.cpp:116) [203]  (2.896 ns)

 <State 18>: 2.896ns
The critical path consists of the following:
	'dadd' operation 64 bit ('jtj_acc', cpp/semgraph_slam/hls/registration_kernel_draft.cpp:130) [245]  (2.896 ns)

 <State 19>: 2.896ns
The critical path consists of the following:
	'dadd' operation 64 bit ('jtr_acc', cpp/semgraph_slam/hls/registration_kernel_draft.cpp:116) [211]  (2.896 ns)

 <State 20>: 2.896ns
The critical path consists of the following:
	'dadd' operation 64 bit ('jtr_acc', cpp/semgraph_slam/hls/registration_kernel_draft.cpp:116) [211]  (2.896 ns)

 <State 21>: 2.896ns
The critical path consists of the following:
	'dadd' operation 64 bit ('jtr_acc', cpp/semgraph_slam/hls/registration_kernel_draft.cpp:116) [205]  (2.896 ns)

 <State 22>: 2.896ns
The critical path consists of the following:
	'dadd' operation 64 bit ('jtr_acc', cpp/semgraph_slam/hls/registration_kernel_draft.cpp:116) [205]  (2.896 ns)

 <State 23>: 2.896ns
The critical path consists of the following:
	'dadd' operation 64 bit ('jtr_acc', cpp/semgraph_slam/hls/registration_kernel_draft.cpp:116) [205]  (2.896 ns)

 <State 24>: 2.896ns
The critical path consists of the following:
	'dadd' operation 64 bit ('jtr_acc', cpp/semgraph_slam/hls/registration_kernel_draft.cpp:116) [205]  (2.896 ns)

 <State 25>: 2.896ns
The critical path consists of the following:
	'dadd' operation 64 bit ('jtr_acc', cpp/semgraph_slam/hls/registration_kernel_draft.cpp:116) [205]  (2.896 ns)

 <State 26>: 2.896ns
The critical path consists of the following:
	'dadd' operation 64 bit ('jtr_acc', cpp/semgraph_slam/hls/registration_kernel_draft.cpp:116) [207]  (2.896 ns)

 <State 27>: 2.896ns
The critical path consists of the following:
	'dadd' operation 64 bit ('jtr_acc', cpp/semgraph_slam/hls/registration_kernel_draft.cpp:116) [207]  (2.896 ns)

 <State 28>: 2.896ns
The critical path consists of the following:
	'dadd' operation 64 bit ('jtr_acc', cpp/semgraph_slam/hls/registration_kernel_draft.cpp:116) [207]  (2.896 ns)

 <State 29>: 2.896ns
The critical path consists of the following:
	'dadd' operation 64 bit ('jtr_acc', cpp/semgraph_slam/hls/registration_kernel_draft.cpp:116) [207]  (2.896 ns)

 <State 30>: 2.896ns
The critical path consists of the following:
	'dadd' operation 64 bit ('jtr_acc', cpp/semgraph_slam/hls/registration_kernel_draft.cpp:116) [207]  (2.896 ns)

 <State 31>: 2.896ns
The critical path consists of the following:
	'dadd' operation 64 bit ('jtr_acc', cpp/semgraph_slam/hls/registration_kernel_draft.cpp:116) [213]  (2.896 ns)

 <State 32>: 2.896ns
The critical path consists of the following:
	'dadd' operation 64 bit ('jtr_acc', cpp/semgraph_slam/hls/registration_kernel_draft.cpp:116) [213]  (2.896 ns)

 <State 33>: 2.896ns
The critical path consists of the following:
	'dadd' operation 64 bit ('jtr_acc', cpp/semgraph_slam/hls/registration_kernel_draft.cpp:116) [213]  (2.896 ns)

 <State 34>: 2.342ns
The critical path consists of the following:
	'fadd' operation 32 bit ('add2', cpp/semgraph_slam/hls/registration_kernel_draft.cpp:93) [140]  (2.342 ns)

 <State 35>: 2.342ns
The critical path consists of the following:
	'fadd' operation 32 bit ('add2', cpp/semgraph_slam/hls/registration_kernel_draft.cpp:93) [140]  (2.342 ns)

 <State 36>: 2.342ns
The critical path consists of the following:
	'fadd' operation 32 bit ('add2', cpp/semgraph_slam/hls/registration_kernel_draft.cpp:93) [140]  (2.342 ns)

 <State 37>: 2.342ns
The critical path consists of the following:
	'fadd' operation 32 bit ('add2', cpp/semgraph_slam/hls/registration_kernel_draft.cpp:93) [140]  (2.342 ns)

 <State 38>: 2.342ns
The critical path consists of the following:
	'fadd' operation 32 bit ('add2', cpp/semgraph_slam/hls/registration_kernel_draft.cpp:93) [140]  (2.342 ns)

 <State 39>: 2.342ns
The critical path consists of the following:
	'fadd' operation 32 bit ('add2', cpp/semgraph_slam/hls/registration_kernel_draft.cpp:93) [140]  (2.342 ns)

 <State 40>: 2.327ns
The critical path consists of the following:
	'fdiv' operation 32 bit ('w_float', cpp/semgraph_slam/hls/registration_kernel_draft.cpp:93) [141]  (2.327 ns)

 <State 41>: 2.327ns
The critical path consists of the following:
	'fdiv' operation 32 bit ('w_float', cpp/semgraph_slam/hls/registration_kernel_draft.cpp:93) [141]  (2.327 ns)

 <State 42>: 2.327ns
The critical path consists of the following:
	'fdiv' operation 32 bit ('w_float', cpp/semgraph_slam/hls/registration_kernel_draft.cpp:93) [141]  (2.327 ns)

 <State 43>: 2.327ns
The critical path consists of the following:
	'fdiv' operation 32 bit ('w_float', cpp/semgraph_slam/hls/registration_kernel_draft.cpp:93) [141]  (2.327 ns)

 <State 44>: 2.327ns
The critical path consists of the following:
	'fdiv' operation 32 bit ('w_float', cpp/semgraph_slam/hls/registration_kernel_draft.cpp:93) [141]  (2.327 ns)

 <State 45>: 2.920ns
The critical path consists of the following:
	'getelementptr' operation 32 bit ('gmem2_addr', cpp/semgraph_slam/hls/registration_kernel_draft.cpp:70) [116]  (0.000 ns)
	bus read operation ('label', cpp/semgraph_slam/hls/registration_kernel_draft.cpp:94) on port 'gmem2' (cpp/semgraph_slam/hls/registration_kernel_draft.cpp:94) [142]  (2.920 ns)

 <State 46>: 2.327ns
The critical path consists of the following:
	'fdiv' operation 32 bit ('w_float', cpp/semgraph_slam/hls/registration_kernel_draft.cpp:93) [141]  (2.327 ns)

 <State 47>: 2.327ns
The critical path consists of the following:
	'fdiv' operation 32 bit ('w_float', cpp/semgraph_slam/hls/registration_kernel_draft.cpp:93) [141]  (2.327 ns)

 <State 48>: 2.327ns
The critical path consists of the following:
	'fdiv' operation 32 bit ('w_float', cpp/semgraph_slam/hls/registration_kernel_draft.cpp:93) [141]  (2.327 ns)

 <State 49>: 2.327ns
The critical path consists of the following:
	'fdiv' operation 32 bit ('w_float', cpp/semgraph_slam/hls/registration_kernel_draft.cpp:93) [141]  (2.327 ns)

 <State 50>: 2.327ns
The critical path consists of the following:
	'fdiv' operation 32 bit ('w_float', cpp/semgraph_slam/hls/registration_kernel_draft.cpp:93) [141]  (2.327 ns)

 <State 51>: 2.327ns
The critical path consists of the following:
	'fdiv' operation 32 bit ('w_float', cpp/semgraph_slam/hls/registration_kernel_draft.cpp:93) [141]  (2.327 ns)

 <State 52>: 2.322ns
The critical path consists of the following:
	'phi' operation 32 bit ('semantic_w_float') [149]  (0.000 ns)
	'fmul' operation 32 bit ('mul3', cpp/semgraph_slam/hls/registration_kernel_draft.cpp:97) [177]  (2.322 ns)

 <State 53>: 2.322ns
The critical path consists of the following:
	'fmul' operation 32 bit ('mul3', cpp/semgraph_slam/hls/registration_kernel_draft.cpp:97) [177]  (2.322 ns)

 <State 54>: 2.322ns
The critical path consists of the following:
	'fmul' operation 32 bit ('mul3', cpp/semgraph_slam/hls/registration_kernel_draft.cpp:97) [177]  (2.322 ns)

 <State 55>: 2.322ns
The critical path consists of the following:
	'fmul' operation 32 bit ('mul3', cpp/semgraph_slam/hls/registration_kernel_draft.cpp:97) [177]  (2.322 ns)

 <State 56>: 1.540ns
The critical path consists of the following:
	'fpext' operation 64 bit ('w', cpp/semgraph_slam/hls/registration_kernel_draft.cpp:97) [178]  (1.540 ns)

 <State 57>: 1.540ns
The critical path consists of the following:
	'fpext' operation 64 bit ('w', cpp/semgraph_slam/hls/registration_kernel_draft.cpp:97) [178]  (1.540 ns)

 <State 58>: 2.896ns
The critical path consists of the following:
	'load' operation 64 bit ('p_load52', cpp/semgraph_slam/hls/registration_kernel_draft.cpp:132) on local variable 'empty_36' [156]  (0.000 ns)
	'dadd' operation 64 bit ('add5', cpp/semgraph_slam/hls/registration_kernel_draft.cpp:132) [240]  (2.896 ns)

 <State 59>: 2.896ns
The critical path consists of the following:
	'dadd' operation 64 bit ('add5', cpp/semgraph_slam/hls/registration_kernel_draft.cpp:132) [240]  (2.896 ns)

 <State 60>: 2.896ns
The critical path consists of the following:
	'dadd' operation 64 bit ('add5', cpp/semgraph_slam/hls/registration_kernel_draft.cpp:132) [240]  (2.896 ns)

 <State 61>: 2.896ns
The critical path consists of the following:
	'dadd' operation 64 bit ('add5', cpp/semgraph_slam/hls/registration_kernel_draft.cpp:132) [240]  (2.896 ns)

 <State 62>: 2.896ns
The critical path consists of the following:
	'dadd' operation 64 bit ('add5', cpp/semgraph_slam/hls/registration_kernel_draft.cpp:132) [240]  (2.896 ns)

 <State 63>: 2.757ns
The critical path consists of the following:
	'dmul' operation 64 bit ('mul4', cpp/semgraph_slam/hls/registration_kernel_draft.cpp:118) [208]  (2.757 ns)

 <State 64>: 2.896ns
The critical path consists of the following:
	'load' operation 64 bit ('p_load64', cpp/semgraph_slam/hls/registration_kernel_draft.cpp:118) on local variable 'empty' [150]  (0.000 ns)
	'dadd' operation 64 bit ('add4', cpp/semgraph_slam/hls/registration_kernel_draft.cpp:118) [209]  (2.896 ns)

 <State 65>: 2.896ns
The critical path consists of the following:
	'dadd' operation 64 bit ('add4', cpp/semgraph_slam/hls/registration_kernel_draft.cpp:118) [209]  (2.896 ns)

 <State 66>: 2.896ns
The critical path consists of the following:
	'dadd' operation 64 bit ('add4', cpp/semgraph_slam/hls/registration_kernel_draft.cpp:118) [209]  (2.896 ns)

 <State 67>: 2.896ns
The critical path consists of the following:
	'dadd' operation 64 bit ('add4', cpp/semgraph_slam/hls/registration_kernel_draft.cpp:118) [209]  (2.896 ns)

 <State 68>: 2.896ns
The critical path consists of the following:
	'dadd' operation 64 bit ('add4', cpp/semgraph_slam/hls/registration_kernel_draft.cpp:118) [209]  (2.896 ns)

 <State 69>: 2.896ns
The critical path consists of the following:
	'dadd' operation 64 bit ('add124_5', cpp/semgraph_slam/hls/registration_kernel_draft.cpp:118) [239]  (2.896 ns)

 <State 70>: 2.896ns
The critical path consists of the following:
	'dadd' operation 64 bit ('add158_7', cpp/semgraph_slam/hls/registration_kernel_draft.cpp:132) [249]  (2.896 ns)

 <State 71>: 2.896ns
The critical path consists of the following:
	'dadd' operation 64 bit ('add158_8', cpp/semgraph_slam/hls/registration_kernel_draft.cpp:132) [254]  (2.896 ns)

 <State 72>: 2.896ns
The critical path consists of the following:
	'dadd' operation 64 bit ('add158_8', cpp/semgraph_slam/hls/registration_kernel_draft.cpp:132) [254]  (2.896 ns)

 <State 73>: 2.896ns
The critical path consists of the following:
	'dadd' operation 64 bit ('add158_1_1', cpp/semgraph_slam/hls/registration_kernel_draft.cpp:132) [262]  (2.896 ns)

 <State 74>: 2.896ns
The critical path consists of the following:
	'dadd' operation 64 bit ('add158_4_1', cpp/semgraph_slam/hls/registration_kernel_draft.cpp:132) [316]  (2.896 ns)

 <State 75>: 0.387ns
The critical path consists of the following:
	'store' operation 0 bit ('store_ln132', cpp/semgraph_slam/hls/registration_kernel_draft.cpp:132) of variable 'add158_5', cpp/semgraph_slam/hls/registration_kernel_draft.cpp:132 on local variable 'empty_56' [325]  (0.387 ns)


============================================================
+ Verbose Summary: Binding
============================================================
N/A
* FSMD analyzer results:
  - Output states:
 - Input state : 
  - Chain level:
	State 1
	State 2
	State 3
	State 4
	State 5
	State 6
	State 7
	State 8
	State 9
	State 10
	State 11
	State 12
	State 13
	State 14
	State 15
	State 16
	State 17
	State 18
	State 19
	State 20
	State 21
	State 22
	State 23
	State 24
	State 25
	State 26
	State 27
	State 28
	State 29
	State 30
	State 31
	State 32
	State 33
	State 34
	State 35
	State 36
	State 37
	State 38
	State 39
	State 40
	State 41
	State 42
	State 43
	State 44
	State 45
	State 46
	State 47
	State 48
	State 49
	State 50
	State 51
	State 52
	State 53
	State 54
	State 55
	State 56
	State 57
	State 58
	State 59
	State 60
	State 61
	State 62
	State 63
	State 64
	State 65
	State 66
	State 67
	State 68
	State 69
	State 70
	State 71
	State 72
	State 73
	State 74
	State 75


============================================================
+ Verbose Summary: Datapath Resource usage 
============================================================
N/A
