

================================================================
== Vitis HLS Report for 'registration_accumulate_kernel'
================================================================
* Date:           Wed Apr 15 02:32:40 2026

* Version:        2024.1 (Build 5069499 on May 21 2024)
* Project:        registration_hls
* Solution:       solution1 (Vivado IP Flow Target)
* Product family: virtexuplus
* Target device:  xcvu9p-flgb2104-2-i


================================================================
== Performance Estimates
================================================================
+ Timing: 
    * Summary: 
    +--------+---------+----------+------------+
    |  Clock |  Target | Estimated| Uncertainty|
    +--------+---------+----------+------------+
    |ap_clk  |  4.00 ns|  3.207 ns|     1.08 ns|
    +--------+---------+----------+------------+

+ Latency: 
    * Summary: 
    +---------+---------+----------+----------+-----+-------+---------+
    |  Latency (cycles) |  Latency (absolute) |   Interval  | Pipeline|
    |   min   |   max   |    min   |    max   | min |  max  |   Type  |
    +---------+---------+----------+----------+-----+-------+---------+
    |      182|    98540|  0.728 us|  0.394 ms|  183|  98541|       no|
    +---------+---------+----------+----------+-----+-------+---------+

    + Detail: 
        * Instance: 
        +----------------------------------------------------------------------+-----------------------------------------------------------+---------+---------+-----------+-----------+-----+-------+-----------------------------------------------+
        |                                                                      |                                                           |  Latency (cycles) |   Latency (absolute)  |   Interval  |                    Pipeline                   |
        |                               Instance                               |                           Module                          |   min   |   max   |    min    |    max    | min |  max  |                      Type                     |
        +----------------------------------------------------------------------+-----------------------------------------------------------+---------+---------+-----------+-----------+-----+-------+-----------------------------------------------+
        |grp_registration_accumulate_kernel_Pipeline_VITIS_LOOP_70_3_fu_406    |registration_accumulate_kernel_Pipeline_VITIS_LOOP_70_3    |       75|    98373|   0.300 us|   0.393 ms|   12|  98310|  loop auto-rewind stp(delay=0 clock cycles(s))|
        |grp_registration_accumulate_kernel_Pipeline_VITIS_LOOP_141_10_fu_448  |registration_accumulate_kernel_Pipeline_VITIS_LOOP_141_10  |       10|       20|  40.000 ns|  80.000 ns|    4|     14|  loop auto-rewind stp(delay=0 clock cycles(s))|
        |grp_registration_accumulate_kernel_Pipeline_VITIS_LOOP_151_11_fu_480  |registration_accumulate_kernel_Pipeline_VITIS_LOOP_151_11  |        8|        8|  32.000 ns|  32.000 ns|    7|      7|  loop auto-rewind stp(delay=0 clock cycles(s))|
        +----------------------------------------------------------------------+-----------------------------------------------------------+---------+---------+-----------+-----------+-----+-------+-----------------------------------------------+

        * Loop: 
        +--------------------+---------+---------+----------+-----------+-----------+------+----------+
        |                    |  Latency (cycles) | Iteration|  Initiation Interval  | Trip |          |
        |      Loop Name     |   min   |   max   |  Latency |  achieved |   target  | Count| Pipelined|
        +--------------------+---------+---------+----------+-----------+-----------+------+----------+
        |- VITIS_LOOP_140_9  |       78|      138|   13 ~ 23|          -|          -|     6|        no|
        +--------------------+---------+---------+----------+-----------+-----------+------+----------+



================================================================
== Utilization Estimates
================================================================
* Summary: 
+---------------------+---------+------+---------+---------+-----+
|         Name        | BRAM_18K|  DSP |    FF   |   LUT   | URAM|
+---------------------+---------+------+---------+---------+-----+
|DSP                  |        -|     -|        -|        -|    -|
|Expression           |        -|     -|        0|      495|    -|
|FIFO                 |        -|     -|        -|        -|    -|
|Instance             |        6|   108|    26224|    18721|    0|
|Memory               |        -|     -|        -|        -|    -|
|Multiplexer          |        -|     -|        0|      567|    -|
|Register             |        -|     -|      810|        -|    -|
+---------------------+---------+------+---------+---------+-----+
|Total                |        6|   108|    27034|    19783|    0|
+---------------------+---------+------+---------+---------+-----+
|Available SLR        |     1440|  2280|   788160|   394080|  320|
+---------------------+---------+------+---------+---------+-----+
|Utilization SLR (%)  |       ~0|     4|        3|        5|    0|
+---------------------+---------+------+---------+---------+-----+
|Available            |     4320|  6840|  2364480|  1182240|  960|
+---------------------+---------+------+---------+---------+-----+
|Utilization (%)      |       ~0|     1|        1|        1|    0|
+---------------------+---------+------+---------+---------+-----+

+ Detail: 
    * Instance: 
    +----------------------------------------------------------------------+-----------------------------------------------------------+---------+-----+-------+-------+-----+
    |                               Instance                               |                           Module                          | BRAM_18K| DSP |   FF  |  LUT  | URAM|
    +----------------------------------------------------------------------+-----------------------------------------------------------+---------+-----+-------+-------+-----+
    |control_r_s_axi_U                                                     |control_r_s_axi                                            |        0|    0|    520|    936|    0|
    |control_s_axi_U                                                       |control_s_axi                                              |        0|    0|    112|    168|    0|
    |fmul_32ns_32ns_32_4_max_dsp_1_U106                                    |fmul_32ns_32ns_32_4_max_dsp_1                              |        0|    3|    143|     78|    0|
    |gmem0_m_axi_U                                                         |gmem0_m_axi                                                |        1|    0|    604|    650|    0|
    |gmem1_m_axi_U                                                         |gmem1_m_axi                                                |        1|    0|    604|    650|    0|
    |gmem2_m_axi_U                                                         |gmem2_m_axi                                                |        1|    0|    604|    650|    0|
    |gmem3_m_axi_U                                                         |gmem3_m_axi                                                |        2|    0|    713|    856|    0|
    |gmem4_m_axi_U                                                         |gmem4_m_axi                                                |        1|    0|    595|    639|    0|
    |grp_registration_accumulate_kernel_Pipeline_VITIS_LOOP_141_10_fu_448  |registration_accumulate_kernel_Pipeline_VITIS_LOOP_141_10  |        0|    0|    408|    590|    0|
    |grp_registration_accumulate_kernel_Pipeline_VITIS_LOOP_151_11_fu_480  |registration_accumulate_kernel_Pipeline_VITIS_LOOP_151_11  |        0|    0|     70|    100|    0|
    |grp_registration_accumulate_kernel_Pipeline_VITIS_LOOP_70_3_fu_406    |registration_accumulate_kernel_Pipeline_VITIS_LOOP_70_3    |        0|  105|  21851|  13404|    0|
    +----------------------------------------------------------------------+-----------------------------------------------------------+---------+-----+-------+-------+-----+
    |Total                                                                 |                                                           |        6|  108|  26224|  18721|    0|
    +----------------------------------------------------------------------+-----------------------------------------------------------+---------+-----+-------+-------+-----+

    * DSP: 
    N/A

    * Memory: 
    N/A

    * FIFO: 
    N/A

    * Expression: 
    +-------------------------+----------+----+---+----+------------+------------+
    |      Variable Name      | Operation| DSP| FF| LUT| Bitwidth P0| Bitwidth P1|
    +-------------------------+----------+----+---+----+------------+------------+
    |add_ln140_1_fu_845_p2    |         +|   0|  0|  10|           3|           1|
    |add_ln140_fu_912_p2      |         +|   0|  0|  10|           3|           2|
    |add_ln70_fu_748_p2       |         +|   0|  0|  40|          33|           2|
    |read_idx_2_fu_906_p2     |         +|   0|  0|  13|           6|           6|
    |sub_ln141_fu_875_p2      |         -|   0|  0|  12|           5|           5|
    |sub_ln65_fu_661_p2       |         -|   0|  0|  39|          32|          32|
    |sub_ln70_1_fu_640_p2     |         -|   0|  0|  23|          16|          16|
    |sub_ln70_fu_730_p2       |         -|   0|  0|  39|           1|          32|
    |empty_60_fu_706_p2       |      icmp|   0|  0|  39|          32|           1|
    |empty_61_fu_724_p2       |      icmp|   0|  0|  39|          32|          16|
    |icmp_ln140_fu_839_p2     |      icmp|   0|  0|  10|           3|           3|
    |icmp_ln200_fu_604_p2     |      icmp|   0|  0|  38|          31|          15|
    |icmp_ln70_fu_618_p2      |      icmp|   0|  0|  22|          15|           1|
    |ap_block_state3_io       |        or|   0|  0|   2|           1|           1|
    |bounded_count_fu_610_p3  |    select|   0|  0|  16|           1|          16|
    |empty_fu_646_p3          |    select|   0|  0|  16|           1|          16|
    |requested_fu_594_p3      |    select|   0|  0|  31|           1|           1|
    |select_ln70_1_fu_736_p3  |    select|   0|  0|  32|           1|          32|
    |select_ln70_fu_716_p3    |    select|   0|  0|  32|           1|          32|
    |xor_ln70_fu_711_p2       |       xor|   0|  0|  32|          32|           2|
    +-------------------------+----------+----+---+----+------------+------------+
    |Total                    |          |   0|  0| 495|         250|         232|
    +-------------------------+----------+----+---+----+------------+------------+

    * Multiplexer: 
    +----------------------+-----+-----------+-----+-----------+
    |         Name         | LUT | Input Size| Bits| Total Bits|
    +----------------------+-----+-----------+-----+-----------+
    |ap_NS_fsm             |  123|         25|    1|         25|
    |gmem0_ARADDR          |   14|          3|   64|        192|
    |gmem0_ARLEN           |   14|          3|   32|         96|
    |gmem0_ARVALID         |   14|          3|    1|          3|
    |gmem0_RREADY          |    9|          2|    1|          2|
    |gmem0_blk_n_AR        |    9|          2|    1|          2|
    |gmem1_ARADDR          |   14|          3|   64|        192|
    |gmem1_ARLEN           |   14|          3|   32|         96|
    |gmem1_ARVALID         |   14|          3|    1|          3|
    |gmem1_RREADY          |    9|          2|    1|          2|
    |gmem1_blk_n_AR        |    9|          2|    1|          2|
    |gmem2_ARADDR          |   14|          3|   64|        192|
    |gmem2_ARLEN           |   14|          3|   32|         96|
    |gmem2_ARVALID         |   14|          3|    1|          3|
    |gmem2_RREADY          |    9|          2|    1|          2|
    |gmem2_blk_n_AR        |    9|          2|    1|          2|
    |gmem3_AWADDR          |   20|          4|   64|        256|
    |gmem3_AWLEN           |   20|          4|   32|        128|
    |gmem3_AWVALID         |   20|          4|    1|          4|
    |gmem3_BREADY          |   20|          4|    1|          4|
    |gmem3_WDATA           |   14|          3|   64|        192|
    |gmem3_WSTRB           |   14|          3|    8|         24|
    |gmem3_WVALID          |   14|          3|    1|          3|
    |gmem3_blk_n_AW        |    9|          2|    1|          2|
    |gmem3_blk_n_B         |    9|          2|    1|          2|
    |gmem4_AWADDR          |   14|          3|   64|        192|
    |gmem4_WDATA           |   14|          3|   32|         96|
    |gmem4_blk_n_AW        |    9|          2|    1|          2|
    |gmem4_blk_n_B         |    9|          2|    1|          2|
    |gmem4_blk_n_W         |    9|          2|    1|          2|
    |grp_fu_493_ce         |   14|          3|    1|          3|
    |grp_fu_493_p0         |   14|          3|   32|         96|
    |grp_fu_493_p1         |   14|          3|   32|         96|
    |indvars_iv165_fu_182  |    9|          2|    3|          6|
    |r_fu_178              |    9|          2|    3|          6|
    |read_idx_fu_174       |    9|          2|    6|         12|
    +----------------------+-----+-----------+-----+-----------+
    |Total                 |  567|        120|  647|       2038|
    +----------------------+-----+-----------+-----+-----------+

    * Register: 
    +-----------------------------------------------------------------------------------+----+----+-----+-----------+
    |                                        Name                                       | FF | LUT| Bits| Const Bits|
    +-----------------------------------------------------------------------------------+----+----+-----+-----------+
    |add_ln70_reg_1235                                                                  |  33|   0|   33|          0|
    |ap_CS_fsm                                                                          |  24|   0|   24|          0|
    |bounded_count_reg_1188                                                             |  15|   0|   15|          0|
    |c_reg_1321                                                                         |   3|   0|    3|          0|
    |correspondence_count_read_reg_975                                                  |  32|   0|   32|          0|
    |empty_reg_1194                                                                     |  16|   0|   16|          0|
    |gmem4_addr_1_reg_1159                                                              |  64|   0|   64|          0|
    |gmem4_addr_reg_1153                                                                |  64|   0|   64|          0|
    |grp_registration_accumulate_kernel_Pipeline_VITIS_LOOP_141_10_fu_448_ap_start_reg  |   1|   0|    1|          0|
    |grp_registration_accumulate_kernel_Pipeline_VITIS_LOOP_151_11_fu_480_ap_start_reg  |   1|   0|    1|          0|
    |grp_registration_accumulate_kernel_Pipeline_VITIS_LOOP_70_3_fu_406_ap_start_reg    |   1|   0|    1|          0|
    |indvars_iv165_fu_182                                                               |   3|   0|    3|          0|
    |jtj_out_read_reg_964                                                               |  64|   0|   64|          0|
    |jtr_out_read_reg_959                                                               |  64|   0|   64|          0|
    |kernel_read_reg_969                                                                |  32|   0|   32|          0|
    |kernel_sq_reg_1230                                                                 |  32|   0|   32|          0|
    |r_fu_178                                                                           |   3|   0|    3|          0|
    |read_idx_fu_174                                                                    |   6|   0|    6|          0|
    |read_idx_load_reg_1341                                                             |   6|   0|    6|          0|
    |requested_reg_1183                                                                 |  31|   0|   31|          0|
    |sub_ln141_reg_1330                                                                 |   4|   0|    5|          1|
    |sub_ln65_reg_1199                                                                  |  32|   0|   32|          0|
    |tmp_reg_1148                                                                       |   1|   0|    1|          0|
    |trunc_ln26_reg_1143                                                                |  31|   0|   31|          0|
    |trunc_ln4_reg_1165                                                                 |  62|   0|   62|          0|
    |trunc_ln5_reg_1335                                                                 |  61|   0|   61|          0|
    |trunc_ln70_1_reg_1171                                                              |  62|   0|   62|          0|
    |trunc_ln70_2_reg_1177                                                              |  62|   0|   62|          0|
    +-----------------------------------------------------------------------------------+----+----+-----+-----------+
    |Total                                                                              | 810|   0|  811|          1|
    +-----------------------------------------------------------------------------------+----+----+-----+-----------+



================================================================
== Interface
================================================================
* Summary: 
+-------------------------+-----+-----+------------+--------------------------------+--------------+
|        RTL Ports        | Dir | Bits|  Protocol  |          Source Object         |    C Type    |
+-------------------------+-----+-----+------------+--------------------------------+--------------+
|s_axi_control_AWVALID    |   in|    1|       s_axi|                         control|        scalar|
|s_axi_control_AWREADY    |  out|    1|       s_axi|                         control|        scalar|
|s_axi_control_AWADDR     |   in|    5|       s_axi|                         control|        scalar|
|s_axi_control_WVALID     |   in|    1|       s_axi|                         control|        scalar|
|s_axi_control_WREADY     |  out|    1|       s_axi|                         control|        scalar|
|s_axi_control_WDATA      |   in|   32|       s_axi|                         control|        scalar|
|s_axi_control_WSTRB      |   in|    4|       s_axi|                         control|        scalar|
|s_axi_control_ARVALID    |   in|    1|       s_axi|                         control|        scalar|
|s_axi_control_ARREADY    |  out|    1|       s_axi|                         control|        scalar|
|s_axi_control_ARADDR     |   in|    5|       s_axi|                         control|        scalar|
|s_axi_control_RVALID     |  out|    1|       s_axi|                         control|        scalar|
|s_axi_control_RREADY     |   in|    1|       s_axi|                         control|        scalar|
|s_axi_control_RDATA      |  out|   32|       s_axi|                         control|        scalar|
|s_axi_control_RRESP      |  out|    2|       s_axi|                         control|        scalar|
|s_axi_control_BVALID     |  out|    1|       s_axi|                         control|        scalar|
|s_axi_control_BREADY     |   in|    1|       s_axi|                         control|        scalar|
|s_axi_control_BRESP      |  out|    2|       s_axi|                         control|        scalar|
|s_axi_control_r_AWVALID  |   in|    1|       s_axi|                       control_r|        scalar|
|s_axi_control_r_AWREADY  |  out|    1|       s_axi|                       control_r|        scalar|
|s_axi_control_r_AWADDR   |   in|    7|       s_axi|                       control_r|        scalar|
|s_axi_control_r_WVALID   |   in|    1|       s_axi|                       control_r|        scalar|
|s_axi_control_r_WREADY   |  out|    1|       s_axi|                       control_r|        scalar|
|s_axi_control_r_WDATA    |   in|   32|       s_axi|                       control_r|        scalar|
|s_axi_control_r_WSTRB    |   in|    4|       s_axi|                       control_r|        scalar|
|s_axi_control_r_ARVALID  |   in|    1|       s_axi|                       control_r|        scalar|
|s_axi_control_r_ARREADY  |  out|    1|       s_axi|                       control_r|        scalar|
|s_axi_control_r_ARADDR   |   in|    7|       s_axi|                       control_r|        scalar|
|s_axi_control_r_RVALID   |  out|    1|       s_axi|                       control_r|        scalar|
|s_axi_control_r_RREADY   |   in|    1|       s_axi|                       control_r|        scalar|
|s_axi_control_r_RDATA    |  out|   32|       s_axi|                       control_r|        scalar|
|s_axi_control_r_RRESP    |  out|    2|       s_axi|                       control_r|        scalar|
|s_axi_control_r_BVALID   |  out|    1|       s_axi|                       control_r|        scalar|
|s_axi_control_r_BREADY   |   in|    1|       s_axi|                       control_r|        scalar|
|s_axi_control_r_BRESP    |  out|    2|       s_axi|                       control_r|        scalar|
|ap_clk                   |   in|    1|  ap_ctrl_hs|  registration_accumulate_kernel|  return value|
|ap_rst_n                 |   in|    1|  ap_ctrl_hs|  registration_accumulate_kernel|  return value|
|interrupt                |  out|    1|  ap_ctrl_hs|  registration_accumulate_kernel|  return value|
|m_axi_gmem0_AWVALID      |  out|    1|       m_axi|                           gmem0|       pointer|
|m_axi_gmem0_AWREADY      |   in|    1|       m_axi|                           gmem0|       pointer|
|m_axi_gmem0_AWADDR       |  out|   64|       m_axi|                           gmem0|       pointer|
|m_axi_gmem0_AWID         |  out|    1|       m_axi|                           gmem0|       pointer|
|m_axi_gmem0_AWLEN        |  out|    8|       m_axi|                           gmem0|       pointer|
|m_axi_gmem0_AWSIZE       |  out|    3|       m_axi|                           gmem0|       pointer|
|m_axi_gmem0_AWBURST      |  out|    2|       m_axi|                           gmem0|       pointer|
|m_axi_gmem0_AWLOCK       |  out|    2|       m_axi|                           gmem0|       pointer|
|m_axi_gmem0_AWCACHE      |  out|    4|       m_axi|                           gmem0|       pointer|
|m_axi_gmem0_AWPROT       |  out|    3|       m_axi|                           gmem0|       pointer|
|m_axi_gmem0_AWQOS        |  out|    4|       m_axi|                           gmem0|       pointer|
|m_axi_gmem0_AWREGION     |  out|    4|       m_axi|                           gmem0|       pointer|
|m_axi_gmem0_AWUSER       |  out|    1|       m_axi|                           gmem0|       pointer|
|m_axi_gmem0_WVALID       |  out|    1|       m_axi|                           gmem0|       pointer|
|m_axi_gmem0_WREADY       |   in|    1|       m_axi|                           gmem0|       pointer|
|m_axi_gmem0_WDATA        |  out|   32|       m_axi|                           gmem0|       pointer|
|m_axi_gmem0_WSTRB        |  out|    4|       m_axi|                           gmem0|       pointer|
|m_axi_gmem0_WLAST        |  out|    1|       m_axi|                           gmem0|       pointer|
|m_axi_gmem0_WID          |  out|    1|       m_axi|                           gmem0|       pointer|
|m_axi_gmem0_WUSER        |  out|    1|       m_axi|                           gmem0|       pointer|
|m_axi_gmem0_ARVALID      |  out|    1|       m_axi|                           gmem0|       pointer|
|m_axi_gmem0_ARREADY      |   in|    1|       m_axi|                           gmem0|       pointer|
|m_axi_gmem0_ARADDR       |  out|   64|       m_axi|                           gmem0|       pointer|
|m_axi_gmem0_ARID         |  out|    1|       m_axi|                           gmem0|       pointer|
|m_axi_gmem0_ARLEN        |  out|    8|       m_axi|                           gmem0|       pointer|
|m_axi_gmem0_ARSIZE       |  out|    3|       m_axi|                           gmem0|       pointer|
|m_axi_gmem0_ARBURST      |  out|    2|       m_axi|                           gmem0|       pointer|
|m_axi_gmem0_ARLOCK       |  out|    2|       m_axi|                           gmem0|       pointer|
|m_axi_gmem0_ARCACHE      |  out|    4|       m_axi|                           gmem0|       pointer|
|m_axi_gmem0_ARPROT       |  out|    3|       m_axi|                           gmem0|       pointer|
|m_axi_gmem0_ARQOS        |  out|    4|       m_axi|                           gmem0|       pointer|
|m_axi_gmem0_ARREGION     |  out|    4|       m_axi|                           gmem0|       pointer|
|m_axi_gmem0_ARUSER       |  out|    1|       m_axi|                           gmem0|       pointer|
|m_axi_gmem0_RVALID       |   in|    1|       m_axi|                           gmem0|       pointer|
|m_axi_gmem0_RREADY       |  out|    1|       m_axi|                           gmem0|       pointer|
|m_axi_gmem0_RDATA        |   in|   32|       m_axi|                           gmem0|       pointer|
|m_axi_gmem0_RLAST        |   in|    1|       m_axi|                           gmem0|       pointer|
|m_axi_gmem0_RID          |   in|    1|       m_axi|                           gmem0|       pointer|
|m_axi_gmem0_RUSER        |   in|    1|       m_axi|                           gmem0|       pointer|
|m_axi_gmem0_RRESP        |   in|    2|       m_axi|                           gmem0|       pointer|
|m_axi_gmem0_BVALID       |   in|    1|       m_axi|                           gmem0|       pointer|
|m_axi_gmem0_BREADY       |  out|    1|       m_axi|                           gmem0|       pointer|
|m_axi_gmem0_BRESP        |   in|    2|       m_axi|                           gmem0|       pointer|
|m_axi_gmem0_BID          |   in|    1|       m_axi|                           gmem0|       pointer|
|m_axi_gmem0_BUSER        |   in|    1|       m_axi|                           gmem0|       pointer|
|m_axi_gmem1_AWVALID      |  out|    1|       m_axi|                           gmem1|       pointer|
|m_axi_gmem1_AWREADY      |   in|    1|       m_axi|                           gmem1|       pointer|
|m_axi_gmem1_AWADDR       |  out|   64|       m_axi|                           gmem1|       pointer|
|m_axi_gmem1_AWID         |  out|    1|       m_axi|                           gmem1|       pointer|
|m_axi_gmem1_AWLEN        |  out|    8|       m_axi|                           gmem1|       pointer|
|m_axi_gmem1_AWSIZE       |  out|    3|       m_axi|                           gmem1|       pointer|
|m_axi_gmem1_AWBURST      |  out|    2|       m_axi|                           gmem1|       pointer|
|m_axi_gmem1_AWLOCK       |  out|    2|       m_axi|                           gmem1|       pointer|
|m_axi_gmem1_AWCACHE      |  out|    4|       m_axi|                           gmem1|       pointer|
|m_axi_gmem1_AWPROT       |  out|    3|       m_axi|                           gmem1|       pointer|
|m_axi_gmem1_AWQOS        |  out|    4|       m_axi|                           gmem1|       pointer|
|m_axi_gmem1_AWREGION     |  out|    4|       m_axi|                           gmem1|       pointer|
|m_axi_gmem1_AWUSER       |  out|    1|       m_axi|                           gmem1|       pointer|
|m_axi_gmem1_WVALID       |  out|    1|       m_axi|                           gmem1|       pointer|
|m_axi_gmem1_WREADY       |   in|    1|       m_axi|                           gmem1|       pointer|
|m_axi_gmem1_WDATA        |  out|   32|       m_axi|                           gmem1|       pointer|
|m_axi_gmem1_WSTRB        |  out|    4|       m_axi|                           gmem1|       pointer|
|m_axi_gmem1_WLAST        |  out|    1|       m_axi|                           gmem1|       pointer|
|m_axi_gmem1_WID          |  out|    1|       m_axi|                           gmem1|       pointer|
|m_axi_gmem1_WUSER        |  out|    1|       m_axi|                           gmem1|       pointer|
|m_axi_gmem1_ARVALID      |  out|    1|       m_axi|                           gmem1|       pointer|
|m_axi_gmem1_ARREADY      |   in|    1|       m_axi|                           gmem1|       pointer|
|m_axi_gmem1_ARADDR       |  out|   64|       m_axi|                           gmem1|       pointer|
|m_axi_gmem1_ARID         |  out|    1|       m_axi|                           gmem1|       pointer|
|m_axi_gmem1_ARLEN        |  out|    8|       m_axi|                           gmem1|       pointer|
|m_axi_gmem1_ARSIZE       |  out|    3|       m_axi|                           gmem1|       pointer|
|m_axi_gmem1_ARBURST      |  out|    2|       m_axi|                           gmem1|       pointer|
|m_axi_gmem1_ARLOCK       |  out|    2|       m_axi|                           gmem1|       pointer|
|m_axi_gmem1_ARCACHE      |  out|    4|       m_axi|                           gmem1|       pointer|
|m_axi_gmem1_ARPROT       |  out|    3|       m_axi|                           gmem1|       pointer|
|m_axi_gmem1_ARQOS        |  out|    4|       m_axi|                           gmem1|       pointer|
|m_axi_gmem1_ARREGION     |  out|    4|       m_axi|                           gmem1|       pointer|
|m_axi_gmem1_ARUSER       |  out|    1|       m_axi|                           gmem1|       pointer|
|m_axi_gmem1_RVALID       |   in|    1|       m_axi|                           gmem1|       pointer|
|m_axi_gmem1_RREADY       |  out|    1|       m_axi|                           gmem1|       pointer|
|m_axi_gmem1_RDATA        |   in|   32|       m_axi|                           gmem1|       pointer|
|m_axi_gmem1_RLAST        |   in|    1|       m_axi|                           gmem1|       pointer|
|m_axi_gmem1_RID          |   in|    1|       m_axi|                           gmem1|       pointer|
|m_axi_gmem1_RUSER        |   in|    1|       m_axi|                           gmem1|       pointer|
|m_axi_gmem1_RRESP        |   in|    2|       m_axi|                           gmem1|       pointer|
|m_axi_gmem1_BVALID       |   in|    1|       m_axi|                           gmem1|       pointer|
|m_axi_gmem1_BREADY       |  out|    1|       m_axi|                           gmem1|       pointer|
|m_axi_gmem1_BRESP        |   in|    2|       m_axi|                           gmem1|       pointer|
|m_axi_gmem1_BID          |   in|    1|       m_axi|                           gmem1|       pointer|
|m_axi_gmem1_BUSER        |   in|    1|       m_axi|                           gmem1|       pointer|
|m_axi_gmem2_AWVALID      |  out|    1|       m_axi|                           gmem2|       pointer|
|m_axi_gmem2_AWREADY      |   in|    1|       m_axi|                           gmem2|       pointer|
|m_axi_gmem2_AWADDR       |  out|   64|       m_axi|                           gmem2|       pointer|
|m_axi_gmem2_AWID         |  out|    1|       m_axi|                           gmem2|       pointer|
|m_axi_gmem2_AWLEN        |  out|    8|       m_axi|                           gmem2|       pointer|
|m_axi_gmem2_AWSIZE       |  out|    3|       m_axi|                           gmem2|       pointer|
|m_axi_gmem2_AWBURST      |  out|    2|       m_axi|                           gmem2|       pointer|
|m_axi_gmem2_AWLOCK       |  out|    2|       m_axi|                           gmem2|       pointer|
|m_axi_gmem2_AWCACHE      |  out|    4|       m_axi|                           gmem2|       pointer|
|m_axi_gmem2_AWPROT       |  out|    3|       m_axi|                           gmem2|       pointer|
|m_axi_gmem2_AWQOS        |  out|    4|       m_axi|                           gmem2|       pointer|
|m_axi_gmem2_AWREGION     |  out|    4|       m_axi|                           gmem2|       pointer|
|m_axi_gmem2_AWUSER       |  out|    1|       m_axi|                           gmem2|       pointer|
|m_axi_gmem2_WVALID       |  out|    1|       m_axi|                           gmem2|       pointer|
|m_axi_gmem2_WREADY       |   in|    1|       m_axi|                           gmem2|       pointer|
|m_axi_gmem2_WDATA        |  out|   32|       m_axi|                           gmem2|       pointer|
|m_axi_gmem2_WSTRB        |  out|    4|       m_axi|                           gmem2|       pointer|
|m_axi_gmem2_WLAST        |  out|    1|       m_axi|                           gmem2|       pointer|
|m_axi_gmem2_WID          |  out|    1|       m_axi|                           gmem2|       pointer|
|m_axi_gmem2_WUSER        |  out|    1|       m_axi|                           gmem2|       pointer|
|m_axi_gmem2_ARVALID      |  out|    1|       m_axi|                           gmem2|       pointer|
|m_axi_gmem2_ARREADY      |   in|    1|       m_axi|                           gmem2|       pointer|
|m_axi_gmem2_ARADDR       |  out|   64|       m_axi|                           gmem2|       pointer|
|m_axi_gmem2_ARID         |  out|    1|       m_axi|                           gmem2|       pointer|
|m_axi_gmem2_ARLEN        |  out|    8|       m_axi|                           gmem2|       pointer|
|m_axi_gmem2_ARSIZE       |  out|    3|       m_axi|                           gmem2|       pointer|
|m_axi_gmem2_ARBURST      |  out|    2|       m_axi|                           gmem2|       pointer|
|m_axi_gmem2_ARLOCK       |  out|    2|       m_axi|                           gmem2|       pointer|
|m_axi_gmem2_ARCACHE      |  out|    4|       m_axi|                           gmem2|       pointer|
|m_axi_gmem2_ARPROT       |  out|    3|       m_axi|                           gmem2|       pointer|
|m_axi_gmem2_ARQOS        |  out|    4|       m_axi|                           gmem2|       pointer|
|m_axi_gmem2_ARREGION     |  out|    4|       m_axi|                           gmem2|       pointer|
|m_axi_gmem2_ARUSER       |  out|    1|       m_axi|                           gmem2|       pointer|
|m_axi_gmem2_RVALID       |   in|    1|       m_axi|                           gmem2|       pointer|
|m_axi_gmem2_RREADY       |  out|    1|       m_axi|                           gmem2|       pointer|
|m_axi_gmem2_RDATA        |   in|   32|       m_axi|                           gmem2|       pointer|
|m_axi_gmem2_RLAST        |   in|    1|       m_axi|                           gmem2|       pointer|
|m_axi_gmem2_RID          |   in|    1|       m_axi|                           gmem2|       pointer|
|m_axi_gmem2_RUSER        |   in|    1|       m_axi|                           gmem2|       pointer|
|m_axi_gmem2_RRESP        |   in|    2|       m_axi|                           gmem2|       pointer|
|m_axi_gmem2_BVALID       |   in|    1|       m_axi|                           gmem2|       pointer|
|m_axi_gmem2_BREADY       |  out|    1|       m_axi|                           gmem2|       pointer|
|m_axi_gmem2_BRESP        |   in|    2|       m_axi|                           gmem2|       pointer|
|m_axi_gmem2_BID          |   in|    1|       m_axi|                           gmem2|       pointer|
|m_axi_gmem2_BUSER        |   in|    1|       m_axi|                           gmem2|       pointer|
|m_axi_gmem3_AWVALID      |  out|    1|       m_axi|                           gmem3|       pointer|
|m_axi_gmem3_AWREADY      |   in|    1|       m_axi|                           gmem3|       pointer|
|m_axi_gmem3_AWADDR       |  out|   64|       m_axi|                           gmem3|       pointer|
|m_axi_gmem3_AWID         |  out|    1|       m_axi|                           gmem3|       pointer|
|m_axi_gmem3_AWLEN        |  out|    8|       m_axi|                           gmem3|       pointer|
|m_axi_gmem3_AWSIZE       |  out|    3|       m_axi|                           gmem3|       pointer|
|m_axi_gmem3_AWBURST      |  out|    2|       m_axi|                           gmem3|       pointer|
|m_axi_gmem3_AWLOCK       |  out|    2|       m_axi|                           gmem3|       pointer|
|m_axi_gmem3_AWCACHE      |  out|    4|       m_axi|                           gmem3|       pointer|
|m_axi_gmem3_AWPROT       |  out|    3|       m_axi|                           gmem3|       pointer|
|m_axi_gmem3_AWQOS        |  out|    4|       m_axi|                           gmem3|       pointer|
|m_axi_gmem3_AWREGION     |  out|    4|       m_axi|                           gmem3|       pointer|
|m_axi_gmem3_AWUSER       |  out|    1|       m_axi|                           gmem3|       pointer|
|m_axi_gmem3_WVALID       |  out|    1|       m_axi|                           gmem3|       pointer|
|m_axi_gmem3_WREADY       |   in|    1|       m_axi|                           gmem3|       pointer|
|m_axi_gmem3_WDATA        |  out|   64|       m_axi|                           gmem3|       pointer|
|m_axi_gmem3_WSTRB        |  out|    8|       m_axi|                           gmem3|       pointer|
|m_axi_gmem3_WLAST        |  out|    1|       m_axi|                           gmem3|       pointer|
|m_axi_gmem3_WID          |  out|    1|       m_axi|                           gmem3|       pointer|
|m_axi_gmem3_WUSER        |  out|    1|       m_axi|                           gmem3|       pointer|
|m_axi_gmem3_ARVALID      |  out|    1|       m_axi|                           gmem3|       pointer|
|m_axi_gmem3_ARREADY      |   in|    1|       m_axi|                           gmem3|       pointer|
|m_axi_gmem3_ARADDR       |  out|   64|       m_axi|                           gmem3|       pointer|
|m_axi_gmem3_ARID         |  out|    1|       m_axi|                           gmem3|       pointer|
|m_axi_gmem3_ARLEN        |  out|    8|       m_axi|                           gmem3|       pointer|
|m_axi_gmem3_ARSIZE       |  out|    3|       m_axi|                           gmem3|       pointer|
|m_axi_gmem3_ARBURST      |  out|    2|       m_axi|                           gmem3|       pointer|
|m_axi_gmem3_ARLOCK       |  out|    2|       m_axi|                           gmem3|       pointer|
|m_axi_gmem3_ARCACHE      |  out|    4|       m_axi|                           gmem3|       pointer|
|m_axi_gmem3_ARPROT       |  out|    3|       m_axi|                           gmem3|       pointer|
|m_axi_gmem3_ARQOS        |  out|    4|       m_axi|                           gmem3|       pointer|
|m_axi_gmem3_ARREGION     |  out|    4|       m_axi|                           gmem3|       pointer|
|m_axi_gmem3_ARUSER       |  out|    1|       m_axi|                           gmem3|       pointer|
|m_axi_gmem3_RVALID       |   in|    1|       m_axi|                           gmem3|       pointer|
|m_axi_gmem3_RREADY       |  out|    1|       m_axi|                           gmem3|       pointer|
|m_axi_gmem3_RDATA        |   in|   64|       m_axi|                           gmem3|       pointer|
|m_axi_gmem3_RLAST        |   in|    1|       m_axi|                           gmem3|       pointer|
|m_axi_gmem3_RID          |   in|    1|       m_axi|                           gmem3|       pointer|
|m_axi_gmem3_RUSER        |   in|    1|       m_axi|                           gmem3|       pointer|
|m_axi_gmem3_RRESP        |   in|    2|       m_axi|                           gmem3|       pointer|
|m_axi_gmem3_BVALID       |   in|    1|       m_axi|                           gmem3|       pointer|
|m_axi_gmem3_BREADY       |  out|    1|       m_axi|                           gmem3|       pointer|
|m_axi_gmem3_BRESP        |   in|    2|       m_axi|                           gmem3|       pointer|
|m_axi_gmem3_BID          |   in|    1|       m_axi|                           gmem3|       pointer|
|m_axi_gmem3_BUSER        |   in|    1|       m_axi|                           gmem3|       pointer|
|m_axi_gmem4_AWVALID      |  out|    1|       m_axi|                           gmem4|       pointer|
|m_axi_gmem4_AWREADY      |   in|    1|       m_axi|                           gmem4|       pointer|
|m_axi_gmem4_AWADDR       |  out|   64|       m_axi|                           gmem4|       pointer|
|m_axi_gmem4_AWID         |  out|    1|       m_axi|                           gmem4|       pointer|
|m_axi_gmem4_AWLEN        |  out|    8|       m_axi|                           gmem4|       pointer|
|m_axi_gmem4_AWSIZE       |  out|    3|       m_axi|                           gmem4|       pointer|
|m_axi_gmem4_AWBURST      |  out|    2|       m_axi|                           gmem4|       pointer|
|m_axi_gmem4_AWLOCK       |  out|    2|       m_axi|                           gmem4|       pointer|
|m_axi_gmem4_AWCACHE      |  out|    4|       m_axi|                           gmem4|       pointer|
|m_axi_gmem4_AWPROT       |  out|    3|       m_axi|                           gmem4|       pointer|
|m_axi_gmem4_AWQOS        |  out|    4|       m_axi|                           gmem4|       pointer|
|m_axi_gmem4_AWREGION     |  out|    4|       m_axi|                           gmem4|       pointer|
|m_axi_gmem4_AWUSER       |  out|    1|       m_axi|                           gmem4|       pointer|
|m_axi_gmem4_WVALID       |  out|    1|       m_axi|                           gmem4|       pointer|
|m_axi_gmem4_WREADY       |   in|    1|       m_axi|                           gmem4|       pointer|
|m_axi_gmem4_WDATA        |  out|   32|       m_axi|                           gmem4|       pointer|
|m_axi_gmem4_WSTRB        |  out|    4|       m_axi|                           gmem4|       pointer|
|m_axi_gmem4_WLAST        |  out|    1|       m_axi|                           gmem4|       pointer|
|m_axi_gmem4_WID          |  out|    1|       m_axi|                           gmem4|       pointer|
|m_axi_gmem4_WUSER        |  out|    1|       m_axi|                           gmem4|       pointer|
|m_axi_gmem4_ARVALID      |  out|    1|       m_axi|                           gmem4|       pointer|
|m_axi_gmem4_ARREADY      |   in|    1|       m_axi|                           gmem4|       pointer|
|m_axi_gmem4_ARADDR       |  out|   64|       m_axi|                           gmem4|       pointer|
|m_axi_gmem4_ARID         |  out|    1|       m_axi|                           gmem4|       pointer|
|m_axi_gmem4_ARLEN        |  out|    8|       m_axi|                           gmem4|       pointer|
|m_axi_gmem4_ARSIZE       |  out|    3|       m_axi|                           gmem4|       pointer|
|m_axi_gmem4_ARBURST      |  out|    2|       m_axi|                           gmem4|       pointer|
|m_axi_gmem4_ARLOCK       |  out|    2|       m_axi|                           gmem4|       pointer|
|m_axi_gmem4_ARCACHE      |  out|    4|       m_axi|                           gmem4|       pointer|
|m_axi_gmem4_ARPROT       |  out|    3|       m_axi|                           gmem4|       pointer|
|m_axi_gmem4_ARQOS        |  out|    4|       m_axi|                           gmem4|       pointer|
|m_axi_gmem4_ARREGION     |  out|    4|       m_axi|                           gmem4|       pointer|
|m_axi_gmem4_ARUSER       |  out|    1|       m_axi|                           gmem4|       pointer|
|m_axi_gmem4_RVALID       |   in|    1|       m_axi|                           gmem4|       pointer|
|m_axi_gmem4_RREADY       |  out|    1|       m_axi|                           gmem4|       pointer|
|m_axi_gmem4_RDATA        |   in|   32|       m_axi|                           gmem4|       pointer|
|m_axi_gmem4_RLAST        |   in|    1|       m_axi|                           gmem4|       pointer|
|m_axi_gmem4_RID          |   in|    1|       m_axi|                           gmem4|       pointer|
|m_axi_gmem4_RUSER        |   in|    1|       m_axi|                           gmem4|       pointer|
|m_axi_gmem4_RRESP        |   in|    2|       m_axi|                           gmem4|       pointer|
|m_axi_gmem4_BVALID       |   in|    1|       m_axi|                           gmem4|       pointer|
|m_axi_gmem4_BREADY       |  out|    1|       m_axi|                           gmem4|       pointer|
|m_axi_gmem4_BRESP        |   in|    2|       m_axi|                           gmem4|       pointer|
|m_axi_gmem4_BID          |   in|    1|       m_axi|                           gmem4|       pointer|
|m_axi_gmem4_BUSER        |   in|    1|       m_axi|                           gmem4|       pointer|
+-------------------------+-----+-----+------------+--------------------------------+--------------+

============================================================
+ Verbose Summary: Synthesis Manager
============================================================
InlineROM: 1
ExposeGlobal: 0
============================================================
+ Verbose Summary: CDFG Model
============================================================
IsTopModel: 1
ResetActiveHigh: 1
IsCombinational: 2
IsDatapathOnly: 2
HasWiredReturn: 1
HasMFsm: 0
HasVarLatency: 1
IsPipeline: 0
IsRtlPipelined: 0
IsInstanceOverlapped: 0
IsDontTouch: 0
HasImplIP: 0
IsGatedGlobalClock: 0


============================================================
+ Verbose Summary: Schedule
============================================================
* Number of FSM states : 24
* Pipeline : 0
* Dataflow Pipeline: 0

* FSM state transitions: 
1 --> 2 
2 --> 3 
3 --> 4 
4 --> 5 
5 --> 6 
6 --> 7 
7 --> 8 
8 --> 9 
9 --> 10 
10 --> 11 
11 --> 12 
12 --> 13 
13 --> 14 
14 --> 15 17 
15 --> 16 
16 --> 14 
17 --> 18 
18 --> 19 
19 --> 20 
20 --> 21 
21 --> 22 
22 --> 23 
23 --> 24 
24 --> 

* FSM state operations: 

State 1 <SV = 0> <Delay = 1.00>
ST_1 : Operation 25 [1/1] (0.00ns)   --->   "%read_idx = alloca i32 1" [cpp/semgraph_slam/hls/registration_kernel_draft.cpp:139]   --->   Operation 25 'alloca' 'read_idx' <Predicate = true> <Delay = 0.00>
ST_1 : Operation 26 [1/1] (0.00ns)   --->   "%r = alloca i32 1" [cpp/semgraph_slam/hls/registration_kernel_draft.cpp:140]   --->   Operation 26 'alloca' 'r' <Predicate = true> <Delay = 0.00>
ST_1 : Operation 27 [1/1] (0.00ns)   --->   "%indvars_iv165 = alloca i32 1"   --->   Operation 27 'alloca' 'indvars_iv165' <Predicate = true> <Delay = 0.00>
ST_1 : Operation 28 [1/1] (1.00ns)   --->   "%dropped_count_read = read i64 @_ssdm_op_Read.s_axilite.i64, i64 %dropped_count"   --->   Operation 28 'read' 'dropped_count_read' <Predicate = true> <Delay = 1.00> <CoreInst = "s_axilite">   --->   Core 120 's_axilite' <Latency = 0> <II = 1> <Delay = 1.00> <Adapter> <Opcode : 'read' 'write'>
ST_1 : Operation 29 [1/1] (1.00ns)   --->   "%used_count_read = read i64 @_ssdm_op_Read.s_axilite.i64, i64 %used_count"   --->   Operation 29 'read' 'used_count_read' <Predicate = true> <Delay = 1.00> <CoreInst = "s_axilite">   --->   Core 120 's_axilite' <Latency = 0> <II = 1> <Delay = 1.00> <Adapter> <Opcode : 'read' 'write'>
ST_1 : Operation 30 [1/1] (1.00ns)   --->   "%jtr_out_read = read i64 @_ssdm_op_Read.s_axilite.i64, i64 %jtr_out"   --->   Operation 30 'read' 'jtr_out_read' <Predicate = true> <Delay = 1.00> <CoreInst = "s_axilite">   --->   Core 120 's_axilite' <Latency = 0> <II = 1> <Delay = 1.00> <Adapter> <Opcode : 'read' 'write'>
ST_1 : Operation 31 [1/1] (1.00ns)   --->   "%jtj_out_read = read i64 @_ssdm_op_Read.s_axilite.i64, i64 %jtj_out"   --->   Operation 31 'read' 'jtj_out_read' <Predicate = true> <Delay = 1.00> <CoreInst = "s_axilite">   --->   Core 120 's_axilite' <Latency = 0> <II = 1> <Delay = 1.00> <Adapter> <Opcode : 'read' 'write'>
ST_1 : Operation 32 [1/1] (1.00ns)   --->   "%kernel_read = read i32 @_ssdm_op_Read.s_axilite.float, i32 %kernel"   --->   Operation 32 'read' 'kernel_read' <Predicate = true> <Delay = 1.00> <CoreInst = "s_axilite">   --->   Core 120 's_axilite' <Latency = 0> <II = 1> <Delay = 1.00> <Adapter> <Opcode : 'read' 'write'>
ST_1 : Operation 33 [1/1] (1.00ns)   --->   "%correspondence_count_read = read i32 @_ssdm_op_Read.s_axilite.i32, i32 %correspondence_count"   --->   Operation 33 'read' 'correspondence_count_read' <Predicate = true> <Delay = 1.00> <CoreInst = "s_axilite">   --->   Core 120 's_axilite' <Latency = 0> <II = 1> <Delay = 1.00> <Adapter> <Opcode : 'read' 'write'>
ST_1 : Operation 34 [1/1] (1.00ns)   --->   "%labels_read = read i64 @_ssdm_op_Read.s_axilite.i64, i64 %labels"   --->   Operation 34 'read' 'labels_read' <Predicate = true> <Delay = 1.00> <CoreInst = "s_axilite">   --->   Core 120 's_axilite' <Latency = 0> <II = 1> <Delay = 1.00> <Adapter> <Opcode : 'read' 'write'>
ST_1 : Operation 35 [1/1] (1.00ns)   --->   "%tgt_xyz_read = read i64 @_ssdm_op_Read.s_axilite.i64, i64 %tgt_xyz"   --->   Operation 35 'read' 'tgt_xyz_read' <Predicate = true> <Delay = 1.00> <CoreInst = "s_axilite">   --->   Core 120 's_axilite' <Latency = 0> <II = 1> <Delay = 1.00> <Adapter> <Opcode : 'read' 'write'>
ST_1 : Operation 36 [1/1] (1.00ns)   --->   "%src_xyz_read = read i64 @_ssdm_op_Read.s_axilite.i64, i64 %src_xyz"   --->   Operation 36 'read' 'src_xyz_read' <Predicate = true> <Delay = 1.00> <CoreInst = "s_axilite">   --->   Core 120 's_axilite' <Latency = 0> <II = 1> <Delay = 1.00> <Adapter> <Opcode : 'read' 'write'>
ST_1 : Operation 37 [1/1] (0.00ns)   --->   "%p_loc68 = alloca i64 1"   --->   Operation 37 'alloca' 'p_loc68' <Predicate = true> <Delay = 0.00>
ST_1 : Operation 38 [1/1] (0.00ns)   --->   "%p_loc67 = alloca i64 1"   --->   Operation 38 'alloca' 'p_loc67' <Predicate = true> <Delay = 0.00>
ST_1 : Operation 39 [1/1] (0.00ns)   --->   "%p_loc66 = alloca i64 1"   --->   Operation 39 'alloca' 'p_loc66' <Predicate = true> <Delay = 0.00>
ST_1 : Operation 40 [1/1] (0.00ns)   --->   "%p_loc65 = alloca i64 1"   --->   Operation 40 'alloca' 'p_loc65' <Predicate = true> <Delay = 0.00>
ST_1 : Operation 41 [1/1] (0.00ns)   --->   "%p_loc64 = alloca i64 1"   --->   Operation 41 'alloca' 'p_loc64' <Predicate = true> <Delay = 0.00>
ST_1 : Operation 42 [1/1] (0.00ns)   --->   "%p_loc63 = alloca i64 1"   --->   Operation 42 'alloca' 'p_loc63' <Predicate = true> <Delay = 0.00>
ST_1 : Operation 43 [1/1] (0.00ns)   --->   "%p_loc62 = alloca i64 1"   --->   Operation 43 'alloca' 'p_loc62' <Predicate = true> <Delay = 0.00>
ST_1 : Operation 44 [1/1] (0.00ns)   --->   "%p_loc61 = alloca i64 1"   --->   Operation 44 'alloca' 'p_loc61' <Predicate = true> <Delay = 0.00>
ST_1 : Operation 45 [1/1] (0.00ns)   --->   "%p_loc60 = alloca i64 1"   --->   Operation 45 'alloca' 'p_loc60' <Predicate = true> <Delay = 0.00>
ST_1 : Operation 46 [1/1] (0.00ns)   --->   "%p_loc59 = alloca i64 1"   --->   Operation 46 'alloca' 'p_loc59' <Predicate = true> <Delay = 0.00>
ST_1 : Operation 47 [1/1] (0.00ns)   --->   "%p_loc58 = alloca i64 1"   --->   Operation 47 'alloca' 'p_loc58' <Predicate = true> <Delay = 0.00>
ST_1 : Operation 48 [1/1] (0.00ns)   --->   "%p_loc57 = alloca i64 1"   --->   Operation 48 'alloca' 'p_loc57' <Predicate = true> <Delay = 0.00>
ST_1 : Operation 49 [1/1] (0.00ns)   --->   "%p_loc56 = alloca i64 1"   --->   Operation 49 'alloca' 'p_loc56' <Predicate = true> <Delay = 0.00>
ST_1 : Operation 50 [1/1] (0.00ns)   --->   "%p_loc55 = alloca i64 1"   --->   Operation 50 'alloca' 'p_loc55' <Predicate = true> <Delay = 0.00>
ST_1 : Operation 51 [1/1] (0.00ns)   --->   "%p_loc54 = alloca i64 1"   --->   Operation 51 'alloca' 'p_loc54' <Predicate = true> <Delay = 0.00>
ST_1 : Operation 52 [1/1] (0.00ns)   --->   "%p_loc53 = alloca i64 1"   --->   Operation 52 'alloca' 'p_loc53' <Predicate = true> <Delay = 0.00>
ST_1 : Operation 53 [1/1] (0.00ns)   --->   "%p_loc52 = alloca i64 1"   --->   Operation 53 'alloca' 'p_loc52' <Predicate = true> <Delay = 0.00>
ST_1 : Operation 54 [1/1] (0.00ns)   --->   "%p_loc51 = alloca i64 1"   --->   Operation 54 'alloca' 'p_loc51' <Predicate = true> <Delay = 0.00>
ST_1 : Operation 55 [1/1] (0.00ns)   --->   "%p_loc50 = alloca i64 1"   --->   Operation 55 'alloca' 'p_loc50' <Predicate = true> <Delay = 0.00>
ST_1 : Operation 56 [1/1] (0.00ns)   --->   "%p_loc49 = alloca i64 1"   --->   Operation 56 'alloca' 'p_loc49' <Predicate = true> <Delay = 0.00>
ST_1 : Operation 57 [1/1] (0.00ns)   --->   "%p_loc48 = alloca i64 1"   --->   Operation 57 'alloca' 'p_loc48' <Predicate = true> <Delay = 0.00>
ST_1 : Operation 58 [1/1] (0.00ns)   --->   "%p_loc47 = alloca i64 1"   --->   Operation 58 'alloca' 'p_loc47' <Predicate = true> <Delay = 0.00>
ST_1 : Operation 59 [1/1] (0.00ns)   --->   "%p_loc46 = alloca i64 1"   --->   Operation 59 'alloca' 'p_loc46' <Predicate = true> <Delay = 0.00>
ST_1 : Operation 60 [1/1] (0.00ns)   --->   "%p_loc45 = alloca i64 1"   --->   Operation 60 'alloca' 'p_loc45' <Predicate = true> <Delay = 0.00>
ST_1 : Operation 61 [1/1] (0.00ns)   --->   "%p_loc44 = alloca i64 1"   --->   Operation 61 'alloca' 'p_loc44' <Predicate = true> <Delay = 0.00>
ST_1 : Operation 62 [1/1] (0.00ns)   --->   "%p_loc43 = alloca i64 1"   --->   Operation 62 'alloca' 'p_loc43' <Predicate = true> <Delay = 0.00>
ST_1 : Operation 63 [1/1] (0.00ns)   --->   "%p_loc = alloca i64 1"   --->   Operation 63 'alloca' 'p_loc' <Predicate = true> <Delay = 0.00>
ST_1 : Operation 64 [1/1] (0.00ns)   --->   "%trunc_ln26 = trunc i32 %correspondence_count_read" [cpp/semgraph_slam/hls/registration_kernel_draft.cpp:26]   --->   Operation 64 'trunc' 'trunc_ln26' <Predicate = true> <Delay = 0.00>
ST_1 : Operation 65 [1/1] (0.00ns)   --->   "%tmp = bitselect i1 @_ssdm_op_BitSelect.i1.i32.i32, i32 %correspondence_count_read, i32 31" [cpp/semgraph_slam/hls/registration_kernel_draft.cpp:61]   --->   Operation 65 'bitselect' 'tmp' <Predicate = true> <Delay = 0.00>
ST_1 : Operation 66 [1/1] (0.00ns)   --->   "%trunc_ln2 = partselect i62 @_ssdm_op_PartSelect.i62.i64.i32.i32, i64 %used_count_read, i32 2, i32 63" [cpp/semgraph_slam/hls/registration_kernel_draft.cpp:64]   --->   Operation 66 'partselect' 'trunc_ln2' <Predicate = true> <Delay = 0.00>
ST_1 : Operation 67 [1/1] (0.00ns)   --->   "%sext_ln64 = sext i62 %trunc_ln2" [cpp/semgraph_slam/hls/registration_kernel_draft.cpp:64]   --->   Operation 67 'sext' 'sext_ln64' <Predicate = true> <Delay = 0.00>
ST_1 : Operation 68 [1/1] (0.00ns)   --->   "%gmem4_addr = getelementptr i32 %gmem4, i64 %sext_ln64" [cpp/semgraph_slam/hls/registration_kernel_draft.cpp:64]   --->   Operation 68 'getelementptr' 'gmem4_addr' <Predicate = true> <Delay = 0.00>
ST_1 : Operation 69 [1/1] (0.00ns)   --->   "%trunc_ln3 = partselect i62 @_ssdm_op_PartSelect.i62.i64.i32.i32, i64 %dropped_count_read, i32 2, i32 63" [cpp/semgraph_slam/hls/registration_kernel_draft.cpp:65]   --->   Operation 69 'partselect' 'trunc_ln3' <Predicate = true> <Delay = 0.00>
ST_1 : Operation 70 [1/1] (0.00ns)   --->   "%sext_ln65 = sext i62 %trunc_ln3" [cpp/semgraph_slam/hls/registration_kernel_draft.cpp:65]   --->   Operation 70 'sext' 'sext_ln65' <Predicate = true> <Delay = 0.00>
ST_1 : Operation 71 [1/1] (0.00ns)   --->   "%gmem4_addr_1 = getelementptr i32 %gmem4, i64 %sext_ln65" [cpp/semgraph_slam/hls/registration_kernel_draft.cpp:65]   --->   Operation 71 'getelementptr' 'gmem4_addr_1' <Predicate = true> <Delay = 0.00>
ST_1 : Operation 72 [1/1] (0.00ns)   --->   "%trunc_ln4 = partselect i62 @_ssdm_op_PartSelect.i62.i64.i32.i32, i64 %src_xyz_read, i32 2, i32 63" [cpp/semgraph_slam/hls/registration_kernel_draft.cpp:70]   --->   Operation 72 'partselect' 'trunc_ln4' <Predicate = true> <Delay = 0.00>
ST_1 : Operation 73 [1/1] (0.00ns)   --->   "%trunc_ln70_1 = partselect i62 @_ssdm_op_PartSelect.i62.i64.i32.i32, i64 %tgt_xyz_read, i32 2, i32 63" [cpp/semgraph_slam/hls/registration_kernel_draft.cpp:70]   --->   Operation 73 'partselect' 'trunc_ln70_1' <Predicate = true> <Delay = 0.00>
ST_1 : Operation 74 [1/1] (0.00ns)   --->   "%trunc_ln70_2 = partselect i62 @_ssdm_op_PartSelect.i62.i64.i32.i32, i64 %labels_read, i32 2, i32 63" [cpp/semgraph_slam/hls/registration_kernel_draft.cpp:70]   --->   Operation 74 'partselect' 'trunc_ln70_2' <Predicate = true> <Delay = 0.00>
ST_1 : Operation 75 [1/1] (0.38ns)   --->   "%store_ln0 = store i3 6, i3 %indvars_iv165"   --->   Operation 75 'store' 'store_ln0' <Predicate = true> <Delay = 0.38>
ST_1 : Operation 76 [1/1] (0.38ns)   --->   "%store_ln140 = store i3 0, i3 %r" [cpp/semgraph_slam/hls/registration_kernel_draft.cpp:140]   --->   Operation 76 'store' 'store_ln140' <Predicate = true> <Delay = 0.38>
ST_1 : Operation 77 [1/1] (0.38ns)   --->   "%store_ln139 = store i6 0, i6 %read_idx" [cpp/semgraph_slam/hls/registration_kernel_draft.cpp:139]   --->   Operation 77 'store' 'store_ln139' <Predicate = true> <Delay = 0.38>

State 2 <SV = 1> <Delay = 2.92>
ST_2 : Operation 78 [1/1] (0.25ns)   --->   "%requested = select i1 %tmp, i31 0, i31 %trunc_ln26" [cpp/semgraph_slam/hls/registration_kernel_draft.cpp:61]   --->   Operation 78 'select' 'requested' <Predicate = true> <Delay = 0.25> <CoreInst = "Sel">   --->   Core 73 'Sel' <Latency = 0> <II = 1> <Delay = 0.25> <FuncUnit> <Opcode : 'select'> <InPorts = 3> <OutPorts = 1>
ST_2 : Operation 79 [1/1] (0.00ns)   --->   "%trunc_ln61 = trunc i31 %requested" [cpp/semgraph_slam/hls/registration_kernel_draft.cpp:61]   --->   Operation 79 'trunc' 'trunc_ln61' <Predicate = true> <Delay = 0.00>
ST_2 : Operation 80 [1/1] (0.87ns)   --->   "%icmp_ln200 = icmp_ugt  i31 %requested, i31 16384" [/opt/Xilinx/Vitis_HLS/2024.1/tps/lnx64/gcc-8.3.0/lib/gcc/x86_64-pc-linux-gnu/8.3.0/../../../../include/c++/8.3.0/bits/stl_algobase.h:200->cpp/semgraph_slam/hls/registration_kernel_draft.cpp:62]   --->   Operation 80 'icmp' 'icmp_ln200' <Predicate = true> <Delay = 0.87> <CoreInst = "Cmp">   --->   Core 9 'Cmp' <Latency = 0> <II = 1> <Delay = 0.87> <FuncUnit> <Opcode : 'seteq' 'setne' 'setle' 'setge' 'setlt' 'setgt'> <InPorts = 2> <OutPorts = 1>
ST_2 : Operation 81 [1/1] (0.29ns)   --->   "%bounded_count = select i1 %icmp_ln200, i15 16384, i15 %trunc_ln61" [cpp/semgraph_slam/hls/registration_kernel_draft.cpp:62]   --->   Operation 81 'select' 'bounded_count' <Predicate = true> <Delay = 0.29> <CoreInst = "Sel">   --->   Core 73 'Sel' <Latency = 0> <II = 1> <Delay = 0.24> <FuncUnit> <Opcode : 'select'> <InPorts = 3> <OutPorts = 1>
ST_2 : Operation 82 [1/1] (2.92ns)   --->   "%gmem4_addr_req = writereq i1 @_ssdm_op_WriteReq.m_axi.i32P1A, i64 %gmem4_addr, i64 1" [cpp/semgraph_slam/hls/registration_kernel_draft.cpp:64]   --->   Operation 82 'writereq' 'gmem4_addr_req' <Predicate = true> <Delay = 2.92> <CoreInst = "m_axi">   --->   Core 119 'm_axi' <Latency = 0> <II = 1> <Delay = 1.00> <Adapter> <Opcode : 'read' 'write' 'readreq' 'writereq' 'writeresp'>
ST_2 : Operation 83 [1/1] (0.77ns)   --->   "%icmp_ln70 = icmp_ne  i15 %bounded_count, i15 0" [cpp/semgraph_slam/hls/registration_kernel_draft.cpp:70]   --->   Operation 83 'icmp' 'icmp_ln70' <Predicate = true> <Delay = 0.77> <CoreInst = "Cmp">   --->   Core 9 'Cmp' <Latency = 0> <II = 1> <Delay = 0.77> <FuncUnit> <Opcode : 'seteq' 'setne' 'setle' 'setge' 'setlt' 'setgt'> <InPorts = 2> <OutPorts = 1>
ST_2 : Operation 84 [1/1] (0.00ns)   --->   "%zext_ln70 = zext i15 %bounded_count" [cpp/semgraph_slam/hls/registration_kernel_draft.cpp:70]   --->   Operation 84 'zext' 'zext_ln70' <Predicate = true> <Delay = 0.00>
ST_2 : Operation 85 [1/1] (0.00ns)   --->   "%trunc_ln70 = trunc i15 %bounded_count" [cpp/semgraph_slam/hls/registration_kernel_draft.cpp:70]   --->   Operation 85 'trunc' 'trunc_ln70' <Predicate = true> <Delay = 0.00>
ST_2 : Operation 86 [1/1] (0.00ns)   --->   "%p_shl = bitconcatenate i16 @_ssdm_op_BitConcatenate.i16.i14.i2, i14 %trunc_ln70, i2 0" [cpp/semgraph_slam/hls/registration_kernel_draft.cpp:70]   --->   Operation 86 'bitconcatenate' 'p_shl' <Predicate = true> <Delay = 0.00>
ST_2 : Operation 87 [1/1] (0.78ns)   --->   "%sub_ln70_1 = sub i16 %p_shl, i16 %zext_ln70" [cpp/semgraph_slam/hls/registration_kernel_draft.cpp:70]   --->   Operation 87 'sub' 'sub_ln70_1' <Predicate = true> <Delay = 0.78> <CoreInst = "Adder">   --->   Core 1 'Adder' <Latency = 0> <II = 1> <Delay = 0.78> <FuncUnit> <Opcode : 'add' 'sub'> <InPorts = 2> <OutPorts = 1>
ST_2 : Operation 88 [1/1] (0.24ns)   --->   "%empty = select i1 %icmp_ln70, i16 %sub_ln70_1, i16 0" [cpp/semgraph_slam/hls/registration_kernel_draft.cpp:70]   --->   Operation 88 'select' 'empty' <Predicate = true> <Delay = 0.24> <CoreInst = "Sel">   --->   Core 73 'Sel' <Latency = 0> <II = 1> <Delay = 0.24> <FuncUnit> <Opcode : 'select'> <InPorts = 3> <OutPorts = 1>

State 3 <SV = 2> <Delay = 2.92>
ST_3 : Operation 89 [1/1] (0.00ns)   --->   "%zext_ln61 = zext i31 %requested" [cpp/semgraph_slam/hls/registration_kernel_draft.cpp:61]   --->   Operation 89 'zext' 'zext_ln61' <Predicate = true> <Delay = 0.00>
ST_3 : Operation 90 [1/1] (0.00ns)   --->   "%zext_ln62 = zext i15 %bounded_count" [cpp/semgraph_slam/hls/registration_kernel_draft.cpp:62]   --->   Operation 90 'zext' 'zext_ln62' <Predicate = true> <Delay = 0.00>
ST_3 : Operation 91 [1/1] (2.92ns)   --->   "%write_ln64 = write void @_ssdm_op_Write.m_axi.i32P1A, i64 %gmem4_addr, i32 %zext_ln62, i4 15" [cpp/semgraph_slam/hls/registration_kernel_draft.cpp:64]   --->   Operation 91 'write' 'write_ln64' <Predicate = true> <Delay = 2.92> <CoreInst = "m_axi">   --->   Core 119 'm_axi' <Latency = 0> <II = 1> <Delay = 1.00> <Adapter> <Opcode : 'read' 'write' 'readreq' 'writereq' 'writeresp'>
ST_3 : Operation 92 [1/1] (0.87ns)   --->   "%sub_ln65 = sub i32 %zext_ln61, i32 %zext_ln62" [cpp/semgraph_slam/hls/registration_kernel_draft.cpp:65]   --->   Operation 92 'sub' 'sub_ln65' <Predicate = true> <Delay = 0.87> <CoreInst = "Adder">   --->   Core 1 'Adder' <Latency = 0> <II = 1> <Delay = 0.88> <FuncUnit> <Opcode : 'add' 'sub'> <InPorts = 2> <OutPorts = 1>
ST_3 : Operation 93 [1/1] (0.00ns)   --->   "%sext_ln70 = sext i62 %trunc_ln4" [cpp/semgraph_slam/hls/registration_kernel_draft.cpp:70]   --->   Operation 93 'sext' 'sext_ln70' <Predicate = true> <Delay = 0.00>
ST_3 : Operation 94 [1/1] (0.00ns)   --->   "%gmem0_addr = getelementptr i32 %gmem0, i64 %sext_ln70" [cpp/semgraph_slam/hls/registration_kernel_draft.cpp:70]   --->   Operation 94 'getelementptr' 'gmem0_addr' <Predicate = true> <Delay = 0.00>
ST_3 : Operation 95 [1/1] (0.00ns)   --->   "%zext_ln70_1 = zext i16 %empty" [cpp/semgraph_slam/hls/registration_kernel_draft.cpp:70]   --->   Operation 95 'zext' 'zext_ln70_1' <Predicate = true> <Delay = 0.00>
ST_3 : Operation 96 [8/8] (2.92ns)   --->   "%empty_57 = readreq i1 @_ssdm_op_ReadReq.m_axi.p1i32, i64 %gmem0_addr, i64 %zext_ln70_1" [cpp/semgraph_slam/hls/registration_kernel_draft.cpp:70]   --->   Operation 96 'readreq' 'empty_57' <Predicate = true> <Delay = 2.92> <CoreInst = "m_axi">   --->   Core 119 'm_axi' <Latency = 0> <II = 1> <Delay = 1.00> <Adapter> <Opcode : 'read' 'write' 'readreq' 'writereq' 'writeresp'>
ST_3 : Operation 97 [1/1] (0.00ns)   --->   "%sext_ln70_1 = sext i62 %trunc_ln70_1" [cpp/semgraph_slam/hls/registration_kernel_draft.cpp:70]   --->   Operation 97 'sext' 'sext_ln70_1' <Predicate = true> <Delay = 0.00>
ST_3 : Operation 98 [1/1] (0.00ns)   --->   "%gmem1_addr = getelementptr i32 %gmem1, i64 %sext_ln70_1" [cpp/semgraph_slam/hls/registration_kernel_draft.cpp:70]   --->   Operation 98 'getelementptr' 'gmem1_addr' <Predicate = true> <Delay = 0.00>
ST_3 : Operation 99 [8/8] (2.92ns)   --->   "%empty_58 = readreq i1 @_ssdm_op_ReadReq.m_axi.p1i32, i64 %gmem1_addr, i64 %zext_ln70_1" [cpp/semgraph_slam/hls/registration_kernel_draft.cpp:70]   --->   Operation 99 'readreq' 'empty_58' <Predicate = true> <Delay = 2.92> <CoreInst = "m_axi">   --->   Core 119 'm_axi' <Latency = 0> <II = 1> <Delay = 1.00> <Adapter> <Opcode : 'read' 'write' 'readreq' 'writereq' 'writeresp'>
ST_3 : Operation 100 [1/1] (0.00ns)   --->   "%sext_ln70_2 = sext i62 %trunc_ln70_2" [cpp/semgraph_slam/hls/registration_kernel_draft.cpp:70]   --->   Operation 100 'sext' 'sext_ln70_2' <Predicate = true> <Delay = 0.00>
ST_3 : Operation 101 [1/1] (0.00ns)   --->   "%gmem2_addr = getelementptr i32 %gmem2, i64 %sext_ln70_2" [cpp/semgraph_slam/hls/registration_kernel_draft.cpp:70]   --->   Operation 101 'getelementptr' 'gmem2_addr' <Predicate = true> <Delay = 0.00>
ST_3 : Operation 102 [1/1] (0.00ns)   --->   "%zext_ln70_2 = zext i15 %bounded_count" [cpp/semgraph_slam/hls/registration_kernel_draft.cpp:70]   --->   Operation 102 'zext' 'zext_ln70_2' <Predicate = true> <Delay = 0.00>
ST_3 : Operation 103 [8/8] (2.92ns)   --->   "%empty_59 = readreq i1 @_ssdm_op_ReadReq.m_axi.p1i32, i64 %gmem2_addr, i64 %zext_ln70_2" [cpp/semgraph_slam/hls/registration_kernel_draft.cpp:70]   --->   Operation 103 'readreq' 'empty_59' <Predicate = true> <Delay = 2.92> <CoreInst = "m_axi">   --->   Core 119 'm_axi' <Latency = 0> <II = 1> <Delay = 1.00> <Adapter> <Opcode : 'read' 'write' 'readreq' 'writereq' 'writeresp'>

State 4 <SV = 3> <Delay = 2.92>
ST_4 : Operation 104 [5/5] (2.92ns)   --->   "%gmem4_addr_resp = writeresp i1 @_ssdm_op_WriteResp.m_axi.i32P1A, i64 %gmem4_addr" [cpp/semgraph_slam/hls/registration_kernel_draft.cpp:64]   --->   Operation 104 'writeresp' 'gmem4_addr_resp' <Predicate = true> <Delay = 2.92> <CoreInst = "m_axi">   --->   Core 119 'm_axi' <Latency = 0> <II = 1> <Delay = 1.00> <Adapter> <Opcode : 'read' 'write' 'readreq' 'writereq' 'writeresp'>
ST_4 : Operation 105 [1/1] (2.92ns)   --->   "%gmem4_addr_1_req = writereq i1 @_ssdm_op_WriteReq.m_axi.i32P1A, i64 %gmem4_addr_1, i64 1" [cpp/semgraph_slam/hls/registration_kernel_draft.cpp:65]   --->   Operation 105 'writereq' 'gmem4_addr_1_req' <Predicate = true> <Delay = 2.92> <CoreInst = "m_axi">   --->   Core 119 'm_axi' <Latency = 0> <II = 1> <Delay = 1.00> <Adapter> <Opcode : 'read' 'write' 'readreq' 'writereq' 'writeresp'>
ST_4 : Operation 106 [7/8] (2.92ns)   --->   "%empty_57 = readreq i1 @_ssdm_op_ReadReq.m_axi.p1i32, i64 %gmem0_addr, i64 %zext_ln70_1" [cpp/semgraph_slam/hls/registration_kernel_draft.cpp:70]   --->   Operation 106 'readreq' 'empty_57' <Predicate = true> <Delay = 2.92> <CoreInst = "m_axi">   --->   Core 119 'm_axi' <Latency = 0> <II = 1> <Delay = 1.00> <Adapter> <Opcode : 'read' 'write' 'readreq' 'writereq' 'writeresp'>
ST_4 : Operation 107 [7/8] (2.92ns)   --->   "%empty_58 = readreq i1 @_ssdm_op_ReadReq.m_axi.p1i32, i64 %gmem1_addr, i64 %zext_ln70_1" [cpp/semgraph_slam/hls/registration_kernel_draft.cpp:70]   --->   Operation 107 'readreq' 'empty_58' <Predicate = true> <Delay = 2.92> <CoreInst = "m_axi">   --->   Core 119 'm_axi' <Latency = 0> <II = 1> <Delay = 1.00> <Adapter> <Opcode : 'read' 'write' 'readreq' 'writereq' 'writeresp'>
ST_4 : Operation 108 [7/8] (2.92ns)   --->   "%empty_59 = readreq i1 @_ssdm_op_ReadReq.m_axi.p1i32, i64 %gmem2_addr, i64 %zext_ln70_2" [cpp/semgraph_slam/hls/registration_kernel_draft.cpp:70]   --->   Operation 108 'readreq' 'empty_59' <Predicate = true> <Delay = 2.92> <CoreInst = "m_axi">   --->   Core 119 'm_axi' <Latency = 0> <II = 1> <Delay = 1.00> <Adapter> <Opcode : 'read' 'write' 'readreq' 'writereq' 'writeresp'>

State 5 <SV = 4> <Delay = 2.92>
ST_5 : Operation 109 [4/5] (2.92ns)   --->   "%gmem4_addr_resp = writeresp i1 @_ssdm_op_WriteResp.m_axi.i32P1A, i64 %gmem4_addr" [cpp/semgraph_slam/hls/registration_kernel_draft.cpp:64]   --->   Operation 109 'writeresp' 'gmem4_addr_resp' <Predicate = true> <Delay = 2.92> <CoreInst = "m_axi">   --->   Core 119 'm_axi' <Latency = 0> <II = 1> <Delay = 1.00> <Adapter> <Opcode : 'read' 'write' 'readreq' 'writereq' 'writeresp'>
ST_5 : Operation 110 [1/1] (2.92ns)   --->   "%write_ln65 = write void @_ssdm_op_Write.m_axi.i32P1A, i64 %gmem4_addr_1, i32 %sub_ln65, i4 15" [cpp/semgraph_slam/hls/registration_kernel_draft.cpp:65]   --->   Operation 110 'write' 'write_ln65' <Predicate = true> <Delay = 2.92> <CoreInst = "m_axi">   --->   Core 119 'm_axi' <Latency = 0> <II = 1> <Delay = 1.00> <Adapter> <Opcode : 'read' 'write' 'readreq' 'writereq' 'writeresp'>
ST_5 : Operation 111 [6/8] (2.92ns)   --->   "%empty_57 = readreq i1 @_ssdm_op_ReadReq.m_axi.p1i32, i64 %gmem0_addr, i64 %zext_ln70_1" [cpp/semgraph_slam/hls/registration_kernel_draft.cpp:70]   --->   Operation 111 'readreq' 'empty_57' <Predicate = true> <Delay = 2.92> <CoreInst = "m_axi">   --->   Core 119 'm_axi' <Latency = 0> <II = 1> <Delay = 1.00> <Adapter> <Opcode : 'read' 'write' 'readreq' 'writereq' 'writeresp'>
ST_5 : Operation 112 [6/8] (2.92ns)   --->   "%empty_58 = readreq i1 @_ssdm_op_ReadReq.m_axi.p1i32, i64 %gmem1_addr, i64 %zext_ln70_1" [cpp/semgraph_slam/hls/registration_kernel_draft.cpp:70]   --->   Operation 112 'readreq' 'empty_58' <Predicate = true> <Delay = 2.92> <CoreInst = "m_axi">   --->   Core 119 'm_axi' <Latency = 0> <II = 1> <Delay = 1.00> <Adapter> <Opcode : 'read' 'write' 'readreq' 'writereq' 'writeresp'>
ST_5 : Operation 113 [6/8] (2.92ns)   --->   "%empty_59 = readreq i1 @_ssdm_op_ReadReq.m_axi.p1i32, i64 %gmem2_addr, i64 %zext_ln70_2" [cpp/semgraph_slam/hls/registration_kernel_draft.cpp:70]   --->   Operation 113 'readreq' 'empty_59' <Predicate = true> <Delay = 2.92> <CoreInst = "m_axi">   --->   Core 119 'm_axi' <Latency = 0> <II = 1> <Delay = 1.00> <Adapter> <Opcode : 'read' 'write' 'readreq' 'writereq' 'writeresp'>

State 6 <SV = 5> <Delay = 2.92>
ST_6 : Operation 114 [3/5] (2.92ns)   --->   "%gmem4_addr_resp = writeresp i1 @_ssdm_op_WriteResp.m_axi.i32P1A, i64 %gmem4_addr" [cpp/semgraph_slam/hls/registration_kernel_draft.cpp:64]   --->   Operation 114 'writeresp' 'gmem4_addr_resp' <Predicate = true> <Delay = 2.92> <CoreInst = "m_axi">   --->   Core 119 'm_axi' <Latency = 0> <II = 1> <Delay = 1.00> <Adapter> <Opcode : 'read' 'write' 'readreq' 'writereq' 'writeresp'>
ST_6 : Operation 115 [5/5] (2.92ns)   --->   "%gmem4_addr_1_resp = writeresp i1 @_ssdm_op_WriteResp.m_axi.i32P1A, i64 %gmem4_addr_1" [cpp/semgraph_slam/hls/registration_kernel_draft.cpp:65]   --->   Operation 115 'writeresp' 'gmem4_addr_1_resp' <Predicate = true> <Delay = 2.92> <CoreInst = "m_axi">   --->   Core 119 'm_axi' <Latency = 0> <II = 1> <Delay = 1.00> <Adapter> <Opcode : 'read' 'write' 'readreq' 'writereq' 'writeresp'>
ST_6 : Operation 116 [5/8] (2.92ns)   --->   "%empty_57 = readreq i1 @_ssdm_op_ReadReq.m_axi.p1i32, i64 %gmem0_addr, i64 %zext_ln70_1" [cpp/semgraph_slam/hls/registration_kernel_draft.cpp:70]   --->   Operation 116 'readreq' 'empty_57' <Predicate = true> <Delay = 2.92> <CoreInst = "m_axi">   --->   Core 119 'm_axi' <Latency = 0> <II = 1> <Delay = 1.00> <Adapter> <Opcode : 'read' 'write' 'readreq' 'writereq' 'writeresp'>
ST_6 : Operation 117 [5/8] (2.92ns)   --->   "%empty_58 = readreq i1 @_ssdm_op_ReadReq.m_axi.p1i32, i64 %gmem1_addr, i64 %zext_ln70_1" [cpp/semgraph_slam/hls/registration_kernel_draft.cpp:70]   --->   Operation 117 'readreq' 'empty_58' <Predicate = true> <Delay = 2.92> <CoreInst = "m_axi">   --->   Core 119 'm_axi' <Latency = 0> <II = 1> <Delay = 1.00> <Adapter> <Opcode : 'read' 'write' 'readreq' 'writereq' 'writeresp'>
ST_6 : Operation 118 [5/8] (2.92ns)   --->   "%empty_59 = readreq i1 @_ssdm_op_ReadReq.m_axi.p1i32, i64 %gmem2_addr, i64 %zext_ln70_2" [cpp/semgraph_slam/hls/registration_kernel_draft.cpp:70]   --->   Operation 118 'readreq' 'empty_59' <Predicate = true> <Delay = 2.92> <CoreInst = "m_axi">   --->   Core 119 'm_axi' <Latency = 0> <II = 1> <Delay = 1.00> <Adapter> <Opcode : 'read' 'write' 'readreq' 'writereq' 'writeresp'>

State 7 <SV = 6> <Delay = 2.92>
ST_7 : Operation 119 [2/5] (2.92ns)   --->   "%gmem4_addr_resp = writeresp i1 @_ssdm_op_WriteResp.m_axi.i32P1A, i64 %gmem4_addr" [cpp/semgraph_slam/hls/registration_kernel_draft.cpp:64]   --->   Operation 119 'writeresp' 'gmem4_addr_resp' <Predicate = true> <Delay = 2.92> <CoreInst = "m_axi">   --->   Core 119 'm_axi' <Latency = 0> <II = 1> <Delay = 1.00> <Adapter> <Opcode : 'read' 'write' 'readreq' 'writereq' 'writeresp'>
ST_7 : Operation 120 [4/5] (2.92ns)   --->   "%gmem4_addr_1_resp = writeresp i1 @_ssdm_op_WriteResp.m_axi.i32P1A, i64 %gmem4_addr_1" [cpp/semgraph_slam/hls/registration_kernel_draft.cpp:65]   --->   Operation 120 'writeresp' 'gmem4_addr_1_resp' <Predicate = true> <Delay = 2.92> <CoreInst = "m_axi">   --->   Core 119 'm_axi' <Latency = 0> <II = 1> <Delay = 1.00> <Adapter> <Opcode : 'read' 'write' 'readreq' 'writereq' 'writeresp'>
ST_7 : Operation 121 [4/4] (2.32ns)   --->   "%kernel_sq = fmul i32 %kernel_read, i32 %kernel_read" [cpp/semgraph_slam/hls/registration_kernel_draft.cpp:14->cpp/semgraph_slam/hls/registration_kernel_draft.cpp:67]   --->   Operation 121 'fmul' 'kernel_sq' <Predicate = true> <Delay = 2.32> <CoreInst = "FMul_maxdsp">   --->   Core 30 'FMul_maxdsp' <Latency = 3> <II = 1> <Delay = 2.32> <FuncUnit> <Opcode : 'fmul'> <InPorts = 2> <OutPorts = 1>
ST_7 : Operation 122 [4/8] (2.92ns)   --->   "%empty_57 = readreq i1 @_ssdm_op_ReadReq.m_axi.p1i32, i64 %gmem0_addr, i64 %zext_ln70_1" [cpp/semgraph_slam/hls/registration_kernel_draft.cpp:70]   --->   Operation 122 'readreq' 'empty_57' <Predicate = true> <Delay = 2.92> <CoreInst = "m_axi">   --->   Core 119 'm_axi' <Latency = 0> <II = 1> <Delay = 1.00> <Adapter> <Opcode : 'read' 'write' 'readreq' 'writereq' 'writeresp'>
ST_7 : Operation 123 [4/8] (2.92ns)   --->   "%empty_58 = readreq i1 @_ssdm_op_ReadReq.m_axi.p1i32, i64 %gmem1_addr, i64 %zext_ln70_1" [cpp/semgraph_slam/hls/registration_kernel_draft.cpp:70]   --->   Operation 123 'readreq' 'empty_58' <Predicate = true> <Delay = 2.92> <CoreInst = "m_axi">   --->   Core 119 'm_axi' <Latency = 0> <II = 1> <Delay = 1.00> <Adapter> <Opcode : 'read' 'write' 'readreq' 'writereq' 'writeresp'>
ST_7 : Operation 124 [4/8] (2.92ns)   --->   "%empty_59 = readreq i1 @_ssdm_op_ReadReq.m_axi.p1i32, i64 %gmem2_addr, i64 %zext_ln70_2" [cpp/semgraph_slam/hls/registration_kernel_draft.cpp:70]   --->   Operation 124 'readreq' 'empty_59' <Predicate = true> <Delay = 2.92> <CoreInst = "m_axi">   --->   Core 119 'm_axi' <Latency = 0> <II = 1> <Delay = 1.00> <Adapter> <Opcode : 'read' 'write' 'readreq' 'writereq' 'writeresp'>

State 8 <SV = 7> <Delay = 2.92>
ST_8 : Operation 125 [1/5] (2.92ns)   --->   "%gmem4_addr_resp = writeresp i1 @_ssdm_op_WriteResp.m_axi.i32P1A, i64 %gmem4_addr" [cpp/semgraph_slam/hls/registration_kernel_draft.cpp:64]   --->   Operation 125 'writeresp' 'gmem4_addr_resp' <Predicate = true> <Delay = 2.92> <CoreInst = "m_axi">   --->   Core 119 'm_axi' <Latency = 0> <II = 1> <Delay = 1.00> <Adapter> <Opcode : 'read' 'write' 'readreq' 'writereq' 'writeresp'>
ST_8 : Operation 126 [3/5] (2.92ns)   --->   "%gmem4_addr_1_resp = writeresp i1 @_ssdm_op_WriteResp.m_axi.i32P1A, i64 %gmem4_addr_1" [cpp/semgraph_slam/hls/registration_kernel_draft.cpp:65]   --->   Operation 126 'writeresp' 'gmem4_addr_1_resp' <Predicate = true> <Delay = 2.92> <CoreInst = "m_axi">   --->   Core 119 'm_axi' <Latency = 0> <II = 1> <Delay = 1.00> <Adapter> <Opcode : 'read' 'write' 'readreq' 'writereq' 'writeresp'>
ST_8 : Operation 127 [3/4] (2.32ns)   --->   "%kernel_sq = fmul i32 %kernel_read, i32 %kernel_read" [cpp/semgraph_slam/hls/registration_kernel_draft.cpp:14->cpp/semgraph_slam/hls/registration_kernel_draft.cpp:67]   --->   Operation 127 'fmul' 'kernel_sq' <Predicate = true> <Delay = 2.32> <CoreInst = "FMul_maxdsp">   --->   Core 30 'FMul_maxdsp' <Latency = 3> <II = 1> <Delay = 2.32> <FuncUnit> <Opcode : 'fmul'> <InPorts = 2> <OutPorts = 1>
ST_8 : Operation 128 [3/8] (2.92ns)   --->   "%empty_57 = readreq i1 @_ssdm_op_ReadReq.m_axi.p1i32, i64 %gmem0_addr, i64 %zext_ln70_1" [cpp/semgraph_slam/hls/registration_kernel_draft.cpp:70]   --->   Operation 128 'readreq' 'empty_57' <Predicate = true> <Delay = 2.92> <CoreInst = "m_axi">   --->   Core 119 'm_axi' <Latency = 0> <II = 1> <Delay = 1.00> <Adapter> <Opcode : 'read' 'write' 'readreq' 'writereq' 'writeresp'>
ST_8 : Operation 129 [3/8] (2.92ns)   --->   "%empty_58 = readreq i1 @_ssdm_op_ReadReq.m_axi.p1i32, i64 %gmem1_addr, i64 %zext_ln70_1" [cpp/semgraph_slam/hls/registration_kernel_draft.cpp:70]   --->   Operation 129 'readreq' 'empty_58' <Predicate = true> <Delay = 2.92> <CoreInst = "m_axi">   --->   Core 119 'm_axi' <Latency = 0> <II = 1> <Delay = 1.00> <Adapter> <Opcode : 'read' 'write' 'readreq' 'writereq' 'writeresp'>
ST_8 : Operation 130 [3/8] (2.92ns)   --->   "%empty_59 = readreq i1 @_ssdm_op_ReadReq.m_axi.p1i32, i64 %gmem2_addr, i64 %zext_ln70_2" [cpp/semgraph_slam/hls/registration_kernel_draft.cpp:70]   --->   Operation 130 'readreq' 'empty_59' <Predicate = true> <Delay = 2.92> <CoreInst = "m_axi">   --->   Core 119 'm_axi' <Latency = 0> <II = 1> <Delay = 1.00> <Adapter> <Opcode : 'read' 'write' 'readreq' 'writereq' 'writeresp'>

State 9 <SV = 8> <Delay = 2.92>
ST_9 : Operation 131 [2/5] (2.92ns)   --->   "%gmem4_addr_1_resp = writeresp i1 @_ssdm_op_WriteResp.m_axi.i32P1A, i64 %gmem4_addr_1" [cpp/semgraph_slam/hls/registration_kernel_draft.cpp:65]   --->   Operation 131 'writeresp' 'gmem4_addr_1_resp' <Predicate = true> <Delay = 2.92> <CoreInst = "m_axi">   --->   Core 119 'm_axi' <Latency = 0> <II = 1> <Delay = 1.00> <Adapter> <Opcode : 'read' 'write' 'readreq' 'writereq' 'writeresp'>
ST_9 : Operation 132 [2/4] (2.32ns)   --->   "%kernel_sq = fmul i32 %kernel_read, i32 %kernel_read" [cpp/semgraph_slam/hls/registration_kernel_draft.cpp:14->cpp/semgraph_slam/hls/registration_kernel_draft.cpp:67]   --->   Operation 132 'fmul' 'kernel_sq' <Predicate = true> <Delay = 2.32> <CoreInst = "FMul_maxdsp">   --->   Core 30 'FMul_maxdsp' <Latency = 3> <II = 1> <Delay = 2.32> <FuncUnit> <Opcode : 'fmul'> <InPorts = 2> <OutPorts = 1>
ST_9 : Operation 133 [2/8] (2.92ns)   --->   "%empty_57 = readreq i1 @_ssdm_op_ReadReq.m_axi.p1i32, i64 %gmem0_addr, i64 %zext_ln70_1" [cpp/semgraph_slam/hls/registration_kernel_draft.cpp:70]   --->   Operation 133 'readreq' 'empty_57' <Predicate = true> <Delay = 2.92> <CoreInst = "m_axi">   --->   Core 119 'm_axi' <Latency = 0> <II = 1> <Delay = 1.00> <Adapter> <Opcode : 'read' 'write' 'readreq' 'writereq' 'writeresp'>
ST_9 : Operation 134 [2/8] (2.92ns)   --->   "%empty_58 = readreq i1 @_ssdm_op_ReadReq.m_axi.p1i32, i64 %gmem1_addr, i64 %zext_ln70_1" [cpp/semgraph_slam/hls/registration_kernel_draft.cpp:70]   --->   Operation 134 'readreq' 'empty_58' <Predicate = true> <Delay = 2.92> <CoreInst = "m_axi">   --->   Core 119 'm_axi' <Latency = 0> <II = 1> <Delay = 1.00> <Adapter> <Opcode : 'read' 'write' 'readreq' 'writereq' 'writeresp'>
ST_9 : Operation 135 [2/8] (2.92ns)   --->   "%empty_59 = readreq i1 @_ssdm_op_ReadReq.m_axi.p1i32, i64 %gmem2_addr, i64 %zext_ln70_2" [cpp/semgraph_slam/hls/registration_kernel_draft.cpp:70]   --->   Operation 135 'readreq' 'empty_59' <Predicate = true> <Delay = 2.92> <CoreInst = "m_axi">   --->   Core 119 'm_axi' <Latency = 0> <II = 1> <Delay = 1.00> <Adapter> <Opcode : 'read' 'write' 'readreq' 'writereq' 'writeresp'>

State 10 <SV = 9> <Delay = 2.92>
ST_10 : Operation 136 [1/5] (2.92ns)   --->   "%gmem4_addr_1_resp = writeresp i1 @_ssdm_op_WriteResp.m_axi.i32P1A, i64 %gmem4_addr_1" [cpp/semgraph_slam/hls/registration_kernel_draft.cpp:65]   --->   Operation 136 'writeresp' 'gmem4_addr_1_resp' <Predicate = true> <Delay = 2.92> <CoreInst = "m_axi">   --->   Core 119 'm_axi' <Latency = 0> <II = 1> <Delay = 1.00> <Adapter> <Opcode : 'read' 'write' 'readreq' 'writereq' 'writeresp'>
ST_10 : Operation 137 [1/4] (2.32ns)   --->   "%kernel_sq = fmul i32 %kernel_read, i32 %kernel_read" [cpp/semgraph_slam/hls/registration_kernel_draft.cpp:14->cpp/semgraph_slam/hls/registration_kernel_draft.cpp:67]   --->   Operation 137 'fmul' 'kernel_sq' <Predicate = true> <Delay = 2.32> <CoreInst = "FMul_maxdsp">   --->   Core 30 'FMul_maxdsp' <Latency = 3> <II = 1> <Delay = 2.32> <FuncUnit> <Opcode : 'fmul'> <InPorts = 2> <OutPorts = 1>
ST_10 : Operation 138 [1/8] (2.92ns)   --->   "%empty_57 = readreq i1 @_ssdm_op_ReadReq.m_axi.p1i32, i64 %gmem0_addr, i64 %zext_ln70_1" [cpp/semgraph_slam/hls/registration_kernel_draft.cpp:70]   --->   Operation 138 'readreq' 'empty_57' <Predicate = true> <Delay = 2.92> <CoreInst = "m_axi">   --->   Core 119 'm_axi' <Latency = 0> <II = 1> <Delay = 1.00> <Adapter> <Opcode : 'read' 'write' 'readreq' 'writereq' 'writeresp'>
ST_10 : Operation 139 [1/8] (2.92ns)   --->   "%empty_58 = readreq i1 @_ssdm_op_ReadReq.m_axi.p1i32, i64 %gmem1_addr, i64 %zext_ln70_1" [cpp/semgraph_slam/hls/registration_kernel_draft.cpp:70]   --->   Operation 139 'readreq' 'empty_58' <Predicate = true> <Delay = 2.92> <CoreInst = "m_axi">   --->   Core 119 'm_axi' <Latency = 0> <II = 1> <Delay = 1.00> <Adapter> <Opcode : 'read' 'write' 'readreq' 'writereq' 'writeresp'>
ST_10 : Operation 140 [1/8] (2.92ns)   --->   "%empty_59 = readreq i1 @_ssdm_op_ReadReq.m_axi.p1i32, i64 %gmem2_addr, i64 %zext_ln70_2" [cpp/semgraph_slam/hls/registration_kernel_draft.cpp:70]   --->   Operation 140 'readreq' 'empty_59' <Predicate = true> <Delay = 2.92> <CoreInst = "m_axi">   --->   Core 119 'm_axi' <Latency = 0> <II = 1> <Delay = 1.00> <Adapter> <Opcode : 'read' 'write' 'readreq' 'writereq' 'writeresp'>

State 11 <SV = 10> <Delay = 2.86>
ST_11 : Operation 141 [1/1] (0.88ns)   --->   "%empty_60 = icmp_sgt  i32 %correspondence_count_read, i32 0"   --->   Operation 141 'icmp' 'empty_60' <Predicate = true> <Delay = 0.88> <CoreInst = "Cmp">   --->   Core 9 'Cmp' <Latency = 0> <II = 1> <Delay = 0.88> <FuncUnit> <Opcode : 'seteq' 'setne' 'setle' 'setge' 'setlt' 'setgt'> <InPorts = 2> <OutPorts = 1>
ST_11 : Operation 142 [1/1] (0.00ns) (grouped into LUT with out node select_ln70)   --->   "%xor_ln70 = xor i32 %correspondence_count_read, i32 4294967295" [cpp/semgraph_slam/hls/registration_kernel_draft.cpp:70]   --->   Operation 142 'xor' 'xor_ln70' <Predicate = true> <Delay = 0.00> <CoreInst = "LogicGate">   --->   Core 74 'LogicGate' <Latency = 0> <II = 1> <Delay = 0.21> <FuncUnit> <Opcode : 'and' 'or' 'xor'> <InPorts = 2> <OutPorts = 1>
ST_11 : Operation 143 [1/1] (0.22ns) (out node of the LUT)   --->   "%select_ln70 = select i1 %empty_60, i32 %xor_ln70, i32 4294967295" [cpp/semgraph_slam/hls/registration_kernel_draft.cpp:70]   --->   Operation 143 'select' 'select_ln70' <Predicate = true> <Delay = 0.22> <CoreInst = "Sel">   --->   Core 73 'Sel' <Latency = 0> <II = 1> <Delay = 0.22> <FuncUnit> <Opcode : 'select'> <InPorts = 3> <OutPorts = 1>
ST_11 : Operation 144 [1/1] (0.88ns)   --->   "%empty_61 = icmp_sgt  i32 %select_ln70, i32 4294950911" [cpp/semgraph_slam/hls/registration_kernel_draft.cpp:70]   --->   Operation 144 'icmp' 'empty_61' <Predicate = true> <Delay = 0.88> <CoreInst = "Cmp">   --->   Core 9 'Cmp' <Latency = 0> <II = 1> <Delay = 0.88> <FuncUnit> <Opcode : 'seteq' 'setne' 'setle' 'setge' 'setlt' 'setgt'> <InPorts = 2> <OutPorts = 1>
ST_11 : Operation 145 [1/1] (0.88ns)   --->   "%sub_ln70 = sub i32 0, i32 %select_ln70" [cpp/semgraph_slam/hls/registration_kernel_draft.cpp:70]   --->   Operation 145 'sub' 'sub_ln70' <Predicate = true> <Delay = 0.88> <CoreInst = "Adder">   --->   Core 1 'Adder' <Latency = 0> <II = 1> <Delay = 0.88> <FuncUnit> <Opcode : 'add' 'sub'> <InPorts = 2> <OutPorts = 1>
ST_11 : Operation 146 [1/1] (0.00ns) (grouped into LUT with out node add_ln70)   --->   "%select_ln70_1 = select i1 %empty_61, i32 %sub_ln70, i32 16385" [cpp/semgraph_slam/hls/registration_kernel_draft.cpp:70]   --->   Operation 146 'select' 'select_ln70_1' <Predicate = true> <Delay = 0.00> <CoreInst = "Sel">   --->   Core 73 'Sel' <Latency = 0> <II = 1> <Delay = 0.22> <FuncUnit> <Opcode : 'select'> <InPorts = 3> <OutPorts = 1>
ST_11 : Operation 147 [1/1] (0.00ns) (grouped into LUT with out node add_ln70)   --->   "%zext_ln70_3 = zext i32 %select_ln70_1" [cpp/semgraph_slam/hls/registration_kernel_draft.cpp:70]   --->   Operation 147 'zext' 'zext_ln70_3' <Predicate = true> <Delay = 0.00>
ST_11 : Operation 148 [1/1] (0.88ns) (out node of the LUT)   --->   "%add_ln70 = add i33 %zext_ln70_3, i33 8589934591" [cpp/semgraph_slam/hls/registration_kernel_draft.cpp:70]   --->   Operation 148 'add' 'add_ln70' <Predicate = true> <Delay = 0.88> <CoreInst = "Adder">   --->   Core 1 'Adder' <Latency = 0> <II = 1> <Delay = 0.89> <FuncUnit> <Opcode : 'add' 'sub'> <InPorts = 2> <OutPorts = 1>
ST_11 : Operation 149 [2/2] (0.00ns)   --->   "%call_ln70 = call void @registration_accumulate_kernel_Pipeline_VITIS_LOOP_70_3, i32 %gmem2, i32 %gmem1, i32 %gmem0, i33 %add_ln70, i62 %trunc_ln4, i62 %trunc_ln70_1, i62 %trunc_ln70_2, i32 %kernel_sq, i64 %p_loc, i64 %p_loc43, i64 %p_loc44, i64 %p_loc45, i64 %p_loc46, i64 %p_loc47, i64 %p_loc48, i64 %p_loc49, i64 %p_loc50, i64 %p_loc51, i64 %p_loc52, i64 %p_loc53, i64 %p_loc54, i64 %p_loc55, i64 %p_loc56, i64 %p_loc57, i64 %p_loc58, i64 %p_loc59, i64 %p_loc60, i64 %p_loc61, i64 %p_loc62, i64 %p_loc63, i64 %p_loc64, i64 %p_loc65, i64 %p_loc66, i64 %p_loc67, i64 %p_loc68" [cpp/semgraph_slam/hls/registration_kernel_draft.cpp:70]   --->   Operation 149 'call' 'call_ln70' <Predicate = true> <Delay = 0.00> <CoreType = "Generic">   --->   Core 0 '' <Latency = 0> <II = 1> <Delay = 1.00> <Generic> <Opcode : >

State 12 <SV = 11> <Delay = 0.00>
ST_12 : Operation 150 [1/2] (0.00ns)   --->   "%call_ln70 = call void @registration_accumulate_kernel_Pipeline_VITIS_LOOP_70_3, i32 %gmem2, i32 %gmem1, i32 %gmem0, i33 %add_ln70, i62 %trunc_ln4, i62 %trunc_ln70_1, i62 %trunc_ln70_2, i32 %kernel_sq, i64 %p_loc, i64 %p_loc43, i64 %p_loc44, i64 %p_loc45, i64 %p_loc46, i64 %p_loc47, i64 %p_loc48, i64 %p_loc49, i64 %p_loc50, i64 %p_loc51, i64 %p_loc52, i64 %p_loc53, i64 %p_loc54, i64 %p_loc55, i64 %p_loc56, i64 %p_loc57, i64 %p_loc58, i64 %p_loc59, i64 %p_loc60, i64 %p_loc61, i64 %p_loc62, i64 %p_loc63, i64 %p_loc64, i64 %p_loc65, i64 %p_loc66, i64 %p_loc67, i64 %p_loc68" [cpp/semgraph_slam/hls/registration_kernel_draft.cpp:70]   --->   Operation 150 'call' 'call_ln70' <Predicate = true> <Delay = 0.00> <CoreType = "Generic">   --->   Core 0 '' <Latency = 0> <II = 1> <Delay = 1.00> <Generic> <Opcode : >

State 13 <SV = 12> <Delay = 0.00>
ST_13 : Operation 151 [1/1] (0.00ns)   --->   "%spectopmodule_ln26 = spectopmodule void @_ssdm_op_SpecTopModule, void @empty_21" [cpp/semgraph_slam/hls/registration_kernel_draft.cpp:26]   --->   Operation 151 'spectopmodule' 'spectopmodule_ln26' <Predicate = true> <Delay = 0.00>
ST_13 : Operation 152 [1/1] (0.00ns)   --->   "%specinterface_ln0 = specinterface void @_ssdm_op_SpecInterface, i32 %gmem0, void @empty, i32 0, i32 0, void @empty_0, i32 0, i32 0, void @empty_1, void @empty_2, void @empty_0, i32 16, i32 16, i32 16, i32 16, void @empty_0, void @empty_0, i32 4294967295, i32 0, i32 0"   --->   Operation 152 'specinterface' 'specinterface_ln0' <Predicate = true> <Delay = 0.00>
ST_13 : Operation 153 [1/1] (0.00ns)   --->   "%specbitsmap_ln0 = specbitsmap void @_ssdm_op_SpecBitsMap, i32 %gmem0"   --->   Operation 153 'specbitsmap' 'specbitsmap_ln0' <Predicate = true> <Delay = 0.00>
ST_13 : Operation 154 [1/1] (0.00ns)   --->   "%specinterface_ln0 = specinterface void @_ssdm_op_SpecInterface, i32 %gmem1, void @empty, i32 0, i32 0, void @empty_0, i32 0, i32 0, void @empty_3, void @empty_2, void @empty_0, i32 16, i32 16, i32 16, i32 16, void @empty_0, void @empty_0, i32 4294967295, i32 0, i32 0"   --->   Operation 154 'specinterface' 'specinterface_ln0' <Predicate = true> <Delay = 0.00>
ST_13 : Operation 155 [1/1] (0.00ns)   --->   "%specbitsmap_ln0 = specbitsmap void @_ssdm_op_SpecBitsMap, i32 %gmem1"   --->   Operation 155 'specbitsmap' 'specbitsmap_ln0' <Predicate = true> <Delay = 0.00>
ST_13 : Operation 156 [1/1] (0.00ns)   --->   "%specinterface_ln0 = specinterface void @_ssdm_op_SpecInterface, i32 %gmem2, void @empty, i32 0, i32 0, void @empty_0, i32 0, i32 0, void @empty_4, void @empty_2, void @empty_0, i32 16, i32 16, i32 16, i32 16, void @empty_0, void @empty_0, i32 4294967295, i32 0, i32 0"   --->   Operation 156 'specinterface' 'specinterface_ln0' <Predicate = true> <Delay = 0.00>
ST_13 : Operation 157 [1/1] (0.00ns)   --->   "%specbitsmap_ln0 = specbitsmap void @_ssdm_op_SpecBitsMap, i32 %gmem2"   --->   Operation 157 'specbitsmap' 'specbitsmap_ln0' <Predicate = true> <Delay = 0.00>
ST_13 : Operation 158 [1/1] (0.00ns)   --->   "%specinterface_ln0 = specinterface void @_ssdm_op_SpecInterface, i64 %gmem3, void @empty, i32 0, i32 0, void @empty_0, i32 0, i32 0, void @empty_6, void @empty_2, void @empty_0, i32 16, i32 16, i32 16, i32 16, void @empty_0, void @empty_0, i32 4294967295, i32 0, i32 0"   --->   Operation 158 'specinterface' 'specinterface_ln0' <Predicate = true> <Delay = 0.00>
ST_13 : Operation 159 [1/1] (0.00ns)   --->   "%specbitsmap_ln0 = specbitsmap void @_ssdm_op_SpecBitsMap, i64 %gmem3"   --->   Operation 159 'specbitsmap' 'specbitsmap_ln0' <Predicate = true> <Delay = 0.00>
ST_13 : Operation 160 [1/1] (0.00ns)   --->   "%specinterface_ln0 = specinterface void @_ssdm_op_SpecInterface, i32 %gmem4, void @empty, i32 0, i32 0, void @empty_0, i32 0, i32 0, void @empty_18, void @empty_2, void @empty_0, i32 16, i32 16, i32 16, i32 16, void @empty_0, void @empty_0, i32 4294967295, i32 0, i32 0"   --->   Operation 160 'specinterface' 'specinterface_ln0' <Predicate = true> <Delay = 0.00>
ST_13 : Operation 161 [1/1] (0.00ns)   --->   "%specbitsmap_ln0 = specbitsmap void @_ssdm_op_SpecBitsMap, i32 %gmem4"   --->   Operation 161 'specbitsmap' 'specbitsmap_ln0' <Predicate = true> <Delay = 0.00>
ST_13 : Operation 162 [1/1] (0.00ns)   --->   "%specinterface_ln0 = specinterface void @_ssdm_op_SpecInterface, i64 %src_xyz, void @empty_7, i32 0, i32 0, void @empty_0, i32 0, i32 0, void @empty_8, void @empty_9, void @empty_0, i32 0, i32 0, i32 0, i32 0, void @empty_0, void @empty_10, i32 4294967295, i32 0, i32 0"   --->   Operation 162 'specinterface' 'specinterface_ln0' <Predicate = true> <Delay = 0.00>
ST_13 : Operation 163 [1/1] (0.00ns)   --->   "%specinterface_ln0 = specinterface void @_ssdm_op_SpecInterface, i64 %src_xyz, void @empty_11, i32 0, i32 0, void @empty_0, i32 0, i32 0, void @empty_0, void @empty_0, void @empty_0, i32 0, i32 0, i32 0, i32 0, void @empty_0, void @empty_10, i32 4294967295, i32 0, i32 0"   --->   Operation 163 'specinterface' 'specinterface_ln0' <Predicate = true> <Delay = 0.00>
ST_13 : Operation 164 [1/1] (0.00ns)   --->   "%specinterface_ln0 = specinterface void @_ssdm_op_SpecInterface, i64 %tgt_xyz, void @empty_7, i32 0, i32 0, void @empty_0, i32 0, i32 0, void @empty_8, void @empty_12, void @empty_0, i32 0, i32 0, i32 0, i32 0, void @empty_0, void @empty_10, i32 4294967295, i32 0, i32 0"   --->   Operation 164 'specinterface' 'specinterface_ln0' <Predicate = true> <Delay = 0.00>
ST_13 : Operation 165 [1/1] (0.00ns)   --->   "%specinterface_ln0 = specinterface void @_ssdm_op_SpecInterface, i64 %tgt_xyz, void @empty_11, i32 0, i32 0, void @empty_0, i32 0, i32 0, void @empty_0, void @empty_0, void @empty_0, i32 0, i32 0, i32 0, i32 0, void @empty_0, void @empty_10, i32 4294967295, i32 0, i32 0"   --->   Operation 165 'specinterface' 'specinterface_ln0' <Predicate = true> <Delay = 0.00>
ST_13 : Operation 166 [1/1] (0.00ns)   --->   "%specinterface_ln0 = specinterface void @_ssdm_op_SpecInterface, i64 %labels, void @empty_7, i32 0, i32 0, void @empty_0, i32 0, i32 0, void @empty_8, void @empty_13, void @empty_0, i32 0, i32 0, i32 0, i32 0, void @empty_0, void @empty_10, i32 4294967295, i32 0, i32 0"   --->   Operation 166 'specinterface' 'specinterface_ln0' <Predicate = true> <Delay = 0.00>
ST_13 : Operation 167 [1/1] (0.00ns)   --->   "%specinterface_ln0 = specinterface void @_ssdm_op_SpecInterface, i64 %labels, void @empty_11, i32 0, i32 0, void @empty_0, i32 0, i32 0, void @empty_0, void @empty_0, void @empty_0, i32 0, i32 0, i32 0, i32 0, void @empty_0, void @empty_10, i32 4294967295, i32 0, i32 0"   --->   Operation 167 'specinterface' 'specinterface_ln0' <Predicate = true> <Delay = 0.00>
ST_13 : Operation 168 [1/1] (0.00ns)   --->   "%specbitsmap_ln0 = specbitsmap void @_ssdm_op_SpecBitsMap, i32 %correspondence_count"   --->   Operation 168 'specbitsmap' 'specbitsmap_ln0' <Predicate = true> <Delay = 0.00>
ST_13 : Operation 169 [1/1] (0.00ns)   --->   "%specinterface_ln0 = specinterface void @_ssdm_op_SpecInterface, i32 %correspondence_count, void @empty_7, i32 4294967295, i32 4294967295, void @empty_14, i32 0, i32 0, void @empty_15, void @empty_9, void @empty_0, i32 0, i32 0, i32 0, i32 0, void @empty_0, void @empty_0, i32 4294967295, i32 0, i32 0"   --->   Operation 169 'specinterface' 'specinterface_ln0' <Predicate = true> <Delay = 0.00>
ST_13 : Operation 170 [1/1] (0.00ns)   --->   "%specinterface_ln0 = specinterface void @_ssdm_op_SpecInterface, i32 %correspondence_count, void @empty_11, i32 4294967295, i32 4294967295, void @empty_0, i32 0, i32 0, void @empty_0, void @empty_0, void @empty_0, i32 0, i32 0, i32 0, i32 0, void @empty_0, void @empty_0, i32 4294967295, i32 0, i32 0"   --->   Operation 170 'specinterface' 'specinterface_ln0' <Predicate = true> <Delay = 0.00>
ST_13 : Operation 171 [1/1] (0.00ns)   --->   "%specbitsmap_ln0 = specbitsmap void @_ssdm_op_SpecBitsMap, i32 %kernel"   --->   Operation 171 'specbitsmap' 'specbitsmap_ln0' <Predicate = true> <Delay = 0.00>
ST_13 : Operation 172 [1/1] (0.00ns)   --->   "%specinterface_ln0 = specinterface void @_ssdm_op_SpecInterface, i32 %kernel, void @empty_7, i32 4294967295, i32 4294967295, void @empty_14, i32 0, i32 0, void @empty_15, void @empty_16, void @empty_0, i32 0, i32 0, i32 0, i32 0, void @empty_0, void @empty_0, i32 4294967295, i32 0, i32 0"   --->   Operation 172 'specinterface' 'specinterface_ln0' <Predicate = true> <Delay = 0.00>
ST_13 : Operation 173 [1/1] (0.00ns)   --->   "%specinterface_ln0 = specinterface void @_ssdm_op_SpecInterface, i32 %kernel, void @empty_11, i32 4294967295, i32 4294967295, void @empty_0, i32 0, i32 0, void @empty_0, void @empty_0, void @empty_0, i32 0, i32 0, i32 0, i32 0, void @empty_0, void @empty_0, i32 4294967295, i32 0, i32 0"   --->   Operation 173 'specinterface' 'specinterface_ln0' <Predicate = true> <Delay = 0.00>
ST_13 : Operation 174 [1/1] (0.00ns)   --->   "%specinterface_ln0 = specinterface void @_ssdm_op_SpecInterface, i64 %jtj_out, void @empty_7, i32 0, i32 0, void @empty_0, i32 0, i32 0, void @empty_8, void @empty_17, void @empty_0, i32 0, i32 0, i32 0, i32 0, void @empty_0, void @empty_10, i32 4294967295, i32 0, i32 0"   --->   Operation 174 'specinterface' 'specinterface_ln0' <Predicate = true> <Delay = 0.00>
ST_13 : Operation 175 [1/1] (0.00ns)   --->   "%specinterface_ln0 = specinterface void @_ssdm_op_SpecInterface, i64 %jtj_out, void @empty_11, i32 0, i32 0, void @empty_0, i32 0, i32 0, void @empty_0, void @empty_0, void @empty_0, i32 0, i32 0, i32 0, i32 0, void @empty_0, void @empty_10, i32 4294967295, i32 0, i32 0"   --->   Operation 175 'specinterface' 'specinterface_ln0' <Predicate = true> <Delay = 0.00>
ST_13 : Operation 176 [1/1] (0.00ns)   --->   "%specinterface_ln0 = specinterface void @_ssdm_op_SpecInterface, i64 %jtr_out, void @empty_7, i32 0, i32 0, void @empty_0, i32 0, i32 0, void @empty_8, void @empty_19, void @empty_0, i32 0, i32 0, i32 0, i32 0, void @empty_0, void @empty_10, i32 4294967295, i32 0, i32 0"   --->   Operation 176 'specinterface' 'specinterface_ln0' <Predicate = true> <Delay = 0.00>
ST_13 : Operation 177 [1/1] (0.00ns)   --->   "%specinterface_ln0 = specinterface void @_ssdm_op_SpecInterface, i64 %jtr_out, void @empty_11, i32 0, i32 0, void @empty_0, i32 0, i32 0, void @empty_0, void @empty_0, void @empty_0, i32 0, i32 0, i32 0, i32 0, void @empty_0, void @empty_10, i32 4294967295, i32 0, i32 0"   --->   Operation 177 'specinterface' 'specinterface_ln0' <Predicate = true> <Delay = 0.00>
ST_13 : Operation 178 [1/1] (0.00ns)   --->   "%specinterface_ln0 = specinterface void @_ssdm_op_SpecInterface, i64 %used_count, void @empty_7, i32 0, i32 0, void @empty_0, i32 0, i32 0, void @empty_8, void @empty_5, void @empty_0, i32 0, i32 0, i32 0, i32 0, void @empty_0, void @empty_10, i32 4294967295, i32 0, i32 0"   --->   Operation 178 'specinterface' 'specinterface_ln0' <Predicate = true> <Delay = 0.00>
ST_13 : Operation 179 [1/1] (0.00ns)   --->   "%specinterface_ln0 = specinterface void @_ssdm_op_SpecInterface, i64 %used_count, void @empty_11, i32 0, i32 0, void @empty_0, i32 0, i32 0, void @empty_0, void @empty_0, void @empty_0, i32 0, i32 0, i32 0, i32 0, void @empty_0, void @empty_10, i32 4294967295, i32 0, i32 0"   --->   Operation 179 'specinterface' 'specinterface_ln0' <Predicate = true> <Delay = 0.00>
ST_13 : Operation 180 [1/1] (0.00ns)   --->   "%specinterface_ln0 = specinterface void @_ssdm_op_SpecInterface, i64 %dropped_count, void @empty_7, i32 0, i32 0, void @empty_0, i32 0, i32 0, void @empty_8, void @empty_20, void @empty_0, i32 0, i32 0, i32 0, i32 0, void @empty_0, void @empty_10, i32 4294967295, i32 0, i32 0"   --->   Operation 180 'specinterface' 'specinterface_ln0' <Predicate = true> <Delay = 0.00>
ST_13 : Operation 181 [1/1] (0.00ns)   --->   "%specinterface_ln0 = specinterface void @_ssdm_op_SpecInterface, i64 %dropped_count, void @empty_11, i32 0, i32 0, void @empty_0, i32 0, i32 0, void @empty_0, void @empty_0, void @empty_0, i32 0, i32 0, i32 0, i32 0, void @empty_0, void @empty_10, i32 4294967295, i32 0, i32 0"   --->   Operation 181 'specinterface' 'specinterface_ln0' <Predicate = true> <Delay = 0.00>
ST_13 : Operation 182 [1/1] (0.00ns)   --->   "%specinterface_ln0 = specinterface void @_ssdm_op_SpecInterface, i32 0, void @empty_7, i32 0, i32 0, void @empty_0, i32 0, i32 0, void @empty_15, void @empty_0, void @empty_0, i32 0, i32 0, i32 0, i32 0, void @empty_0, void @empty_0, i32 4294967295, i32 0, i32 0"   --->   Operation 182 'specinterface' 'specinterface_ln0' <Predicate = true> <Delay = 0.00>
ST_13 : Operation 183 [1/1] (0.00ns)   --->   "%p_loc_load = load i64 %p_loc"   --->   Operation 183 'load' 'p_loc_load' <Predicate = true> <Delay = 0.00>
ST_13 : Operation 184 [1/1] (0.00ns)   --->   "%p_loc43_load = load i64 %p_loc43"   --->   Operation 184 'load' 'p_loc43_load' <Predicate = true> <Delay = 0.00>
ST_13 : Operation 185 [1/1] (0.00ns)   --->   "%p_loc44_load = load i64 %p_loc44"   --->   Operation 185 'load' 'p_loc44_load' <Predicate = true> <Delay = 0.00>
ST_13 : Operation 186 [1/1] (0.00ns)   --->   "%p_loc45_load = load i64 %p_loc45"   --->   Operation 186 'load' 'p_loc45_load' <Predicate = true> <Delay = 0.00>
ST_13 : Operation 187 [1/1] (0.00ns)   --->   "%p_loc46_load = load i64 %p_loc46"   --->   Operation 187 'load' 'p_loc46_load' <Predicate = true> <Delay = 0.00>
ST_13 : Operation 188 [1/1] (0.00ns)   --->   "%p_loc47_load = load i64 %p_loc47"   --->   Operation 188 'load' 'p_loc47_load' <Predicate = true> <Delay = 0.00>
ST_13 : Operation 189 [1/1] (0.00ns)   --->   "%p_loc48_load = load i64 %p_loc48"   --->   Operation 189 'load' 'p_loc48_load' <Predicate = true> <Delay = 0.00>
ST_13 : Operation 190 [1/1] (0.00ns)   --->   "%p_loc49_load = load i64 %p_loc49"   --->   Operation 190 'load' 'p_loc49_load' <Predicate = true> <Delay = 0.00>
ST_13 : Operation 191 [1/1] (0.00ns)   --->   "%p_loc50_load = load i64 %p_loc50"   --->   Operation 191 'load' 'p_loc50_load' <Predicate = true> <Delay = 0.00>
ST_13 : Operation 192 [1/1] (0.00ns)   --->   "%p_loc51_load = load i64 %p_loc51"   --->   Operation 192 'load' 'p_loc51_load' <Predicate = true> <Delay = 0.00>
ST_13 : Operation 193 [1/1] (0.00ns)   --->   "%p_loc52_load = load i64 %p_loc52"   --->   Operation 193 'load' 'p_loc52_load' <Predicate = true> <Delay = 0.00>
ST_13 : Operation 194 [1/1] (0.00ns)   --->   "%p_loc53_load = load i64 %p_loc53"   --->   Operation 194 'load' 'p_loc53_load' <Predicate = true> <Delay = 0.00>
ST_13 : Operation 195 [1/1] (0.00ns)   --->   "%p_loc54_load = load i64 %p_loc54"   --->   Operation 195 'load' 'p_loc54_load' <Predicate = true> <Delay = 0.00>
ST_13 : Operation 196 [1/1] (0.00ns)   --->   "%p_loc55_load = load i64 %p_loc55"   --->   Operation 196 'load' 'p_loc55_load' <Predicate = true> <Delay = 0.00>
ST_13 : Operation 197 [1/1] (0.00ns)   --->   "%p_loc56_load = load i64 %p_loc56"   --->   Operation 197 'load' 'p_loc56_load' <Predicate = true> <Delay = 0.00>
ST_13 : Operation 198 [1/1] (0.00ns)   --->   "%p_loc57_load = load i64 %p_loc57"   --->   Operation 198 'load' 'p_loc57_load' <Predicate = true> <Delay = 0.00>
ST_13 : Operation 199 [1/1] (0.00ns)   --->   "%p_loc58_load = load i64 %p_loc58"   --->   Operation 199 'load' 'p_loc58_load' <Predicate = true> <Delay = 0.00>
ST_13 : Operation 200 [1/1] (0.00ns)   --->   "%p_loc59_load = load i64 %p_loc59"   --->   Operation 200 'load' 'p_loc59_load' <Predicate = true> <Delay = 0.00>
ST_13 : Operation 201 [1/1] (0.00ns)   --->   "%p_loc60_load = load i64 %p_loc60"   --->   Operation 201 'load' 'p_loc60_load' <Predicate = true> <Delay = 0.00>
ST_13 : Operation 202 [1/1] (0.00ns)   --->   "%p_loc61_load = load i64 %p_loc61"   --->   Operation 202 'load' 'p_loc61_load' <Predicate = true> <Delay = 0.00>
ST_13 : Operation 203 [1/1] (0.00ns)   --->   "%p_loc62_load = load i64 %p_loc62"   --->   Operation 203 'load' 'p_loc62_load' <Predicate = true> <Delay = 0.00>
ST_13 : Operation 204 [1/1] (0.00ns)   --->   "%p_loc63_load = load i64 %p_loc63"   --->   Operation 204 'load' 'p_loc63_load' <Predicate = true> <Delay = 0.00>
ST_13 : Operation 205 [1/1] (0.00ns)   --->   "%p_loc64_load = load i64 %p_loc64"   --->   Operation 205 'load' 'p_loc64_load' <Predicate = true> <Delay = 0.00>
ST_13 : Operation 206 [1/1] (0.00ns)   --->   "%p_loc65_load = load i64 %p_loc65"   --->   Operation 206 'load' 'p_loc65_load' <Predicate = true> <Delay = 0.00>
ST_13 : Operation 207 [1/1] (0.00ns)   --->   "%p_loc66_load = load i64 %p_loc66"   --->   Operation 207 'load' 'p_loc66_load' <Predicate = true> <Delay = 0.00>
ST_13 : Operation 208 [1/1] (0.00ns)   --->   "%p_loc67_load = load i64 %p_loc67"   --->   Operation 208 'load' 'p_loc67_load' <Predicate = true> <Delay = 0.00>
ST_13 : Operation 209 [1/1] (0.00ns)   --->   "%p_loc68_load = load i64 %p_loc68"   --->   Operation 209 'load' 'p_loc68_load' <Predicate = true> <Delay = 0.00>
ST_13 : Operation 210 [1/1] (0.00ns)   --->   "%br_ln140 = br void %VITIS_LOOP_141_10" [cpp/semgraph_slam/hls/registration_kernel_draft.cpp:140]   --->   Operation 210 'br' 'br_ln140' <Predicate = true> <Delay = 0.00>

State 14 <SV = 13> <Delay = 0.95>
ST_14 : Operation 211 [1/1] (0.00ns)   --->   "%c = load i3 %r" [cpp/semgraph_slam/hls/registration_kernel_draft.cpp:140]   --->   Operation 211 'load' 'c' <Predicate = true> <Delay = 0.00>
ST_14 : Operation 212 [1/1] (0.57ns)   --->   "%icmp_ln140 = icmp_eq  i3 %c, i3 6" [cpp/semgraph_slam/hls/registration_kernel_draft.cpp:140]   --->   Operation 212 'icmp' 'icmp_ln140' <Predicate = true> <Delay = 0.57> <CoreInst = "Cmp">   --->   Core 9 'Cmp' <Latency = 0> <II = 1> <Delay = 0.57> <FuncUnit> <Opcode : 'seteq' 'setne' 'setle' 'setge' 'setlt' 'setgt'> <InPorts = 2> <OutPorts = 1>
ST_14 : Operation 213 [1/1] (0.57ns)   --->   "%add_ln140_1 = add i3 %c, i3 1" [cpp/semgraph_slam/hls/registration_kernel_draft.cpp:140]   --->   Operation 213 'add' 'add_ln140_1' <Predicate = true> <Delay = 0.57> <CoreInst = "Adder">   --->   Core 1 'Adder' <Latency = 0> <II = 1> <Delay = 0.57> <FuncUnit> <Opcode : 'add' 'sub'> <InPorts = 2> <OutPorts = 1>
ST_14 : Operation 214 [1/1] (0.00ns)   --->   "%br_ln140 = br i1 %icmp_ln140, void %VITIS_LOOP_141_10.split, void %VITIS_LOOP_151_11" [cpp/semgraph_slam/hls/registration_kernel_draft.cpp:140]   --->   Operation 214 'br' 'br_ln140' <Predicate = true> <Delay = 0.00>
ST_14 : Operation 215 [1/1] (0.00ns)   --->   "%empty_62 = trunc i3 %c" [cpp/semgraph_slam/hls/registration_kernel_draft.cpp:140]   --->   Operation 215 'trunc' 'empty_62' <Predicate = (!icmp_ln140)> <Delay = 0.00>
ST_14 : Operation 216 [1/1] (0.00ns)   --->   "%tmp_2 = bitconcatenate i4 @_ssdm_op_BitConcatenate.i4.i3.i1, i3 %c, i1 0" [cpp/semgraph_slam/hls/registration_kernel_draft.cpp:140]   --->   Operation 216 'bitconcatenate' 'tmp_2' <Predicate = (!icmp_ln140)> <Delay = 0.00>
ST_14 : Operation 217 [1/1] (0.00ns)   --->   "%tmp_3 = bitconcatenate i5 @_ssdm_op_BitConcatenate.i5.i2.i3, i2 %empty_62, i3 0" [cpp/semgraph_slam/hls/registration_kernel_draft.cpp:140]   --->   Operation 217 'bitconcatenate' 'tmp_3' <Predicate = (!icmp_ln140)> <Delay = 0.00>
ST_14 : Operation 218 [1/1] (0.00ns)   --->   "%empty_63 = zext i4 %tmp_2" [cpp/semgraph_slam/hls/registration_kernel_draft.cpp:140]   --->   Operation 218 'zext' 'empty_63' <Predicate = (!icmp_ln140)> <Delay = 0.00>
ST_14 : Operation 219 [1/1] (0.70ns)   --->   "%sub_ln141 = sub i5 %tmp_3, i5 %empty_63" [cpp/semgraph_slam/hls/registration_kernel_draft.cpp:141]   --->   Operation 219 'sub' 'sub_ln141' <Predicate = (!icmp_ln140)> <Delay = 0.70> <CoreInst = "Adder">   --->   Core 1 'Adder' <Latency = 0> <II = 1> <Delay = 0.70> <FuncUnit> <Opcode : 'add' 'sub'> <InPorts = 2> <OutPorts = 1>
ST_14 : Operation 220 [1/1] (0.38ns)   --->   "%store_ln140 = store i3 %add_ln140_1, i3 %r" [cpp/semgraph_slam/hls/registration_kernel_draft.cpp:140]   --->   Operation 220 'store' 'store_ln140' <Predicate = (!icmp_ln140)> <Delay = 0.38>
ST_14 : Operation 221 [1/1] (0.00ns)   --->   "%trunc_ln5 = partselect i61 @_ssdm_op_PartSelect.i61.i64.i32.i32, i64 %jtr_out_read, i32 3, i32 63" [cpp/semgraph_slam/hls/registration_kernel_draft.cpp:151]   --->   Operation 221 'partselect' 'trunc_ln5' <Predicate = (icmp_ln140)> <Delay = 0.00>

State 15 <SV = 14> <Delay = 2.24>
ST_15 : Operation 222 [1/1] (0.00ns)   --->   "%read_idx_load = load i6 %read_idx" [cpp/semgraph_slam/hls/registration_kernel_draft.cpp:140]   --->   Operation 222 'load' 'read_idx_load' <Predicate = true> <Delay = 0.00>
ST_15 : Operation 223 [1/1] (0.00ns)   --->   "%indvars_iv165_load = load i3 %indvars_iv165" [cpp/semgraph_slam/hls/registration_kernel_draft.cpp:140]   --->   Operation 223 'load' 'indvars_iv165_load' <Predicate = true> <Delay = 0.00>
ST_15 : Operation 224 [2/2] (2.24ns)   --->   "%call_ln140 = call void @registration_accumulate_kernel_Pipeline_VITIS_LOOP_141_10, i6 %read_idx_load, i3 %c, i64 %gmem3, i64 %p_loc62_load, i64 %p_loc61_load, i64 %p_loc60_load, i64 %p_loc59_load, i64 %p_loc58_load, i64 %p_loc57_load, i64 %p_loc56_load, i64 %p_loc55_load, i64 %p_loc54_load, i64 %p_loc53_load, i64 %p_loc52_load, i64 %p_loc51_load, i64 %p_loc50_load, i64 %p_loc49_load, i64 %p_loc48_load, i64 %p_loc47_load, i64 %p_loc46_load, i64 %p_loc45_load, i64 %p_loc44_load, i64 %p_loc43_load, i64 %p_loc_load, i5 %sub_ln141, i64 %jtj_out_read, i3 %c" [cpp/semgraph_slam/hls/registration_kernel_draft.cpp:140]   --->   Operation 224 'call' 'call_ln140' <Predicate = true> <Delay = 2.24> <CoreType = "Generic">   --->   Core 0 '' <Latency = 0> <II = 1> <Delay = 1.00> <Generic> <Opcode : >
ST_15 : Operation 225 [1/1] (0.00ns)   --->   "%zext_ln140 = zext i3 %indvars_iv165_load" [cpp/semgraph_slam/hls/registration_kernel_draft.cpp:140]   --->   Operation 225 'zext' 'zext_ln140' <Predicate = true> <Delay = 0.00>
ST_15 : Operation 226 [1/1] (0.70ns)   --->   "%read_idx_2 = add i6 %zext_ln140, i6 %read_idx_load" [cpp/semgraph_slam/hls/registration_kernel_draft.cpp:140]   --->   Operation 226 'add' 'read_idx_2' <Predicate = true> <Delay = 0.70> <CoreInst = "Adder">   --->   Core 1 'Adder' <Latency = 0> <II = 1> <Delay = 0.70> <FuncUnit> <Opcode : 'add' 'sub'> <InPorts = 2> <OutPorts = 1>
ST_15 : Operation 227 [1/1] (0.57ns)   --->   "%add_ln140 = add i3 %indvars_iv165_load, i3 7" [cpp/semgraph_slam/hls/registration_kernel_draft.cpp:140]   --->   Operation 227 'add' 'add_ln140' <Predicate = true> <Delay = 0.57> <CoreInst = "Adder">   --->   Core 1 'Adder' <Latency = 0> <II = 1> <Delay = 0.57> <FuncUnit> <Opcode : 'add' 'sub'> <InPorts = 2> <OutPorts = 1>
ST_15 : Operation 228 [1/1] (0.38ns)   --->   "%store_ln140 = store i3 %add_ln140, i3 %indvars_iv165" [cpp/semgraph_slam/hls/registration_kernel_draft.cpp:140]   --->   Operation 228 'store' 'store_ln140' <Predicate = true> <Delay = 0.38>
ST_15 : Operation 229 [1/1] (0.38ns)   --->   "%store_ln139 = store i6 %read_idx_2, i6 %read_idx" [cpp/semgraph_slam/hls/registration_kernel_draft.cpp:139]   --->   Operation 229 'store' 'store_ln139' <Predicate = true> <Delay = 0.38>

State 16 <SV = 15> <Delay = 0.00>
ST_16 : Operation 230 [1/1] (0.00ns)   --->   "%speclooptripcount_ln141 = speclooptripcount void @_ssdm_op_SpecLoopTripCount, i64 6, i64 6, i64 6" [cpp/semgraph_slam/hls/registration_kernel_draft.cpp:141]   --->   Operation 230 'speclooptripcount' 'speclooptripcount_ln141' <Predicate = true> <Delay = 0.00>
ST_16 : Operation 231 [1/1] (0.00ns)   --->   "%specloopname_ln140 = specloopname void @_ssdm_op_SpecLoopName, void @empty_24" [cpp/semgraph_slam/hls/registration_kernel_draft.cpp:140]   --->   Operation 231 'specloopname' 'specloopname_ln140' <Predicate = true> <Delay = 0.00>
ST_16 : Operation 232 [1/2] (0.00ns)   --->   "%call_ln140 = call void @registration_accumulate_kernel_Pipeline_VITIS_LOOP_141_10, i6 %read_idx_load, i3 %c, i64 %gmem3, i64 %p_loc62_load, i64 %p_loc61_load, i64 %p_loc60_load, i64 %p_loc59_load, i64 %p_loc58_load, i64 %p_loc57_load, i64 %p_loc56_load, i64 %p_loc55_load, i64 %p_loc54_load, i64 %p_loc53_load, i64 %p_loc52_load, i64 %p_loc51_load, i64 %p_loc50_load, i64 %p_loc49_load, i64 %p_loc48_load, i64 %p_loc47_load, i64 %p_loc46_load, i64 %p_loc45_load, i64 %p_loc44_load, i64 %p_loc43_load, i64 %p_loc_load, i5 %sub_ln141, i64 %jtj_out_read, i3 %c" [cpp/semgraph_slam/hls/registration_kernel_draft.cpp:140]   --->   Operation 232 'call' 'call_ln140' <Predicate = true> <Delay = 0.00> <CoreType = "Generic">   --->   Core 0 '' <Latency = 0> <II = 1> <Delay = 1.00> <Generic> <Opcode : >
ST_16 : Operation 233 [1/1] (0.00ns)   --->   "%br_ln140 = br void %VITIS_LOOP_141_10" [cpp/semgraph_slam/hls/registration_kernel_draft.cpp:140]   --->   Operation 233 'br' 'br_ln140' <Predicate = true> <Delay = 0.00>

State 17 <SV = 14> <Delay = 2.92>
ST_17 : Operation 234 [1/1] (0.00ns)   --->   "%sext_ln151 = sext i61 %trunc_ln5" [cpp/semgraph_slam/hls/registration_kernel_draft.cpp:151]   --->   Operation 234 'sext' 'sext_ln151' <Predicate = true> <Delay = 0.00>
ST_17 : Operation 235 [1/1] (0.00ns)   --->   "%gmem3_addr = getelementptr i64 %gmem3, i64 %sext_ln151" [cpp/semgraph_slam/hls/registration_kernel_draft.cpp:151]   --->   Operation 235 'getelementptr' 'gmem3_addr' <Predicate = true> <Delay = 0.00>
ST_17 : Operation 236 [1/1] (2.92ns)   --->   "%empty_64 = writereq i1 @_ssdm_op_WriteReq.m_axi.p1i64, i64 %gmem3_addr, i64 6" [cpp/semgraph_slam/hls/registration_kernel_draft.cpp:151]   --->   Operation 236 'writereq' 'empty_64' <Predicate = true> <Delay = 2.92> <CoreInst = "m_axi">   --->   Core 119 'm_axi' <Latency = 0> <II = 1> <Delay = 1.00> <Adapter> <Opcode : 'read' 'write' 'readreq' 'writereq' 'writeresp'>

State 18 <SV = 15> <Delay = 0.51>
ST_18 : Operation 237 [2/2] (0.51ns)   --->   "%call_ln151 = call void @registration_accumulate_kernel_Pipeline_VITIS_LOOP_151_11, i64 %gmem3, i61 %trunc_ln5, i64 %p_loc68_load, i64 %p_loc67_load, i64 %p_loc66_load, i64 %p_loc65_load, i64 %p_loc64_load, i64 %p_loc63_load" [cpp/semgraph_slam/hls/registration_kernel_draft.cpp:151]   --->   Operation 237 'call' 'call_ln151' <Predicate = true> <Delay = 0.51> <CoreType = "Generic">   --->   Core 0 '' <Latency = 0> <II = 1> <Delay = 1.00> <Generic> <Opcode : >

State 19 <SV = 16> <Delay = 1.34>
ST_19 : Operation 238 [1/2] (1.34ns)   --->   "%call_ln151 = call void @registration_accumulate_kernel_Pipeline_VITIS_LOOP_151_11, i64 %gmem3, i61 %trunc_ln5, i64 %p_loc68_load, i64 %p_loc67_load, i64 %p_loc66_load, i64 %p_loc65_load, i64 %p_loc64_load, i64 %p_loc63_load" [cpp/semgraph_slam/hls/registration_kernel_draft.cpp:151]   --->   Operation 238 'call' 'call_ln151' <Predicate = true> <Delay = 1.34> <CoreType = "Generic">   --->   Core 0 '' <Latency = 0> <II = 1> <Delay = 1.00> <Generic> <Opcode : >

State 20 <SV = 17> <Delay = 2.92>
ST_20 : Operation 239 [5/5] (2.92ns)   --->   "%empty_65 = writeresp i1 @_ssdm_op_WriteResp.m_axi.p1i64, i64 %gmem3_addr" [cpp/semgraph_slam/hls/registration_kernel_draft.cpp:155]   --->   Operation 239 'writeresp' 'empty_65' <Predicate = true> <Delay = 2.92> <CoreInst = "m_axi">   --->   Core 119 'm_axi' <Latency = 0> <II = 1> <Delay = 1.00> <Adapter> <Opcode : 'read' 'write' 'readreq' 'writereq' 'writeresp'>

State 21 <SV = 18> <Delay = 2.92>
ST_21 : Operation 240 [4/5] (2.92ns)   --->   "%empty_65 = writeresp i1 @_ssdm_op_WriteResp.m_axi.p1i64, i64 %gmem3_addr" [cpp/semgraph_slam/hls/registration_kernel_draft.cpp:155]   --->   Operation 240 'writeresp' 'empty_65' <Predicate = true> <Delay = 2.92> <CoreInst = "m_axi">   --->   Core 119 'm_axi' <Latency = 0> <II = 1> <Delay = 1.00> <Adapter> <Opcode : 'read' 'write' 'readreq' 'writereq' 'writeresp'>

State 22 <SV = 19> <Delay = 2.92>
ST_22 : Operation 241 [3/5] (2.92ns)   --->   "%empty_65 = writeresp i1 @_ssdm_op_WriteResp.m_axi.p1i64, i64 %gmem3_addr" [cpp/semgraph_slam/hls/registration_kernel_draft.cpp:155]   --->   Operation 241 'writeresp' 'empty_65' <Predicate = true> <Delay = 2.92> <CoreInst = "m_axi">   --->   Core 119 'm_axi' <Latency = 0> <II = 1> <Delay = 1.00> <Adapter> <Opcode : 'read' 'write' 'readreq' 'writereq' 'writeresp'>

State 23 <SV = 20> <Delay = 2.92>
ST_23 : Operation 242 [2/5] (2.92ns)   --->   "%empty_65 = writeresp i1 @_ssdm_op_WriteResp.m_axi.p1i64, i64 %gmem3_addr" [cpp/semgraph_slam/hls/registration_kernel_draft.cpp:155]   --->   Operation 242 'writeresp' 'empty_65' <Predicate = true> <Delay = 2.92> <CoreInst = "m_axi">   --->   Core 119 'm_axi' <Latency = 0> <II = 1> <Delay = 1.00> <Adapter> <Opcode : 'read' 'write' 'readreq' 'writereq' 'writeresp'>

State 24 <SV = 21> <Delay = 2.92>
ST_24 : Operation 243 [1/5] (2.92ns)   --->   "%empty_65 = writeresp i1 @_ssdm_op_WriteResp.m_axi.p1i64, i64 %gmem3_addr" [cpp/semgraph_slam/hls/registration_kernel_draft.cpp:155]   --->   Operation 243 'writeresp' 'empty_65' <Predicate = true> <Delay = 2.92> <CoreInst = "m_axi">   --->   Core 119 'm_axi' <Latency = 0> <II = 1> <Delay = 1.00> <Adapter> <Opcode : 'read' 'write' 'readreq' 'writereq' 'writeresp'>
ST_24 : Operation 244 [1/1] (0.00ns)   --->   "%ret_ln155 = ret" [cpp/semgraph_slam/hls/registration_kernel_draft.cpp:155]   --->   Operation 244 'ret' 'ret_ln155' <Predicate = true> <Delay = 0.00>


============================================================
+ Verbose Summary: Binding
============================================================
STG Binding: 
---------------- STG Properties BEGIN ----------------
- Is combinational: 0
- Is one-state seq: 0
- Is datapath-only: 0
- Is pipelined: 0
- Is top level: 1
Port [ Return ] is wired: 1; IO mode=ap_ctrl_hs:ce=0
Port [ gmem0]:  wired=1; compound=1; hidden=0; nouse=0; global=0; static=0; extern=0; dir=0; type=4; pingpong=0; private_global=0; IO mode=m_axi:ce=0
Port [ gmem1]:  wired=1; compound=1; hidden=0; nouse=0; global=0; static=0; extern=0; dir=0; type=4; pingpong=0; private_global=0; IO mode=m_axi:ce=0
Port [ gmem2]:  wired=1; compound=1; hidden=0; nouse=0; global=0; static=0; extern=0; dir=0; type=4; pingpong=0; private_global=0; IO mode=m_axi:ce=0
Port [ gmem3]:  wired=1; compound=1; hidden=0; nouse=0; global=0; static=0; extern=0; dir=1; type=4; pingpong=0; private_global=0; IO mode=m_axi:ce=0
Port [ gmem4]:  wired=1; compound=1; hidden=0; nouse=0; global=0; static=0; extern=0; dir=1; type=4; pingpong=0; private_global=0; IO mode=m_axi:ce=0
Port [ src_xyz]:  wired=1; compound=0; hidden=0; nouse=0; global=0; static=0; extern=0; dir=0; type=0; pingpong=0; private_global=0; IO mode=ap_none:ce=0
Port [ tgt_xyz]:  wired=1; compound=0; hidden=0; nouse=0; global=0; static=0; extern=0; dir=0; type=0; pingpong=0; private_global=0; IO mode=ap_none:ce=0
Port [ labels]:  wired=1; compound=0; hidden=0; nouse=0; global=0; static=0; extern=0; dir=0; type=0; pingpong=0; private_global=0; IO mode=ap_none:ce=0
Port [ correspondence_count]:  wired=1; compound=0; hidden=0; nouse=0; global=0; static=0; extern=0; dir=0; type=0; pingpong=0; private_global=0; IO mode=ap_none:ce=0
Port [ kernel]:  wired=1; compound=0; hidden=0; nouse=0; global=0; static=0; extern=0; dir=0; type=0; pingpong=0; private_global=0; IO mode=ap_none:ce=0
Port [ jtj_out]:  wired=1; compound=0; hidden=0; nouse=0; global=0; static=0; extern=0; dir=0; type=0; pingpong=0; private_global=0; IO mode=ap_none:ce=0
Port [ jtr_out]:  wired=1; compound=0; hidden=0; nouse=0; global=0; static=0; extern=0; dir=0; type=0; pingpong=0; private_global=0; IO mode=ap_none:ce=0
Port [ used_count]:  wired=1; compound=0; hidden=0; nouse=0; global=0; static=0; extern=0; dir=0; type=0; pingpong=0; private_global=0; IO mode=ap_none:ce=0
Port [ dropped_count]:  wired=1; compound=0; hidden=0; nouse=0; global=0; static=0; extern=0; dir=0; type=0; pingpong=0; private_global=0; IO mode=ap_none:ce=0
---------------- STG Properties END ------------------

---------------- Datapath Model BEGIN ----------------

<LifeTime>
<method=bitvector/>
read_idx                  (alloca           ) [ 0111111111111111100000000]
r                         (alloca           ) [ 0111111111111111100000000]
indvars_iv165             (alloca           ) [ 0111111111111111100000000]
dropped_count_read        (read             ) [ 0000000000000000000000000]
used_count_read           (read             ) [ 0000000000000000000000000]
jtr_out_read              (read             ) [ 0011111111111111100000000]
jtj_out_read              (read             ) [ 0011111111111111100000000]
kernel_read               (read             ) [ 0011111111100000000000000]
correspondence_count_read (read             ) [ 0011111111110000000000000]
labels_read               (read             ) [ 0000000000000000000000000]
tgt_xyz_read              (read             ) [ 0000000000000000000000000]
src_xyz_read              (read             ) [ 0000000000000000000000000]
p_loc68                   (alloca           ) [ 0011111111111100000000000]
p_loc67                   (alloca           ) [ 0011111111111100000000000]
p_loc66                   (alloca           ) [ 0011111111111100000000000]
p_loc65                   (alloca           ) [ 0011111111111100000000000]
p_loc64                   (alloca           ) [ 0011111111111100000000000]
p_loc63                   (alloca           ) [ 0011111111111100000000000]
p_loc62                   (alloca           ) [ 0011111111111100000000000]
p_loc61                   (alloca           ) [ 0011111111111100000000000]
p_loc60                   (alloca           ) [ 0011111111111100000000000]
p_loc59                   (alloca           ) [ 0011111111111100000000000]
p_loc58                   (alloca           ) [ 0011111111111100000000000]
p_loc57                   (alloca           ) [ 0011111111111100000000000]
p_loc56                   (alloca           ) [ 0011111111111100000000000]
p_loc55                   (alloca           ) [ 0011111111111100000000000]
p_loc54                   (alloca           ) [ 0011111111111100000000000]
p_loc53                   (alloca           ) [ 0011111111111100000000000]
p_loc52                   (alloca           ) [ 0011111111111100000000000]
p_loc51                   (alloca           ) [ 0011111111111100000000000]
p_loc50                   (alloca           ) [ 0011111111111100000000000]
p_loc49                   (alloca           ) [ 0011111111111100000000000]
p_loc48                   (alloca           ) [ 0011111111111100000000000]
p_loc47                   (alloca           ) [ 0011111111111100000000000]
p_loc46                   (alloca           ) [ 0011111111111100000000000]
p_loc45                   (alloca           ) [ 0011111111111100000000000]
p_loc44                   (alloca           ) [ 0011111111111100000000000]
p_loc43                   (alloca           ) [ 0011111111111100000000000]
p_loc                     (alloca           ) [ 0011111111111100000000000]
trunc_ln26                (trunc            ) [ 0010000000000000000000000]
tmp                       (bitselect        ) [ 0010000000000000000000000]
trunc_ln2                 (partselect       ) [ 0000000000000000000000000]
sext_ln64                 (sext             ) [ 0000000000000000000000000]
gmem4_addr                (getelementptr    ) [ 0011111110000000000000000]
trunc_ln3                 (partselect       ) [ 0000000000000000000000000]
sext_ln65                 (sext             ) [ 0000000000000000000000000]
gmem4_addr_1              (getelementptr    ) [ 0011111111100000000000000]
trunc_ln4                 (partselect       ) [ 0011111111111000000000000]
trunc_ln70_1              (partselect       ) [ 0011111111111000000000000]
trunc_ln70_2              (partselect       ) [ 0011111111111000000000000]
store_ln0                 (store            ) [ 0000000000000000000000000]
store_ln140               (store            ) [ 0000000000000000000000000]
store_ln139               (store            ) [ 0000000000000000000000000]
requested                 (select           ) [ 0001000000000000000000000]
trunc_ln61                (trunc            ) [ 0000000000000000000000000]
icmp_ln200                (icmp             ) [ 0000000000000000000000000]
bounded_count             (select           ) [ 0001000000000000000000000]
gmem4_addr_req            (writereq         ) [ 0000000000000000000000000]
icmp_ln70                 (icmp             ) [ 0000000000000000000000000]
zext_ln70                 (zext             ) [ 0000000000000000000000000]
trunc_ln70                (trunc            ) [ 0000000000000000000000000]
p_shl                     (bitconcatenate   ) [ 0000000000000000000000000]
sub_ln70_1                (sub              ) [ 0000000000000000000000000]
empty                     (select           ) [ 0001000000000000000000000]
zext_ln61                 (zext             ) [ 0000000000000000000000000]
zext_ln62                 (zext             ) [ 0000000000000000000000000]
write_ln64                (write            ) [ 0000000000000000000000000]
sub_ln65                  (sub              ) [ 0000110000000000000000000]
sext_ln70                 (sext             ) [ 0000000000000000000000000]
gmem0_addr                (getelementptr    ) [ 0000111111100000000000000]
zext_ln70_1               (zext             ) [ 0000111111100000000000000]
sext_ln70_1               (sext             ) [ 0000000000000000000000000]
gmem1_addr                (getelementptr    ) [ 0000111111100000000000000]
sext_ln70_2               (sext             ) [ 0000000000000000000000000]
gmem2_addr                (getelementptr    ) [ 0000111111100000000000000]
zext_ln70_2               (zext             ) [ 0000111111100000000000000]
gmem4_addr_1_req          (writereq         ) [ 0000000000000000000000000]
write_ln65                (write            ) [ 0000000000000000000000000]
gmem4_addr_resp           (writeresp        ) [ 0000000000000000000000000]
gmem4_addr_1_resp         (writeresp        ) [ 0000000000000000000000000]
kernel_sq                 (fmul             ) [ 0000000000011000000000000]
empty_57                  (readreq          ) [ 0000000000000000000000000]
empty_58                  (readreq          ) [ 0000000000000000000000000]
empty_59                  (readreq          ) [ 0000000000000000000000000]
empty_60                  (icmp             ) [ 0000000000000000000000000]
xor_ln70                  (xor              ) [ 0000000000000000000000000]
select_ln70               (select           ) [ 0000000000000000000000000]
empty_61                  (icmp             ) [ 0000000000000000000000000]
sub_ln70                  (sub              ) [ 0000000000000000000000000]
select_ln70_1             (select           ) [ 0000000000000000000000000]
zext_ln70_3               (zext             ) [ 0000000000000000000000000]
add_ln70                  (add              ) [ 0000000000001000000000000]
call_ln70                 (call             ) [ 0000000000000000000000000]
spectopmodule_ln26        (spectopmodule    ) [ 0000000000000000000000000]
specinterface_ln0         (specinterface    ) [ 0000000000000000000000000]
specbitsmap_ln0           (specbitsmap      ) [ 0000000000000000000000000]
specinterface_ln0         (specinterface    ) [ 0000000000000000000000000]
specbitsmap_ln0           (specbitsmap      ) [ 0000000000000000000000000]
specinterface_ln0         (specinterface    ) [ 0000000000000000000000000]
specbitsmap_ln0           (specbitsmap      ) [ 0000000000000000000000000]
specinterface_ln0         (specinterface    ) [ 0000000000000000000000000]
specbitsmap_ln0           (specbitsmap      ) [ 0000000000000000000000000]
specinterface_ln0         (specinterface    ) [ 0000000000000000000000000]
specbitsmap_ln0           (specbitsmap      ) [ 0000000000000000000000000]
specinterface_ln0         (specinterface    ) [ 0000000000000000000000000]
specinterface_ln0         (specinterface    ) [ 0000000000000000000000000]
specinterface_ln0         (specinterface    ) [ 0000000000000000000000000]
specinterface_ln0         (specinterface    ) [ 0000000000000000000000000]
specinterface_ln0         (specinterface    ) [ 0000000000000000000000000]
specinterface_ln0         (specinterface    ) [ 0000000000000000000000000]
specbitsmap_ln0           (specbitsmap      ) [ 0000000000000000000000000]
specinterface_ln0         (specinterface    ) [ 0000000000000000000000000]
specinterface_ln0         (specinterface    ) [ 0000000000000000000000000]
specbitsmap_ln0           (specbitsmap      ) [ 0000000000000000000000000]
specinterface_ln0         (specinterface    ) [ 0000000000000000000000000]
specinterface_ln0         (specinterface    ) [ 0000000000000000000000000]
specinterface_ln0         (specinterface    ) [ 0000000000000000000000000]
specinterface_ln0         (specinterface    ) [ 0000000000000000000000000]
specinterface_ln0         (specinterface    ) [ 0000000000000000000000000]
specinterface_ln0         (specinterface    ) [ 0000000000000000000000000]
specinterface_ln0         (specinterface    ) [ 0000000000000000000000000]
specinterface_ln0         (specinterface    ) [ 0000000000000000000000000]
specinterface_ln0         (specinterface    ) [ 0000000000000000000000000]
specinterface_ln0         (specinterface    ) [ 0000000000000000000000000]
specinterface_ln0         (specinterface    ) [ 0000000000000000000000000]
p_loc_load                (load             ) [ 0000000000000011100000000]
p_loc43_load              (load             ) [ 0000000000000011100000000]
p_loc44_load              (load             ) [ 0000000000000011100000000]
p_loc45_load              (load             ) [ 0000000000000011100000000]
p_loc46_load              (load             ) [ 0000000000000011100000000]
p_loc47_load              (load             ) [ 0000000000000011100000000]
p_loc48_load              (load             ) [ 0000000000000011100000000]
p_loc49_load              (load             ) [ 0000000000000011100000000]
p_loc50_load              (load             ) [ 0000000000000011100000000]
p_loc51_load              (load             ) [ 0000000000000011100000000]
p_loc52_load              (load             ) [ 0000000000000011100000000]
p_loc53_load              (load             ) [ 0000000000000011100000000]
p_loc54_load              (load             ) [ 0000000000000011100000000]
p_loc55_load              (load             ) [ 0000000000000011100000000]
p_loc56_load              (load             ) [ 0000000000000011100000000]
p_loc57_load              (load             ) [ 0000000000000011100000000]
p_loc58_load              (load             ) [ 0000000000000011100000000]
p_loc59_load              (load             ) [ 0000000000000011100000000]
p_loc60_load              (load             ) [ 0000000000000011100000000]
p_loc61_load              (load             ) [ 0000000000000011100000000]
p_loc62_load              (load             ) [ 0000000000000011100000000]
p_loc63_load              (load             ) [ 0000000000000011111100000]
p_loc64_load              (load             ) [ 0000000000000011111100000]
p_loc65_load              (load             ) [ 0000000000000011111100000]
p_loc66_load              (load             ) [ 0000000000000011111100000]
p_loc67_load              (load             ) [ 0000000000000011111100000]
p_loc68_load              (load             ) [ 0000000000000011111100000]
br_ln140                  (br               ) [ 0000000000000000000000000]
c                         (load             ) [ 0000000000000001100000000]
icmp_ln140                (icmp             ) [ 0000000000000011100000000]
add_ln140_1               (add              ) [ 0000000000000000000000000]
br_ln140                  (br               ) [ 0000000000000000000000000]
empty_62                  (trunc            ) [ 0000000000000000000000000]
tmp_2                     (bitconcatenate   ) [ 0000000000000000000000000]
tmp_3                     (bitconcatenate   ) [ 0000000000000000000000000]
empty_63                  (zext             ) [ 0000000000000000000000000]
sub_ln141                 (sub              ) [ 0000000000000001100000000]
store_ln140               (store            ) [ 0000000000000000000000000]
trunc_ln5                 (partselect       ) [ 0000000000000000011100000]
read_idx_load             (load             ) [ 0000000000000000100000000]
indvars_iv165_load        (load             ) [ 0000000000000000000000000]
zext_ln140                (zext             ) [ 0000000000000000000000000]
read_idx_2                (add              ) [ 0000000000000000000000000]
add_ln140                 (add              ) [ 0000000000000000000000000]
store_ln140               (store            ) [ 0000000000000000000000000]
store_ln139               (store            ) [ 0000000000000000000000000]
speclooptripcount_ln141   (speclooptripcount) [ 0000000000000000000000000]
specloopname_ln140        (specloopname     ) [ 0000000000000000000000000]
call_ln140                (call             ) [ 0000000000000000000000000]
br_ln140                  (br               ) [ 0000000000000000000000000]
sext_ln151                (sext             ) [ 0000000000000000000000000]
gmem3_addr                (getelementptr    ) [ 0000000000000000001111111]
empty_64                  (writereq         ) [ 0000000000000000000000000]
call_ln151                (call             ) [ 0000000000000000000000000]
empty_65                  (writeresp        ) [ 0000000000000000000000000]
ret_ln155                 (ret              ) [ 0000000000000000000000000]
</LifeTime>

<model>

<comp_list>
<comp id="0" class="1000" name="gmem0">
<pin_list>
<pin id="1" dir="1" index="0" bw="1" slack="0"/>
</pin_list>
<bind>
<StgValue><ssdm name="gmem0"/></StgValue>
</bind>
</comp>

<comp id="2" class="1000" name="gmem1">
<pin_list>
<pin id="3" dir="1" index="0" bw="1" slack="0"/>
</pin_list>
<bind>
<StgValue><ssdm name="gmem1"/></StgValue>
</bind>
</comp>

<comp id="4" class="1000" name="gmem2">
<pin_list>
<pin id="5" dir="1" index="0" bw="1" slack="0"/>
</pin_list>
<bind>
<StgValue><ssdm name="gmem2"/></StgValue>
</bind>
</comp>

<comp id="6" class="1000" name="gmem3">
<pin_list>
<pin id="7" dir="1" index="0" bw="1" slack="0"/>
</pin_list>
<bind>
<StgValue><ssdm name="gmem3"/></StgValue>
</bind>
</comp>

<comp id="8" class="1000" name="gmem4">
<pin_list>
<pin id="9" dir="1" index="0" bw="1" slack="0"/>
</pin_list>
<bind>
<StgValue><ssdm name="gmem4"/></StgValue>
</bind>
</comp>

<comp id="10" class="1000" name="src_xyz">
<pin_list>
<pin id="11" dir="1" index="0" bw="1" slack="0"/>
</pin_list>
<bind>
<StgValue><ssdm name="src_xyz"/></StgValue>
</bind>
</comp>

<comp id="12" class="1000" name="tgt_xyz">
<pin_list>
<pin id="13" dir="1" index="0" bw="1" slack="0"/>
</pin_list>
<bind>
<StgValue><ssdm name="tgt_xyz"/></StgValue>
</bind>
</comp>

<comp id="14" class="1000" name="labels">
<pin_list>
<pin id="15" dir="1" index="0" bw="1" slack="0"/>
</pin_list>
<bind>
<StgValue><ssdm name="labels"/></StgValue>
</bind>
</comp>

<comp id="16" class="1000" name="correspondence_count">
<pin_list>
<pin id="17" dir="1" index="0" bw="1" slack="0"/>
</pin_list>
<bind>
<StgValue><ssdm name="correspondence_count"/></StgValue>
</bind>
</comp>

<comp id="18" class="1000" name="kernel">
<pin_list>
<pin id="19" dir="1" index="0" bw="1" slack="0"/>
</pin_list>
<bind>
<StgValue><ssdm name="kernel"/></StgValue>
</bind>
</comp>

<comp id="20" class="1000" name="jtj_out">
<pin_list>
<pin id="21" dir="1" index="0" bw="1" slack="0"/>
</pin_list>
<bind>
<StgValue><ssdm name="jtj_out"/></StgValue>
</bind>
</comp>

<comp id="22" class="1000" name="jtr_out">
<pin_list>
<pin id="23" dir="1" index="0" bw="1" slack="0"/>
</pin_list>
<bind>
<StgValue><ssdm name="jtr_out"/></StgValue>
</bind>
</comp>

<comp id="24" class="1000" name="used_count">
<pin_list>
<pin id="25" dir="1" index="0" bw="1" slack="0"/>
</pin_list>
<bind>
<StgValue><ssdm name="used_count"/></StgValue>
</bind>
</comp>

<comp id="26" class="1000" name="dropped_count">
<pin_list>
<pin id="27" dir="1" index="0" bw="1" slack="0"/>
</pin_list>
<bind>
<StgValue><ssdm name="dropped_count"/></StgValue>
</bind>
</comp>

<comp id="28" class="1001" name="const_28">
<pin_list>
<pin id="29" dir="1" index="0" bw="1" slack="0"/>
</pin_list>
<bind>
<StgValue><ssdm name=""/></StgValue>
</bind>
</comp>

<comp id="30" class="1001" name="const_30">
<pin_list>
<pin id="31" dir="1" index="0" bw="1" slack="0"/>
</pin_list>
<bind>
<StgValue><ssdm name="_ssdm_op_Read.s_axilite.i64"/></StgValue>
</bind>
</comp>

<comp id="32" class="1001" name="const_32">
<pin_list>
<pin id="33" dir="1" index="0" bw="1" slack="0"/>
</pin_list>
<bind>
<StgValue><ssdm name="_ssdm_op_Read.s_axilite.float"/></StgValue>
</bind>
</comp>

<comp id="34" class="1001" name="const_34">
<pin_list>
<pin id="35" dir="1" index="0" bw="1" slack="0"/>
</pin_list>
<bind>
<StgValue><ssdm name="_ssdm_op_Read.s_axilite.i32"/></StgValue>
</bind>
</comp>

<comp id="36" class="1001" name="const_36">
<pin_list>
<pin id="37" dir="1" index="0" bw="1" slack="0"/>
</pin_list>
<bind>
<StgValue><ssdm name=""/></StgValue>
</bind>
</comp>

<comp id="38" class="1001" name="const_38">
<pin_list>
<pin id="39" dir="1" index="0" bw="1" slack="0"/>
</pin_list>
<bind>
<StgValue><ssdm name="_ssdm_op_BitSelect.i1.i32.i32"/></StgValue>
</bind>
</comp>

<comp id="40" class="1001" name="const_40">
<pin_list>
<pin id="41" dir="1" index="0" bw="1" slack="0"/>
</pin_list>
<bind>
<StgValue><ssdm name=""/></StgValue>
</bind>
</comp>

<comp id="42" class="1001" name="const_42">
<pin_list>
<pin id="43" dir="1" index="0" bw="1" slack="0"/>
</pin_list>
<bind>
<StgValue><ssdm name="_ssdm_op_PartSelect.i62.i64.i32.i32"/></StgValue>
</bind>
</comp>

<comp id="44" class="1001" name="const_44">
<pin_list>
<pin id="45" dir="1" index="0" bw="1" slack="0"/>
</pin_list>
<bind>
<StgValue><ssdm name=""/></StgValue>
</bind>
</comp>

<comp id="46" class="1001" name="const_46">
<pin_list>
<pin id="47" dir="1" index="0" bw="1" slack="0"/>
</pin_list>
<bind>
<StgValue><ssdm name=""/></StgValue>
</bind>
</comp>

<comp id="48" class="1001" name="const_48">
<pin_list>
<pin id="49" dir="1" index="0" bw="1" slack="0"/>
</pin_list>
<bind>
<StgValue><ssdm name=""/></StgValue>
</bind>
</comp>

<comp id="50" class="1001" name="const_50">
<pin_list>
<pin id="51" dir="1" index="0" bw="1" slack="0"/>
</pin_list>
<bind>
<StgValue><ssdm name=""/></StgValue>
</bind>
</comp>

<comp id="52" class="1001" name="const_52">
<pin_list>
<pin id="53" dir="1" index="0" bw="1" slack="0"/>
</pin_list>
<bind>
<StgValue><ssdm name=""/></StgValue>
</bind>
</comp>

<comp id="54" class="1001" name="const_54">
<pin_list>
<pin id="55" dir="1" index="0" bw="1" slack="0"/>
</pin_list>
<bind>
<StgValue><ssdm name=""/></StgValue>
</bind>
</comp>

<comp id="56" class="1001" name="const_56">
<pin_list>
<pin id="57" dir="1" index="0" bw="1" slack="0"/>
</pin_list>
<bind>
<StgValue><ssdm name=""/></StgValue>
</bind>
</comp>

<comp id="58" class="1001" name="const_58">
<pin_list>
<pin id="59" dir="1" index="0" bw="1" slack="0"/>
</pin_list>
<bind>
<StgValue><ssdm name=""/></StgValue>
</bind>
</comp>

<comp id="60" class="1001" name="const_60">
<pin_list>
<pin id="61" dir="1" index="0" bw="1" slack="0"/>
</pin_list>
<bind>
<StgValue><ssdm name="_ssdm_op_WriteReq.m_axi.i32P1A"/></StgValue>
</bind>
</comp>

<comp id="62" class="1001" name="const_62">
<pin_list>
<pin id="63" dir="1" index="0" bw="1" slack="0"/>
</pin_list>
<bind>
<StgValue><ssdm name=""/></StgValue>
</bind>
</comp>

<comp id="64" class="1001" name="const_64">
<pin_list>
<pin id="65" dir="1" index="0" bw="1" slack="0"/>
</pin_list>
<bind>
<StgValue><ssdm name="_ssdm_op_BitConcatenate.i16.i14.i2"/></StgValue>
</bind>
</comp>

<comp id="66" class="1001" name="const_66">
<pin_list>
<pin id="67" dir="1" index="0" bw="1" slack="0"/>
</pin_list>
<bind>
<StgValue><ssdm name=""/></StgValue>
</bind>
</comp>

<comp id="68" class="1001" name="const_68">
<pin_list>
<pin id="69" dir="1" index="0" bw="1" slack="0"/>
</pin_list>
<bind>
<StgValue><ssdm name=""/></StgValue>
</bind>
</comp>

<comp id="70" class="1001" name="const_70">
<pin_list>
<pin id="71" dir="1" index="0" bw="1" slack="0"/>
</pin_list>
<bind>
<StgValue><ssdm name="_ssdm_op_Write.m_axi.i32P1A"/></StgValue>
</bind>
</comp>

<comp id="72" class="1001" name="const_72">
<pin_list>
<pin id="73" dir="1" index="0" bw="1" slack="0"/>
</pin_list>
<bind>
<StgValue><ssdm name=""/></StgValue>
</bind>
</comp>

<comp id="74" class="1001" name="const_74">
<pin_list>
<pin id="75" dir="1" index="0" bw="1" slack="0"/>
</pin_list>
<bind>
<StgValue><ssdm name="_ssdm_op_ReadReq.m_axi.p1i32"/></StgValue>
</bind>
</comp>

<comp id="76" class="1001" name="const_76">
<pin_list>
<pin id="77" dir="1" index="0" bw="1" slack="0"/>
</pin_list>
<bind>
<StgValue><ssdm name="_ssdm_op_WriteResp.m_axi.i32P1A"/></StgValue>
</bind>
</comp>

<comp id="78" class="1001" name="const_78">
<pin_list>
<pin id="79" dir="1" index="0" bw="1" slack="0"/>
</pin_list>
<bind>
<StgValue><ssdm name=""/></StgValue>
</bind>
</comp>

<comp id="80" class="1001" name="const_80">
<pin_list>
<pin id="81" dir="1" index="0" bw="1" slack="0"/>
</pin_list>
<bind>
<StgValue><ssdm name=""/></StgValue>
</bind>
</comp>

<comp id="82" class="1001" name="const_82">
<pin_list>
<pin id="83" dir="1" index="0" bw="1" slack="0"/>
</pin_list>
<bind>
<StgValue><ssdm name=""/></StgValue>
</bind>
</comp>

<comp id="84" class="1001" name="const_84">
<pin_list>
<pin id="85" dir="1" index="0" bw="1" slack="0"/>
</pin_list>
<bind>
<StgValue><ssdm name=""/></StgValue>
</bind>
</comp>

<comp id="86" class="1001" name="const_86">
<pin_list>
<pin id="87" dir="1" index="0" bw="1" slack="0"/>
</pin_list>
<bind>
<StgValue><ssdm name=""/></StgValue>
</bind>
</comp>

<comp id="88" class="1001" name="const_88">
<pin_list>
<pin id="89" dir="1" index="0" bw="1" slack="0"/>
</pin_list>
<bind>
<StgValue><ssdm name="registration_accumulate_kernel_Pipeline_VITIS_LOOP_70_3"/></StgValue>
</bind>
</comp>

<comp id="90" class="1001" name="const_90">
<pin_list>
<pin id="91" dir="1" index="0" bw="1" slack="2147483647"/>
</pin_list>
<bind>
<StgValue><ssdm name="_ssdm_op_SpecTopModule"/></StgValue>
</bind>
</comp>

<comp id="92" class="1001" name="const_92">
<pin_list>
<pin id="93" dir="1" index="0" bw="1" slack="2147483647"/>
</pin_list>
<bind>
<StgValue><ssdm name="empty_21"/></StgValue>
</bind>
</comp>

<comp id="94" class="1001" name="const_94">
<pin_list>
<pin id="95" dir="1" index="0" bw="1" slack="2147483647"/>
</pin_list>
<bind>
<StgValue><ssdm name="_ssdm_op_SpecInterface"/></StgValue>
</bind>
</comp>

<comp id="96" class="1001" name="const_96">
<pin_list>
<pin id="97" dir="1" index="0" bw="1" slack="2147483647"/>
</pin_list>
<bind>
<StgValue><ssdm name="empty"/></StgValue>
</bind>
</comp>

<comp id="98" class="1001" name="const_98">
<pin_list>
<pin id="99" dir="1" index="0" bw="1" slack="2147483647"/>
</pin_list>
<bind>
<StgValue><ssdm name="empty_0"/></StgValue>
</bind>
</comp>

<comp id="100" class="1001" name="const_100">
<pin_list>
<pin id="101" dir="1" index="0" bw="1" slack="2147483647"/>
</pin_list>
<bind>
<StgValue><ssdm name="empty_1"/></StgValue>
</bind>
</comp>

<comp id="102" class="1001" name="const_102">
<pin_list>
<pin id="103" dir="1" index="0" bw="1" slack="2147483647"/>
</pin_list>
<bind>
<StgValue><ssdm name="empty_2"/></StgValue>
</bind>
</comp>

<comp id="104" class="1001" name="const_104">
<pin_list>
<pin id="105" dir="1" index="0" bw="1" slack="2147483647"/>
</pin_list>
<bind>
<StgValue><ssdm name=""/></StgValue>
</bind>
</comp>

<comp id="106" class="1001" name="const_106">
<pin_list>
<pin id="107" dir="1" index="0" bw="1" slack="2147483647"/>
</pin_list>
<bind>
<StgValue><ssdm name="_ssdm_op_SpecBitsMap"/></StgValue>
</bind>
</comp>

<comp id="108" class="1001" name="const_108">
<pin_list>
<pin id="109" dir="1" index="0" bw="1" slack="2147483647"/>
</pin_list>
<bind>
<StgValue><ssdm name="empty_3"/></StgValue>
</bind>
</comp>

<comp id="110" class="1001" name="const_110">
<pin_list>
<pin id="111" dir="1" index="0" bw="1" slack="2147483647"/>
</pin_list>
<bind>
<StgValue><ssdm name="empty_4"/></StgValue>
</bind>
</comp>

<comp id="112" class="1001" name="const_112">
<pin_list>
<pin id="113" dir="1" index="0" bw="1" slack="2147483647"/>
</pin_list>
<bind>
<StgValue><ssdm name="empty_6"/></StgValue>
</bind>
</comp>

<comp id="114" class="1001" name="const_114">
<pin_list>
<pin id="115" dir="1" index="0" bw="1" slack="2147483647"/>
</pin_list>
<bind>
<StgValue><ssdm name="empty_18"/></StgValue>
</bind>
</comp>

<comp id="116" class="1001" name="const_116">
<pin_list>
<pin id="117" dir="1" index="0" bw="1" slack="2147483647"/>
</pin_list>
<bind>
<StgValue><ssdm name="empty_7"/></StgValue>
</bind>
</comp>

<comp id="118" class="1001" name="const_118">
<pin_list>
<pin id="119" dir="1" index="0" bw="1" slack="2147483647"/>
</pin_list>
<bind>
<StgValue><ssdm name="empty_8"/></StgValue>
</bind>
</comp>

<comp id="120" class="1001" name="const_120">
<pin_list>
<pin id="121" dir="1" index="0" bw="1" slack="2147483647"/>
</pin_list>
<bind>
<StgValue><ssdm name="empty_9"/></StgValue>
</bind>
</comp>

<comp id="122" class="1001" name="const_122">
<pin_list>
<pin id="123" dir="1" index="0" bw="1" slack="2147483647"/>
</pin_list>
<bind>
<StgValue><ssdm name="empty_10"/></StgValue>
</bind>
</comp>

<comp id="124" class="1001" name="const_124">
<pin_list>
<pin id="125" dir="1" index="0" bw="1" slack="2147483647"/>
</pin_list>
<bind>
<StgValue><ssdm name="empty_11"/></StgValue>
</bind>
</comp>

<comp id="126" class="1001" name="const_126">
<pin_list>
<pin id="127" dir="1" index="0" bw="1" slack="2147483647"/>
</pin_list>
<bind>
<StgValue><ssdm name="empty_12"/></StgValue>
</bind>
</comp>

<comp id="128" class="1001" name="const_128">
<pin_list>
<pin id="129" dir="1" index="0" bw="1" slack="2147483647"/>
</pin_list>
<bind>
<StgValue><ssdm name="empty_13"/></StgValue>
</bind>
</comp>

<comp id="130" class="1001" name="const_130">
<pin_list>
<pin id="131" dir="1" index="0" bw="1" slack="2147483647"/>
</pin_list>
<bind>
<StgValue><ssdm name="empty_14"/></StgValue>
</bind>
</comp>

<comp id="132" class="1001" name="const_132">
<pin_list>
<pin id="133" dir="1" index="0" bw="1" slack="2147483647"/>
</pin_list>
<bind>
<StgValue><ssdm name="empty_15"/></StgValue>
</bind>
</comp>

<comp id="134" class="1001" name="const_134">
<pin_list>
<pin id="135" dir="1" index="0" bw="1" slack="2147483647"/>
</pin_list>
<bind>
<StgValue><ssdm name="empty_16"/></StgValue>
</bind>
</comp>

<comp id="136" class="1001" name="const_136">
<pin_list>
<pin id="137" dir="1" index="0" bw="1" slack="2147483647"/>
</pin_list>
<bind>
<StgValue><ssdm name="empty_17"/></StgValue>
</bind>
</comp>

<comp id="138" class="1001" name="const_138">
<pin_list>
<pin id="139" dir="1" index="0" bw="1" slack="2147483647"/>
</pin_list>
<bind>
<StgValue><ssdm name="empty_19"/></StgValue>
</bind>
</comp>

<comp id="140" class="1001" name="const_140">
<pin_list>
<pin id="141" dir="1" index="0" bw="1" slack="2147483647"/>
</pin_list>
<bind>
<StgValue><ssdm name="empty_5"/></StgValue>
</bind>
</comp>

<comp id="142" class="1001" name="const_142">
<pin_list>
<pin id="143" dir="1" index="0" bw="1" slack="2147483647"/>
</pin_list>
<bind>
<StgValue><ssdm name="empty_20"/></StgValue>
</bind>
</comp>

<comp id="144" class="1001" name="const_144">
<pin_list>
<pin id="145" dir="1" index="0" bw="1" slack="0"/>
</pin_list>
<bind>
<StgValue><ssdm name=""/></StgValue>
</bind>
</comp>

<comp id="146" class="1001" name="const_146">
<pin_list>
<pin id="147" dir="1" index="0" bw="1" slack="0"/>
</pin_list>
<bind>
<StgValue><ssdm name="_ssdm_op_BitConcatenate.i4.i3.i1"/></StgValue>
</bind>
</comp>

<comp id="148" class="1001" name="const_148">
<pin_list>
<pin id="149" dir="1" index="0" bw="1" slack="0"/>
</pin_list>
<bind>
<StgValue><ssdm name=""/></StgValue>
</bind>
</comp>

<comp id="150" class="1001" name="const_150">
<pin_list>
<pin id="151" dir="1" index="0" bw="1" slack="0"/>
</pin_list>
<bind>
<StgValue><ssdm name="_ssdm_op_BitConcatenate.i5.i2.i3"/></StgValue>
</bind>
</comp>

<comp id="152" class="1001" name="const_152">
<pin_list>
<pin id="153" dir="1" index="0" bw="1" slack="0"/>
</pin_list>
<bind>
<StgValue><ssdm name="_ssdm_op_PartSelect.i61.i64.i32.i32"/></StgValue>
</bind>
</comp>

<comp id="154" class="1001" name="const_154">
<pin_list>
<pin id="155" dir="1" index="0" bw="1" slack="0"/>
</pin_list>
<bind>
<StgValue><ssdm name=""/></StgValue>
</bind>
</comp>

<comp id="156" class="1001" name="const_156">
<pin_list>
<pin id="157" dir="1" index="0" bw="1" slack="0"/>
</pin_list>
<bind>
<StgValue><ssdm name="registration_accumulate_kernel_Pipeline_VITIS_LOOP_141_10"/></StgValue>
</bind>
</comp>

<comp id="158" class="1001" name="const_158">
<pin_list>
<pin id="159" dir="1" index="0" bw="1" slack="0"/>
</pin_list>
<bind>
<StgValue><ssdm name=""/></StgValue>
</bind>
</comp>

<comp id="160" class="1001" name="const_160">
<pin_list>
<pin id="161" dir="1" index="0" bw="1" slack="2147483647"/>
</pin_list>
<bind>
<StgValue><ssdm name="_ssdm_op_SpecLoopTripCount"/></StgValue>
</bind>
</comp>

<comp id="162" class="1001" name="const_162">
<pin_list>
<pin id="163" dir="1" index="0" bw="1" slack="0"/>
</pin_list>
<bind>
<StgValue><ssdm name=""/></StgValue>
</bind>
</comp>

<comp id="164" class="1001" name="const_164">
<pin_list>
<pin id="165" dir="1" index="0" bw="1" slack="2147483647"/>
</pin_list>
<bind>
<StgValue><ssdm name="_ssdm_op_SpecLoopName"/></StgValue>
</bind>
</comp>

<comp id="166" class="1001" name="const_166">
<pin_list>
<pin id="167" dir="1" index="0" bw="1" slack="2147483647"/>
</pin_list>
<bind>
<StgValue><ssdm name="empty_24"/></StgValue>
</bind>
</comp>

<comp id="168" class="1001" name="const_168">
<pin_list>
<pin id="169" dir="1" index="0" bw="1" slack="0"/>
</pin_list>
<bind>
<StgValue><ssdm name="_ssdm_op_WriteReq.m_axi.p1i64"/></StgValue>
</bind>
</comp>

<comp id="170" class="1001" name="const_170">
<pin_list>
<pin id="171" dir="1" index="0" bw="1" slack="0"/>
</pin_list>
<bind>
<StgValue><ssdm name="registration_accumulate_kernel_Pipeline_VITIS_LOOP_151_11"/></StgValue>
</bind>
</comp>

<comp id="172" class="1001" name="const_172">
<pin_list>
<pin id="173" dir="1" index="0" bw="1" slack="0"/>
</pin_list>
<bind>
<StgValue><ssdm name="_ssdm_op_WriteResp.m_axi.p1i64"/></StgValue>
</bind>
</comp>

<comp id="174" class="1004" name="read_idx_fu_174">
<pin_list>
<pin id="175" dir="0" index="0" bw="1" slack="0"/>
<pin id="176" dir="1" index="1" bw="6" slack="0"/>
</pin_list>
<bind>
<opcode="alloca(26) " fcode="alloca"/>
<opset="read_idx/1 "/>
</bind>
</comp>

<comp id="178" class="1004" name="r_fu_178">
<pin_list>
<pin id="179" dir="0" index="0" bw="1" slack="0"/>
<pin id="180" dir="1" index="1" bw="3" slack="0"/>
</pin_list>
<bind>
<opcode="alloca(26) " fcode="alloca"/>
<opset="r/1 "/>
</bind>
</comp>

<comp id="182" class="1004" name="indvars_iv165_fu_182">
<pin_list>
<pin id="183" dir="0" index="0" bw="1" slack="0"/>
<pin id="184" dir="1" index="1" bw="3" slack="0"/>
</pin_list>
<bind>
<opcode="alloca(26) " fcode="alloca"/>
<opset="indvars_iv165/1 "/>
</bind>
</comp>

<comp id="186" class="1004" name="p_loc68_fu_186">
<pin_list>
<pin id="187" dir="0" index="0" bw="1" slack="0"/>
<pin id="188" dir="1" index="1" bw="64" slack="10"/>
</pin_list>
<bind>
<opcode="alloca(26) " fcode="alloca"/>
<opset="p_loc68/1 "/>
</bind>
</comp>

<comp id="190" class="1004" name="p_loc67_fu_190">
<pin_list>
<pin id="191" dir="0" index="0" bw="1" slack="0"/>
<pin id="192" dir="1" index="1" bw="64" slack="10"/>
</pin_list>
<bind>
<opcode="alloca(26) " fcode="alloca"/>
<opset="p_loc67/1 "/>
</bind>
</comp>

<comp id="194" class="1004" name="p_loc66_fu_194">
<pin_list>
<pin id="195" dir="0" index="0" bw="1" slack="0"/>
<pin id="196" dir="1" index="1" bw="64" slack="10"/>
</pin_list>
<bind>
<opcode="alloca(26) " fcode="alloca"/>
<opset="p_loc66/1 "/>
</bind>
</comp>

<comp id="198" class="1004" name="p_loc65_fu_198">
<pin_list>
<pin id="199" dir="0" index="0" bw="1" slack="0"/>
<pin id="200" dir="1" index="1" bw="64" slack="10"/>
</pin_list>
<bind>
<opcode="alloca(26) " fcode="alloca"/>
<opset="p_loc65/1 "/>
</bind>
</comp>

<comp id="202" class="1004" name="p_loc64_fu_202">
<pin_list>
<pin id="203" dir="0" index="0" bw="1" slack="0"/>
<pin id="204" dir="1" index="1" bw="64" slack="10"/>
</pin_list>
<bind>
<opcode="alloca(26) " fcode="alloca"/>
<opset="p_loc64/1 "/>
</bind>
</comp>

<comp id="206" class="1004" name="p_loc63_fu_206">
<pin_list>
<pin id="207" dir="0" index="0" bw="1" slack="0"/>
<pin id="208" dir="1" index="1" bw="64" slack="10"/>
</pin_list>
<bind>
<opcode="alloca(26) " fcode="alloca"/>
<opset="p_loc63/1 "/>
</bind>
</comp>

<comp id="210" class="1004" name="p_loc62_fu_210">
<pin_list>
<pin id="211" dir="0" index="0" bw="1" slack="0"/>
<pin id="212" dir="1" index="1" bw="64" slack="10"/>
</pin_list>
<bind>
<opcode="alloca(26) " fcode="alloca"/>
<opset="p_loc62/1 "/>
</bind>
</comp>

<comp id="214" class="1004" name="p_loc61_fu_214">
<pin_list>
<pin id="215" dir="0" index="0" bw="1" slack="0"/>
<pin id="216" dir="1" index="1" bw="64" slack="10"/>
</pin_list>
<bind>
<opcode="alloca(26) " fcode="alloca"/>
<opset="p_loc61/1 "/>
</bind>
</comp>

<comp id="218" class="1004" name="p_loc60_fu_218">
<pin_list>
<pin id="219" dir="0" index="0" bw="1" slack="0"/>
<pin id="220" dir="1" index="1" bw="64" slack="10"/>
</pin_list>
<bind>
<opcode="alloca(26) " fcode="alloca"/>
<opset="p_loc60/1 "/>
</bind>
</comp>

<comp id="222" class="1004" name="p_loc59_fu_222">
<pin_list>
<pin id="223" dir="0" index="0" bw="1" slack="0"/>
<pin id="224" dir="1" index="1" bw="64" slack="10"/>
</pin_list>
<bind>
<opcode="alloca(26) " fcode="alloca"/>
<opset="p_loc59/1 "/>
</bind>
</comp>

<comp id="226" class="1004" name="p_loc58_fu_226">
<pin_list>
<pin id="227" dir="0" index="0" bw="1" slack="0"/>
<pin id="228" dir="1" index="1" bw="64" slack="10"/>
</pin_list>
<bind>
<opcode="alloca(26) " fcode="alloca"/>
<opset="p_loc58/1 "/>
</bind>
</comp>

<comp id="230" class="1004" name="p_loc57_fu_230">
<pin_list>
<pin id="231" dir="0" index="0" bw="1" slack="0"/>
<pin id="232" dir="1" index="1" bw="64" slack="10"/>
</pin_list>
<bind>
<opcode="alloca(26) " fcode="alloca"/>
<opset="p_loc57/1 "/>
</bind>
</comp>

<comp id="234" class="1004" name="p_loc56_fu_234">
<pin_list>
<pin id="235" dir="0" index="0" bw="1" slack="0"/>
<pin id="236" dir="1" index="1" bw="64" slack="10"/>
</pin_list>
<bind>
<opcode="alloca(26) " fcode="alloca"/>
<opset="p_loc56/1 "/>
</bind>
</comp>

<comp id="238" class="1004" name="p_loc55_fu_238">
<pin_list>
<pin id="239" dir="0" index="0" bw="1" slack="0"/>
<pin id="240" dir="1" index="1" bw="64" slack="10"/>
</pin_list>
<bind>
<opcode="alloca(26) " fcode="alloca"/>
<opset="p_loc55/1 "/>
</bind>
</comp>

<comp id="242" class="1004" name="p_loc54_fu_242">
<pin_list>
<pin id="243" dir="0" index="0" bw="1" slack="0"/>
<pin id="244" dir="1" index="1" bw="64" slack="10"/>
</pin_list>
<bind>
<opcode="alloca(26) " fcode="alloca"/>
<opset="p_loc54/1 "/>
</bind>
</comp>

<comp id="246" class="1004" name="p_loc53_fu_246">
<pin_list>
<pin id="247" dir="0" index="0" bw="1" slack="0"/>
<pin id="248" dir="1" index="1" bw="64" slack="10"/>
</pin_list>
<bind>
<opcode="alloca(26) " fcode="alloca"/>
<opset="p_loc53/1 "/>
</bind>
</comp>

<comp id="250" class="1004" name="p_loc52_fu_250">
<pin_list>
<pin id="251" dir="0" index="0" bw="1" slack="0"/>
<pin id="252" dir="1" index="1" bw="64" slack="10"/>
</pin_list>
<bind>
<opcode="alloca(26) " fcode="alloca"/>
<opset="p_loc52/1 "/>
</bind>
</comp>

<comp id="254" class="1004" name="p_loc51_fu_254">
<pin_list>
<pin id="255" dir="0" index="0" bw="1" slack="0"/>
<pin id="256" dir="1" index="1" bw="64" slack="10"/>
</pin_list>
<bind>
<opcode="alloca(26) " fcode="alloca"/>
<opset="p_loc51/1 "/>
</bind>
</comp>

<comp id="258" class="1004" name="p_loc50_fu_258">
<pin_list>
<pin id="259" dir="0" index="0" bw="1" slack="0"/>
<pin id="260" dir="1" index="1" bw="64" slack="10"/>
</pin_list>
<bind>
<opcode="alloca(26) " fcode="alloca"/>
<opset="p_loc50/1 "/>
</bind>
</comp>

<comp id="262" class="1004" name="p_loc49_fu_262">
<pin_list>
<pin id="263" dir="0" index="0" bw="1" slack="0"/>
<pin id="264" dir="1" index="1" bw="64" slack="10"/>
</pin_list>
<bind>
<opcode="alloca(26) " fcode="alloca"/>
<opset="p_loc49/1 "/>
</bind>
</comp>

<comp id="266" class="1004" name="p_loc48_fu_266">
<pin_list>
<pin id="267" dir="0" index="0" bw="1" slack="0"/>
<pin id="268" dir="1" index="1" bw="64" slack="10"/>
</pin_list>
<bind>
<opcode="alloca(26) " fcode="alloca"/>
<opset="p_loc48/1 "/>
</bind>
</comp>

<comp id="270" class="1004" name="p_loc47_fu_270">
<pin_list>
<pin id="271" dir="0" index="0" bw="1" slack="0"/>
<pin id="272" dir="1" index="1" bw="64" slack="10"/>
</pin_list>
<bind>
<opcode="alloca(26) " fcode="alloca"/>
<opset="p_loc47/1 "/>
</bind>
</comp>

<comp id="274" class="1004" name="p_loc46_fu_274">
<pin_list>
<pin id="275" dir="0" index="0" bw="1" slack="0"/>
<pin id="276" dir="1" index="1" bw="64" slack="10"/>
</pin_list>
<bind>
<opcode="alloca(26) " fcode="alloca"/>
<opset="p_loc46/1 "/>
</bind>
</comp>

<comp id="278" class="1004" name="p_loc45_fu_278">
<pin_list>
<pin id="279" dir="0" index="0" bw="1" slack="0"/>
<pin id="280" dir="1" index="1" bw="64" slack="10"/>
</pin_list>
<bind>
<opcode="alloca(26) " fcode="alloca"/>
<opset="p_loc45/1 "/>
</bind>
</comp>

<comp id="282" class="1004" name="p_loc44_fu_282">
<pin_list>
<pin id="283" dir="0" index="0" bw="1" slack="0"/>
<pin id="284" dir="1" index="1" bw="64" slack="10"/>
</pin_list>
<bind>
<opcode="alloca(26) " fcode="alloca"/>
<opset="p_loc44/1 "/>
</bind>
</comp>

<comp id="286" class="1004" name="p_loc43_fu_286">
<pin_list>
<pin id="287" dir="0" index="0" bw="1" slack="0"/>
<pin id="288" dir="1" index="1" bw="64" slack="10"/>
</pin_list>
<bind>
<opcode="alloca(26) " fcode="alloca"/>
<opset="p_loc43/1 "/>
</bind>
</comp>

<comp id="290" class="1004" name="p_loc_fu_290">
<pin_list>
<pin id="291" dir="0" index="0" bw="1" slack="0"/>
<pin id="292" dir="1" index="1" bw="64" slack="10"/>
</pin_list>
<bind>
<opcode="alloca(26) " fcode="alloca"/>
<opset="p_loc/1 "/>
</bind>
</comp>

<comp id="294" class="1004" name="dropped_count_read_read_fu_294">
<pin_list>
<pin id="295" dir="0" index="0" bw="64" slack="0"/>
<pin id="296" dir="0" index="1" bw="64" slack="0"/>
<pin id="297" dir="1" index="2" bw="64" slack="0"/>
</pin_list>
<bind>
<opcode="read(1150) " fcode="read"/>
<opset="dropped_count_read/1 "/>
</bind>
</comp>

<comp id="300" class="1004" name="used_count_read_read_fu_300">
<pin_list>
<pin id="301" dir="0" index="0" bw="64" slack="0"/>
<pin id="302" dir="0" index="1" bw="64" slack="0"/>
<pin id="303" dir="1" index="2" bw="64" slack="0"/>
</pin_list>
<bind>
<opcode="read(1150) " fcode="read"/>
<opset="used_count_read/1 "/>
</bind>
</comp>

<comp id="306" class="1004" name="jtr_out_read_read_fu_306">
<pin_list>
<pin id="307" dir="0" index="0" bw="64" slack="0"/>
<pin id="308" dir="0" index="1" bw="64" slack="0"/>
<pin id="309" dir="1" index="2" bw="64" slack="13"/>
</pin_list>
<bind>
<opcode="read(1150) " fcode="read"/>
<opset="jtr_out_read/1 "/>
</bind>
</comp>

<comp id="312" class="1004" name="jtj_out_read_read_fu_312">
<pin_list>
<pin id="313" dir="0" index="0" bw="64" slack="0"/>
<pin id="314" dir="0" index="1" bw="64" slack="0"/>
<pin id="315" dir="1" index="2" bw="64" slack="14"/>
</pin_list>
<bind>
<opcode="read(1150) " fcode="read"/>
<opset="jtj_out_read/1 "/>
</bind>
</comp>

<comp id="318" class="1004" name="kernel_read_read_fu_318">
<pin_list>
<pin id="319" dir="0" index="0" bw="32" slack="0"/>
<pin id="320" dir="0" index="1" bw="32" slack="0"/>
<pin id="321" dir="1" index="2" bw="32" slack="6"/>
</pin_list>
<bind>
<opcode="read(1150) " fcode="read"/>
<opset="kernel_read/1 "/>
</bind>
</comp>

<comp id="324" class="1004" name="correspondence_count_read_read_fu_324">
<pin_list>
<pin id="325" dir="0" index="0" bw="32" slack="0"/>
<pin id="326" dir="0" index="1" bw="32" slack="0"/>
<pin id="327" dir="1" index="2" bw="32" slack="0"/>
</pin_list>
<bind>
<opcode="read(1150) " fcode="read"/>
<opset="correspondence_count_read/1 "/>
</bind>
</comp>

<comp id="330" class="1004" name="labels_read_read_fu_330">
<pin_list>
<pin id="331" dir="0" index="0" bw="64" slack="0"/>
<pin id="332" dir="0" index="1" bw="64" slack="0"/>
<pin id="333" dir="1" index="2" bw="64" slack="0"/>
</pin_list>
<bind>
<opcode="read(1150) " fcode="read"/>
<opset="labels_read/1 "/>
</bind>
</comp>

<comp id="336" class="1004" name="tgt_xyz_read_read_fu_336">
<pin_list>
<pin id="337" dir="0" index="0" bw="64" slack="0"/>
<pin id="338" dir="0" index="1" bw="64" slack="0"/>
<pin id="339" dir="1" index="2" bw="64" slack="0"/>
</pin_list>
<bind>
<opcode="read(1150) " fcode="read"/>
<opset="tgt_xyz_read/1 "/>
</bind>
</comp>

<comp id="342" class="1004" name="src_xyz_read_read_fu_342">
<pin_list>
<pin id="343" dir="0" index="0" bw="64" slack="0"/>
<pin id="344" dir="0" index="1" bw="64" slack="0"/>
<pin id="345" dir="1" index="2" bw="64" slack="0"/>
</pin_list>
<bind>
<opcode="read(1150) " fcode="read"/>
<opset="src_xyz_read/1 "/>
</bind>
</comp>

<comp id="348" class="1004" name="grp_writeresp_fu_348">
<pin_list>
<pin id="349" dir="0" index="0" bw="1" slack="0"/>
<pin id="350" dir="0" index="1" bw="32" slack="1"/>
<pin id="351" dir="0" index="2" bw="1" slack="0"/>
<pin id="352" dir="1" index="3" bw="1" slack="2147483647"/>
</pin_list>
<bind>
<opcode="writereq(1155) writeresp(1158) " fcode="writeresp"/>
<opset="gmem4_addr_req/2 gmem4_addr_resp/4 "/>
</bind>
</comp>

<comp id="355" class="1004" name="write_ln64_write_fu_355">
<pin_list>
<pin id="356" dir="0" index="0" bw="0" slack="0"/>
<pin id="357" dir="0" index="1" bw="32" slack="2"/>
<pin id="358" dir="0" index="2" bw="15" slack="0"/>
<pin id="359" dir="0" index="3" bw="1" slack="0"/>
<pin id="360" dir="1" index="4" bw="0" slack="2147483647"/>
</pin_list>
<bind>
<opcode="write(1151) " fcode="write"/>
<opset="write_ln64/3 "/>
</bind>
</comp>

<comp id="363" class="1004" name="grp_readreq_fu_363">
<pin_list>
<pin id="364" dir="0" index="0" bw="1" slack="0"/>
<pin id="365" dir="0" index="1" bw="32" slack="0"/>
<pin id="366" dir="0" index="2" bw="16" slack="0"/>
<pin id="367" dir="1" index="3" bw="1" slack="2147483647"/>
</pin_list>
<bind>
<opcode="readreq(1154) " fcode="readreq"/>
<opset="empty_57/3 "/>
</bind>
</comp>

<comp id="369" class="1004" name="grp_readreq_fu_369">
<pin_list>
<pin id="370" dir="0" index="0" bw="1" slack="0"/>
<pin id="371" dir="0" index="1" bw="32" slack="0"/>
<pin id="372" dir="0" index="2" bw="16" slack="0"/>
<pin id="373" dir="1" index="3" bw="1" slack="2147483647"/>
</pin_list>
<bind>
<opcode="readreq(1154) " fcode="readreq"/>
<opset="empty_58/3 "/>
</bind>
</comp>

<comp id="375" class="1004" name="grp_readreq_fu_375">
<pin_list>
<pin id="376" dir="0" index="0" bw="1" slack="0"/>
<pin id="377" dir="0" index="1" bw="32" slack="0"/>
<pin id="378" dir="0" index="2" bw="15" slack="0"/>
<pin id="379" dir="1" index="3" bw="1" slack="2147483647"/>
</pin_list>
<bind>
<opcode="readreq(1154) " fcode="readreq"/>
<opset="empty_59/3 "/>
</bind>
</comp>

<comp id="382" class="1004" name="grp_writeresp_fu_382">
<pin_list>
<pin id="383" dir="0" index="0" bw="1" slack="0"/>
<pin id="384" dir="0" index="1" bw="32" slack="3"/>
<pin id="385" dir="0" index="2" bw="1" slack="0"/>
<pin id="386" dir="1" index="3" bw="1" slack="2147483647"/>
</pin_list>
<bind>
<opcode="writereq(1155) writeresp(1158) " fcode="writeresp"/>
<opset="gmem4_addr_1_req/4 gmem4_addr_1_resp/6 "/>
</bind>
</comp>

<comp id="389" class="1004" name="write_ln65_write_fu_389">
<pin_list>
<pin id="390" dir="0" index="0" bw="0" slack="0"/>
<pin id="391" dir="0" index="1" bw="32" slack="4"/>
<pin id="392" dir="0" index="2" bw="32" slack="2"/>
<pin id="393" dir="0" index="3" bw="1" slack="0"/>
<pin id="394" dir="1" index="4" bw="0" slack="2147483647"/>
</pin_list>
<bind>
<opcode="write(1151) " fcode="write"/>
<opset="write_ln65/5 "/>
</bind>
</comp>

<comp id="398" class="1004" name="grp_writeresp_fu_398">
<pin_list>
<pin id="399" dir="0" index="0" bw="1" slack="0"/>
<pin id="400" dir="0" index="1" bw="64" slack="0"/>
<pin id="401" dir="0" index="2" bw="4" slack="0"/>
<pin id="402" dir="1" index="3" bw="1" slack="2147483647"/>
</pin_list>
<bind>
<opcode="writereq(1155) writeresp(1158) " fcode="writeresp"/>
<opset="empty_64/17 empty_65/20 "/>
</bind>
</comp>

<comp id="406" class="1004" name="grp_registration_accumulate_kernel_Pipeline_VITIS_LOOP_70_3_fu_406">
<pin_list>
<pin id="407" dir="0" index="0" bw="0" slack="0"/>
<pin id="408" dir="0" index="1" bw="32" slack="0"/>
<pin id="409" dir="0" index="2" bw="32" slack="0"/>
<pin id="410" dir="0" index="3" bw="32" slack="0"/>
<pin id="411" dir="0" index="4" bw="33" slack="0"/>
<pin id="412" dir="0" index="5" bw="62" slack="10"/>
<pin id="413" dir="0" index="6" bw="62" slack="10"/>
<pin id="414" dir="0" index="7" bw="62" slack="10"/>
<pin id="415" dir="0" index="8" bw="32" slack="1"/>
<pin id="416" dir="0" index="9" bw="64" slack="10"/>
<pin id="417" dir="0" index="10" bw="64" slack="10"/>
<pin id="418" dir="0" index="11" bw="64" slack="10"/>
<pin id="419" dir="0" index="12" bw="64" slack="10"/>
<pin id="420" dir="0" index="13" bw="64" slack="10"/>
<pin id="421" dir="0" index="14" bw="64" slack="10"/>
<pin id="422" dir="0" index="15" bw="64" slack="10"/>
<pin id="423" dir="0" index="16" bw="64" slack="10"/>
<pin id="424" dir="0" index="17" bw="64" slack="10"/>
<pin id="425" dir="0" index="18" bw="64" slack="10"/>
<pin id="426" dir="0" index="19" bw="64" slack="10"/>
<pin id="427" dir="0" index="20" bw="64" slack="10"/>
<pin id="428" dir="0" index="21" bw="64" slack="10"/>
<pin id="429" dir="0" index="22" bw="64" slack="10"/>
<pin id="430" dir="0" index="23" bw="64" slack="10"/>
<pin id="431" dir="0" index="24" bw="64" slack="10"/>
<pin id="432" dir="0" index="25" bw="64" slack="10"/>
<pin id="433" dir="0" index="26" bw="64" slack="10"/>
<pin id="434" dir="0" index="27" bw="64" slack="10"/>
<pin id="435" dir="0" index="28" bw="64" slack="10"/>
<pin id="436" dir="0" index="29" bw="64" slack="10"/>
<pin id="437" dir="0" index="30" bw="64" slack="10"/>
<pin id="438" dir="0" index="31" bw="64" slack="10"/>
<pin id="439" dir="0" index="32" bw="64" slack="10"/>
<pin id="440" dir="0" index="33" bw="64" slack="10"/>
<pin id="441" dir="0" index="34" bw="64" slack="10"/>
<pin id="442" dir="0" index="35" bw="64" slack="10"/>
<pin id="443" dir="1" index="36" bw="0" slack="2147483647"/>
</pin_list>
<bind>
<opcode="call(48) " fcode="call"/>
<opset="call_ln70/11 "/>
</bind>
</comp>

<comp id="448" class="1004" name="grp_registration_accumulate_kernel_Pipeline_VITIS_LOOP_141_10_fu_448">
<pin_list>
<pin id="449" dir="0" index="0" bw="0" slack="0"/>
<pin id="450" dir="0" index="1" bw="6" slack="0"/>
<pin id="451" dir="0" index="2" bw="3" slack="1"/>
<pin id="452" dir="0" index="3" bw="64" slack="0"/>
<pin id="453" dir="0" index="4" bw="64" slack="2147483647"/>
<pin id="454" dir="0" index="5" bw="64" slack="2147483647"/>
<pin id="455" dir="0" index="6" bw="64" slack="2147483647"/>
<pin id="456" dir="0" index="7" bw="64" slack="2147483647"/>
<pin id="457" dir="0" index="8" bw="64" slack="2147483647"/>
<pin id="458" dir="0" index="9" bw="64" slack="2147483647"/>
<pin id="459" dir="0" index="10" bw="64" slack="2147483647"/>
<pin id="460" dir="0" index="11" bw="64" slack="2147483647"/>
<pin id="461" dir="0" index="12" bw="64" slack="2147483647"/>
<pin id="462" dir="0" index="13" bw="64" slack="2147483647"/>
<pin id="463" dir="0" index="14" bw="64" slack="2147483647"/>
<pin id="464" dir="0" index="15" bw="64" slack="2147483647"/>
<pin id="465" dir="0" index="16" bw="64" slack="2147483647"/>
<pin id="466" dir="0" index="17" bw="64" slack="2147483647"/>
<pin id="467" dir="0" index="18" bw="64" slack="2147483647"/>
<pin id="468" dir="0" index="19" bw="64" slack="2147483647"/>
<pin id="469" dir="0" index="20" bw="64" slack="2147483647"/>
<pin id="470" dir="0" index="21" bw="64" slack="2147483647"/>
<pin id="471" dir="0" index="22" bw="64" slack="2147483647"/>
<pin id="472" dir="0" index="23" bw="64" slack="2147483647"/>
<pin id="473" dir="0" index="24" bw="64" slack="2147483647"/>
<pin id="474" dir="0" index="25" bw="5" slack="1"/>
<pin id="475" dir="0" index="26" bw="64" slack="14"/>
<pin id="476" dir="0" index="27" bw="3" slack="1"/>
<pin id="477" dir="1" index="28" bw="0" slack="2147483647"/>
</pin_list>
<bind>
<opcode="call(48) " fcode="call"/>
<opset="call_ln140/15 "/>
</bind>
</comp>

<comp id="480" class="1004" name="grp_registration_accumulate_kernel_Pipeline_VITIS_LOOP_151_11_fu_480">
<pin_list>
<pin id="481" dir="0" index="0" bw="0" slack="0"/>
<pin id="482" dir="0" index="1" bw="64" slack="0"/>
<pin id="483" dir="0" index="2" bw="61" slack="2"/>
<pin id="484" dir="0" index="3" bw="64" slack="2147483647"/>
<pin id="485" dir="0" index="4" bw="64" slack="2147483647"/>
<pin id="486" dir="0" index="5" bw="64" slack="2147483647"/>
<pin id="487" dir="0" index="6" bw="64" slack="2147483647"/>
<pin id="488" dir="0" index="7" bw="64" slack="2147483647"/>
<pin id="489" dir="0" index="8" bw="64" slack="2147483647"/>
<pin id="490" dir="1" index="9" bw="0" slack="2147483647"/>
</pin_list>
<bind>
<opcode="call(48) " fcode="call"/>
<opset="call_ln151/18 "/>
</bind>
</comp>

<comp id="493" class="1004" name="grp_fu_493">
<pin_list>
<pin id="494" dir="0" index="0" bw="32" slack="6"/>
<pin id="495" dir="0" index="1" bw="32" slack="6"/>
<pin id="496" dir="1" index="2" bw="32" slack="1"/>
</pin_list>
<bind>
<opcode="fmul(13) " fcode="fmul"/>
<opset="kernel_sq/7 mul/11 mul1/12 mul2/13 mul3/52 "/>
</bind>
</comp>

<comp id="497" class="1004" name="trunc_ln26_fu_497">
<pin_list>
<pin id="498" dir="0" index="0" bw="32" slack="0"/>
<pin id="499" dir="1" index="1" bw="31" slack="1"/>
</pin_list>
<bind>
<opcode="trunc(33) " fcode="trunc"/>
<opset="trunc_ln26/1 "/>
</bind>
</comp>

<comp id="501" class="1004" name="tmp_fu_501">
<pin_list>
<pin id="502" dir="0" index="0" bw="1" slack="0"/>
<pin id="503" dir="0" index="1" bw="32" slack="0"/>
<pin id="504" dir="0" index="2" bw="6" slack="0"/>
<pin id="505" dir="1" index="3" bw="1" slack="1"/>
</pin_list>
<bind>
<opcode="bitselect(1000) " fcode="bitselect"/>
<opset="tmp/1 "/>
</bind>
</comp>

<comp id="509" class="1004" name="trunc_ln2_fu_509">
<pin_list>
<pin id="510" dir="0" index="0" bw="62" slack="0"/>
<pin id="511" dir="0" index="1" bw="64" slack="0"/>
<pin id="512" dir="0" index="2" bw="3" slack="0"/>
<pin id="513" dir="0" index="3" bw="7" slack="0"/>
<pin id="514" dir="1" index="4" bw="62" slack="0"/>
</pin_list>
<bind>
<opcode="partselect(1002) " fcode="partselect"/>
<opset="trunc_ln2/1 "/>
</bind>
</comp>

<comp id="519" class="1004" name="sext_ln64_fu_519">
<pin_list>
<pin id="520" dir="0" index="0" bw="62" slack="0"/>
<pin id="521" dir="1" index="1" bw="64" slack="0"/>
</pin_list>
<bind>
<opcode="sext(35) " fcode="sext"/>
<opset="sext_ln64/1 "/>
</bind>
</comp>

<comp id="523" class="1004" name="gmem4_addr_fu_523">
<pin_list>
<pin id="524" dir="0" index="0" bw="64" slack="0"/>
<pin id="525" dir="0" index="1" bw="64" slack="0"/>
<pin id="526" dir="1" index="2" bw="64" slack="1"/>
</pin_list>
<bind>
<opcode="getelementptr(29) " fcode="getelementptr"/>
<opset="gmem4_addr/1 "/>
</bind>
</comp>

<comp id="529" class="1004" name="trunc_ln3_fu_529">
<pin_list>
<pin id="530" dir="0" index="0" bw="62" slack="0"/>
<pin id="531" dir="0" index="1" bw="64" slack="0"/>
<pin id="532" dir="0" index="2" bw="3" slack="0"/>
<pin id="533" dir="0" index="3" bw="7" slack="0"/>
<pin id="534" dir="1" index="4" bw="62" slack="0"/>
</pin_list>
<bind>
<opcode="partselect(1002) " fcode="partselect"/>
<opset="trunc_ln3/1 "/>
</bind>
</comp>

<comp id="539" class="1004" name="sext_ln65_fu_539">
<pin_list>
<pin id="540" dir="0" index="0" bw="62" slack="0"/>
<pin id="541" dir="1" index="1" bw="64" slack="0"/>
</pin_list>
<bind>
<opcode="sext(35) " fcode="sext"/>
<opset="sext_ln65/1 "/>
</bind>
</comp>

<comp id="543" class="1004" name="gmem4_addr_1_fu_543">
<pin_list>
<pin id="544" dir="0" index="0" bw="64" slack="0"/>
<pin id="545" dir="0" index="1" bw="64" slack="0"/>
<pin id="546" dir="1" index="2" bw="64" slack="3"/>
</pin_list>
<bind>
<opcode="getelementptr(29) " fcode="getelementptr"/>
<opset="gmem4_addr_1/1 "/>
</bind>
</comp>

<comp id="549" class="1004" name="trunc_ln4_fu_549">
<pin_list>
<pin id="550" dir="0" index="0" bw="62" slack="0"/>
<pin id="551" dir="0" index="1" bw="64" slack="0"/>
<pin id="552" dir="0" index="2" bw="3" slack="0"/>
<pin id="553" dir="0" index="3" bw="7" slack="0"/>
<pin id="554" dir="1" index="4" bw="62" slack="2"/>
</pin_list>
<bind>
<opcode="partselect(1002) " fcode="partselect"/>
<opset="trunc_ln4/1 "/>
</bind>
</comp>

<comp id="559" class="1004" name="trunc_ln70_1_fu_559">
<pin_list>
<pin id="560" dir="0" index="0" bw="62" slack="0"/>
<pin id="561" dir="0" index="1" bw="64" slack="0"/>
<pin id="562" dir="0" index="2" bw="3" slack="0"/>
<pin id="563" dir="0" index="3" bw="7" slack="0"/>
<pin id="564" dir="1" index="4" bw="62" slack="2"/>
</pin_list>
<bind>
<opcode="partselect(1002) " fcode="partselect"/>
<opset="trunc_ln70_1/1 "/>
</bind>
</comp>

<comp id="569" class="1004" name="trunc_ln70_2_fu_569">
<pin_list>
<pin id="570" dir="0" index="0" bw="62" slack="0"/>
<pin id="571" dir="0" index="1" bw="64" slack="0"/>
<pin id="572" dir="0" index="2" bw="3" slack="0"/>
<pin id="573" dir="0" index="3" bw="7" slack="0"/>
<pin id="574" dir="1" index="4" bw="62" slack="2"/>
</pin_list>
<bind>
<opcode="partselect(1002) " fcode="partselect"/>
<opset="trunc_ln70_2/1 "/>
</bind>
</comp>

<comp id="579" class="1004" name="store_ln0_store_fu_579">
<pin_list>
<pin id="580" dir="0" index="0" bw="2" slack="0"/>
<pin id="581" dir="0" index="1" bw="3" slack="0"/>
<pin id="582" dir="1" index="2" bw="0" slack="2147483647"/>
</pin_list>
<bind>
<opcode="store(28) " fcode="store"/>
<opset="store_ln0/1 "/>
</bind>
</comp>

<comp id="584" class="1004" name="store_ln140_store_fu_584">
<pin_list>
<pin id="585" dir="0" index="0" bw="1" slack="0"/>
<pin id="586" dir="0" index="1" bw="3" slack="0"/>
<pin id="587" dir="1" index="2" bw="0" slack="2147483647"/>
</pin_list>
<bind>
<opcode="store(28) " fcode="store"/>
<opset="store_ln140/1 "/>
</bind>
</comp>

<comp id="589" class="1004" name="store_ln139_store_fu_589">
<pin_list>
<pin id="590" dir="0" index="0" bw="1" slack="0"/>
<pin id="591" dir="0" index="1" bw="6" slack="0"/>
<pin id="592" dir="1" index="2" bw="0" slack="2147483647"/>
</pin_list>
<bind>
<opcode="store(28) " fcode="store"/>
<opset="store_ln139/1 "/>
</bind>
</comp>

<comp id="594" class="1004" name="requested_fu_594">
<pin_list>
<pin id="595" dir="0" index="0" bw="1" slack="1"/>
<pin id="596" dir="0" index="1" bw="31" slack="0"/>
<pin id="597" dir="0" index="2" bw="31" slack="1"/>
<pin id="598" dir="1" index="3" bw="31" slack="0"/>
</pin_list>
<bind>
<opcode="select(49) " fcode="select"/>
<opset="requested/2 "/>
</bind>
</comp>

<comp id="600" class="1004" name="trunc_ln61_fu_600">
<pin_list>
<pin id="601" dir="0" index="0" bw="31" slack="0"/>
<pin id="602" dir="1" index="1" bw="15" slack="0"/>
</pin_list>
<bind>
<opcode="trunc(33) " fcode="trunc"/>
<opset="trunc_ln61/2 "/>
</bind>
</comp>

<comp id="604" class="1004" name="icmp_ln200_fu_604">
<pin_list>
<pin id="605" dir="0" index="0" bw="31" slack="0"/>
<pin id="606" dir="0" index="1" bw="31" slack="0"/>
<pin id="607" dir="1" index="2" bw="1" slack="0"/>
</pin_list>
<bind>
<opcode="icmp(45) " fcode="icmp"/>
<opset="icmp_ln200/2 "/>
</bind>
</comp>

<comp id="610" class="1004" name="bounded_count_fu_610">
<pin_list>
<pin id="611" dir="0" index="0" bw="1" slack="0"/>
<pin id="612" dir="0" index="1" bw="15" slack="0"/>
<pin id="613" dir="0" index="2" bw="15" slack="0"/>
<pin id="614" dir="1" index="3" bw="15" slack="0"/>
</pin_list>
<bind>
<opcode="select(49) " fcode="select"/>
<opset="bounded_count/2 "/>
</bind>
</comp>

<comp id="618" class="1004" name="icmp_ln70_fu_618">
<pin_list>
<pin id="619" dir="0" index="0" bw="15" slack="0"/>
<pin id="620" dir="0" index="1" bw="15" slack="0"/>
<pin id="621" dir="1" index="2" bw="1" slack="0"/>
</pin_list>
<bind>
<opcode="icmp(45) " fcode="icmp"/>
<opset="icmp_ln70/2 "/>
</bind>
</comp>

<comp id="624" class="1004" name="zext_ln70_fu_624">
<pin_list>
<pin id="625" dir="0" index="0" bw="15" slack="0"/>
<pin id="626" dir="1" index="1" bw="16" slack="0"/>
</pin_list>
<bind>
<opcode="zext(34) " fcode="zext"/>
<opset="zext_ln70/2 "/>
</bind>
</comp>

<comp id="628" class="1004" name="trunc_ln70_fu_628">
<pin_list>
<pin id="629" dir="0" index="0" bw="15" slack="0"/>
<pin id="630" dir="1" index="1" bw="14" slack="0"/>
</pin_list>
<bind>
<opcode="trunc(33) " fcode="trunc"/>
<opset="trunc_ln70/2 "/>
</bind>
</comp>

<comp id="632" class="1004" name="p_shl_fu_632">
<pin_list>
<pin id="633" dir="0" index="0" bw="16" slack="0"/>
<pin id="634" dir="0" index="1" bw="14" slack="0"/>
<pin id="635" dir="0" index="2" bw="1" slack="0"/>
<pin id="636" dir="1" index="3" bw="16" slack="0"/>
</pin_list>
<bind>
<opcode="bitconcatenate(1004) " fcode="bitconcatenate"/>
<opset="p_shl/2 "/>
</bind>
</comp>

<comp id="640" class="1004" name="sub_ln70_1_fu_640">
<pin_list>
<pin id="641" dir="0" index="0" bw="16" slack="0"/>
<pin id="642" dir="0" index="1" bw="15" slack="0"/>
<pin id="643" dir="1" index="2" bw="16" slack="0"/>
</pin_list>
<bind>
<opcode="sub(10) " fcode="sub"/>
<opset="sub_ln70_1/2 "/>
</bind>
</comp>

<comp id="646" class="1004" name="empty_fu_646">
<pin_list>
<pin id="647" dir="0" index="0" bw="1" slack="0"/>
<pin id="648" dir="0" index="1" bw="16" slack="0"/>
<pin id="649" dir="0" index="2" bw="16" slack="0"/>
<pin id="650" dir="1" index="3" bw="16" slack="1"/>
</pin_list>
<bind>
<opcode="select(49) " fcode="select"/>
<opset="empty/2 "/>
</bind>
</comp>

<comp id="654" class="1004" name="zext_ln61_fu_654">
<pin_list>
<pin id="655" dir="0" index="0" bw="31" slack="1"/>
<pin id="656" dir="1" index="1" bw="32" slack="0"/>
</pin_list>
<bind>
<opcode="zext(34) " fcode="zext"/>
<opset="zext_ln61/3 "/>
</bind>
</comp>

<comp id="657" class="1004" name="zext_ln62_fu_657">
<pin_list>
<pin id="658" dir="0" index="0" bw="15" slack="1"/>
<pin id="659" dir="1" index="1" bw="32" slack="0"/>
</pin_list>
<bind>
<opcode="zext(34) " fcode="zext"/>
<opset="zext_ln62/3 "/>
</bind>
</comp>

<comp id="661" class="1004" name="sub_ln65_fu_661">
<pin_list>
<pin id="662" dir="0" index="0" bw="31" slack="0"/>
<pin id="663" dir="0" index="1" bw="15" slack="0"/>
<pin id="664" dir="1" index="2" bw="32" slack="2"/>
</pin_list>
<bind>
<opcode="sub(10) " fcode="sub"/>
<opset="sub_ln65/3 "/>
</bind>
</comp>

<comp id="667" class="1004" name="sext_ln70_fu_667">
<pin_list>
<pin id="668" dir="0" index="0" bw="62" slack="2"/>
<pin id="669" dir="1" index="1" bw="64" slack="0"/>
</pin_list>
<bind>
<opcode="sext(35) " fcode="sext"/>
<opset="sext_ln70/3 "/>
</bind>
</comp>

<comp id="670" class="1004" name="gmem0_addr_fu_670">
<pin_list>
<pin id="671" dir="0" index="0" bw="64" slack="0"/>
<pin id="672" dir="0" index="1" bw="64" slack="0"/>
<pin id="673" dir="1" index="2" bw="64" slack="0"/>
</pin_list>
<bind>
<opcode="getelementptr(29) " fcode="getelementptr"/>
<opset="gmem0_addr/3 "/>
</bind>
</comp>

<comp id="677" class="1004" name="zext_ln70_1_fu_677">
<pin_list>
<pin id="678" dir="0" index="0" bw="16" slack="1"/>
<pin id="679" dir="1" index="1" bw="64" slack="0"/>
</pin_list>
<bind>
<opcode="zext(34) " fcode="zext"/>
<opset="zext_ln70_1/3 "/>
</bind>
</comp>

<comp id="682" class="1004" name="sext_ln70_1_fu_682">
<pin_list>
<pin id="683" dir="0" index="0" bw="62" slack="2"/>
<pin id="684" dir="1" index="1" bw="64" slack="0"/>
</pin_list>
<bind>
<opcode="sext(35) " fcode="sext"/>
<opset="sext_ln70_1/3 "/>
</bind>
</comp>

<comp id="685" class="1004" name="gmem1_addr_fu_685">
<pin_list>
<pin id="686" dir="0" index="0" bw="64" slack="0"/>
<pin id="687" dir="0" index="1" bw="64" slack="0"/>
<pin id="688" dir="1" index="2" bw="64" slack="0"/>
</pin_list>
<bind>
<opcode="getelementptr(29) " fcode="getelementptr"/>
<opset="gmem1_addr/3 "/>
</bind>
</comp>

<comp id="692" class="1004" name="sext_ln70_2_fu_692">
<pin_list>
<pin id="693" dir="0" index="0" bw="62" slack="2"/>
<pin id="694" dir="1" index="1" bw="64" slack="0"/>
</pin_list>
<bind>
<opcode="sext(35) " fcode="sext"/>
<opset="sext_ln70_2/3 "/>
</bind>
</comp>

<comp id="695" class="1004" name="gmem2_addr_fu_695">
<pin_list>
<pin id="696" dir="0" index="0" bw="64" slack="0"/>
<pin id="697" dir="0" index="1" bw="64" slack="0"/>
<pin id="698" dir="1" index="2" bw="64" slack="0"/>
</pin_list>
<bind>
<opcode="getelementptr(29) " fcode="getelementptr"/>
<opset="gmem2_addr/3 "/>
</bind>
</comp>

<comp id="702" class="1004" name="zext_ln70_2_fu_702">
<pin_list>
<pin id="703" dir="0" index="0" bw="15" slack="1"/>
<pin id="704" dir="1" index="1" bw="64" slack="0"/>
</pin_list>
<bind>
<opcode="zext(34) " fcode="zext"/>
<opset="zext_ln70_2/3 "/>
</bind>
</comp>

<comp id="706" class="1004" name="empty_60_fu_706">
<pin_list>
<pin id="707" dir="0" index="0" bw="32" slack="10"/>
<pin id="708" dir="0" index="1" bw="32" slack="0"/>
<pin id="709" dir="1" index="2" bw="1" slack="0"/>
</pin_list>
<bind>
<opcode="icmp(45) " fcode="icmp"/>
<opset="empty_60/11 "/>
</bind>
</comp>

<comp id="711" class="1004" name="xor_ln70_fu_711">
<pin_list>
<pin id="712" dir="0" index="0" bw="32" slack="10"/>
<pin id="713" dir="0" index="1" bw="32" slack="0"/>
<pin id="714" dir="1" index="2" bw="32" slack="0"/>
</pin_list>
<bind>
<opcode="xor(25) " fcode="xor"/>
<opset="xor_ln70/11 "/>
</bind>
</comp>

<comp id="716" class="1004" name="select_ln70_fu_716">
<pin_list>
<pin id="717" dir="0" index="0" bw="1" slack="0"/>
<pin id="718" dir="0" index="1" bw="32" slack="0"/>
<pin id="719" dir="0" index="2" bw="32" slack="0"/>
<pin id="720" dir="1" index="3" bw="32" slack="0"/>
</pin_list>
<bind>
<opcode="select(49) " fcode="select"/>
<opset="select_ln70/11 "/>
</bind>
</comp>

<comp id="724" class="1004" name="empty_61_fu_724">
<pin_list>
<pin id="725" dir="0" index="0" bw="32" slack="0"/>
<pin id="726" dir="0" index="1" bw="32" slack="0"/>
<pin id="727" dir="1" index="2" bw="1" slack="0"/>
</pin_list>
<bind>
<opcode="icmp(45) " fcode="icmp"/>
<opset="empty_61/11 "/>
</bind>
</comp>

<comp id="730" class="1004" name="sub_ln70_fu_730">
<pin_list>
<pin id="731" dir="0" index="0" bw="1" slack="0"/>
<pin id="732" dir="0" index="1" bw="32" slack="0"/>
<pin id="733" dir="1" index="2" bw="32" slack="0"/>
</pin_list>
<bind>
<opcode="sub(10) " fcode="sub"/>
<opset="sub_ln70/11 "/>
</bind>
</comp>

<comp id="736" class="1004" name="select_ln70_1_fu_736">
<pin_list>
<pin id="737" dir="0" index="0" bw="1" slack="0"/>
<pin id="738" dir="0" index="1" bw="32" slack="0"/>
<pin id="739" dir="0" index="2" bw="32" slack="0"/>
<pin id="740" dir="1" index="3" bw="32" slack="0"/>
</pin_list>
<bind>
<opcode="select(49) " fcode="select"/>
<opset="select_ln70_1/11 "/>
</bind>
</comp>

<comp id="744" class="1004" name="zext_ln70_3_fu_744">
<pin_list>
<pin id="745" dir="0" index="0" bw="32" slack="0"/>
<pin id="746" dir="1" index="1" bw="33" slack="0"/>
</pin_list>
<bind>
<opcode="zext(34) " fcode="zext"/>
<opset="zext_ln70_3/11 "/>
</bind>
</comp>

<comp id="748" class="1004" name="add_ln70_fu_748">
<pin_list>
<pin id="749" dir="0" index="0" bw="32" slack="0"/>
<pin id="750" dir="0" index="1" bw="1" slack="0"/>
<pin id="751" dir="1" index="2" bw="33" slack="0"/>
</pin_list>
<bind>
<opcode="add(8) " fcode="add"/>
<opset="add_ln70/11 "/>
</bind>
</comp>

<comp id="755" class="1004" name="p_loc_load_load_fu_755">
<pin_list>
<pin id="756" dir="0" index="0" bw="64" slack="12"/>
<pin id="757" dir="1" index="1" bw="64" slack="2147483647"/>
</pin_list>
<bind>
<opcode="load(27) " fcode="load"/>
<opset="p_loc_load/13 "/>
</bind>
</comp>

<comp id="758" class="1004" name="p_loc43_load_load_fu_758">
<pin_list>
<pin id="759" dir="0" index="0" bw="64" slack="12"/>
<pin id="760" dir="1" index="1" bw="64" slack="2147483647"/>
</pin_list>
<bind>
<opcode="load(27) " fcode="load"/>
<opset="p_loc43_load/13 "/>
</bind>
</comp>

<comp id="761" class="1004" name="p_loc44_load_load_fu_761">
<pin_list>
<pin id="762" dir="0" index="0" bw="64" slack="12"/>
<pin id="763" dir="1" index="1" bw="64" slack="2147483647"/>
</pin_list>
<bind>
<opcode="load(27) " fcode="load"/>
<opset="p_loc44_load/13 "/>
</bind>
</comp>

<comp id="764" class="1004" name="p_loc45_load_load_fu_764">
<pin_list>
<pin id="765" dir="0" index="0" bw="64" slack="12"/>
<pin id="766" dir="1" index="1" bw="64" slack="2147483647"/>
</pin_list>
<bind>
<opcode="load(27) " fcode="load"/>
<opset="p_loc45_load/13 "/>
</bind>
</comp>

<comp id="767" class="1004" name="p_loc46_load_load_fu_767">
<pin_list>
<pin id="768" dir="0" index="0" bw="64" slack="12"/>
<pin id="769" dir="1" index="1" bw="64" slack="2147483647"/>
</pin_list>
<bind>
<opcode="load(27) " fcode="load"/>
<opset="p_loc46_load/13 "/>
</bind>
</comp>

<comp id="770" class="1004" name="p_loc47_load_load_fu_770">
<pin_list>
<pin id="771" dir="0" index="0" bw="64" slack="12"/>
<pin id="772" dir="1" index="1" bw="64" slack="2147483647"/>
</pin_list>
<bind>
<opcode="load(27) " fcode="load"/>
<opset="p_loc47_load/13 "/>
</bind>
</comp>

<comp id="773" class="1004" name="p_loc48_load_load_fu_773">
<pin_list>
<pin id="774" dir="0" index="0" bw="64" slack="12"/>
<pin id="775" dir="1" index="1" bw="64" slack="2147483647"/>
</pin_list>
<bind>
<opcode="load(27) " fcode="load"/>
<opset="p_loc48_load/13 "/>
</bind>
</comp>

<comp id="776" class="1004" name="p_loc49_load_load_fu_776">
<pin_list>
<pin id="777" dir="0" index="0" bw="64" slack="12"/>
<pin id="778" dir="1" index="1" bw="64" slack="2147483647"/>
</pin_list>
<bind>
<opcode="load(27) " fcode="load"/>
<opset="p_loc49_load/13 "/>
</bind>
</comp>

<comp id="779" class="1004" name="p_loc50_load_load_fu_779">
<pin_list>
<pin id="780" dir="0" index="0" bw="64" slack="12"/>
<pin id="781" dir="1" index="1" bw="64" slack="2147483647"/>
</pin_list>
<bind>
<opcode="load(27) " fcode="load"/>
<opset="p_loc50_load/13 "/>
</bind>
</comp>

<comp id="782" class="1004" name="p_loc51_load_load_fu_782">
<pin_list>
<pin id="783" dir="0" index="0" bw="64" slack="12"/>
<pin id="784" dir="1" index="1" bw="64" slack="2147483647"/>
</pin_list>
<bind>
<opcode="load(27) " fcode="load"/>
<opset="p_loc51_load/13 "/>
</bind>
</comp>

<comp id="785" class="1004" name="p_loc52_load_load_fu_785">
<pin_list>
<pin id="786" dir="0" index="0" bw="64" slack="12"/>
<pin id="787" dir="1" index="1" bw="64" slack="2147483647"/>
</pin_list>
<bind>
<opcode="load(27) " fcode="load"/>
<opset="p_loc52_load/13 "/>
</bind>
</comp>

<comp id="788" class="1004" name="p_loc53_load_load_fu_788">
<pin_list>
<pin id="789" dir="0" index="0" bw="64" slack="12"/>
<pin id="790" dir="1" index="1" bw="64" slack="2147483647"/>
</pin_list>
<bind>
<opcode="load(27) " fcode="load"/>
<opset="p_loc53_load/13 "/>
</bind>
</comp>

<comp id="791" class="1004" name="p_loc54_load_load_fu_791">
<pin_list>
<pin id="792" dir="0" index="0" bw="64" slack="12"/>
<pin id="793" dir="1" index="1" bw="64" slack="2147483647"/>
</pin_list>
<bind>
<opcode="load(27) " fcode="load"/>
<opset="p_loc54_load/13 "/>
</bind>
</comp>

<comp id="794" class="1004" name="p_loc55_load_load_fu_794">
<pin_list>
<pin id="795" dir="0" index="0" bw="64" slack="12"/>
<pin id="796" dir="1" index="1" bw="64" slack="2147483647"/>
</pin_list>
<bind>
<opcode="load(27) " fcode="load"/>
<opset="p_loc55_load/13 "/>
</bind>
</comp>

<comp id="797" class="1004" name="p_loc56_load_load_fu_797">
<pin_list>
<pin id="798" dir="0" index="0" bw="64" slack="12"/>
<pin id="799" dir="1" index="1" bw="64" slack="2147483647"/>
</pin_list>
<bind>
<opcode="load(27) " fcode="load"/>
<opset="p_loc56_load/13 "/>
</bind>
</comp>

<comp id="800" class="1004" name="p_loc57_load_load_fu_800">
<pin_list>
<pin id="801" dir="0" index="0" bw="64" slack="12"/>
<pin id="802" dir="1" index="1" bw="64" slack="2147483647"/>
</pin_list>
<bind>
<opcode="load(27) " fcode="load"/>
<opset="p_loc57_load/13 "/>
</bind>
</comp>

<comp id="803" class="1004" name="p_loc58_load_load_fu_803">
<pin_list>
<pin id="804" dir="0" index="0" bw="64" slack="12"/>
<pin id="805" dir="1" index="1" bw="64" slack="2147483647"/>
</pin_list>
<bind>
<opcode="load(27) " fcode="load"/>
<opset="p_loc58_load/13 "/>
</bind>
</comp>

<comp id="806" class="1004" name="p_loc59_load_load_fu_806">
<pin_list>
<pin id="807" dir="0" index="0" bw="64" slack="12"/>
<pin id="808" dir="1" index="1" bw="64" slack="2147483647"/>
</pin_list>
<bind>
<opcode="load(27) " fcode="load"/>
<opset="p_loc59_load/13 "/>
</bind>
</comp>

<comp id="809" class="1004" name="p_loc60_load_load_fu_809">
<pin_list>
<pin id="810" dir="0" index="0" bw="64" slack="12"/>
<pin id="811" dir="1" index="1" bw="64" slack="2147483647"/>
</pin_list>
<bind>
<opcode="load(27) " fcode="load"/>
<opset="p_loc60_load/13 "/>
</bind>
</comp>

<comp id="812" class="1004" name="p_loc61_load_load_fu_812">
<pin_list>
<pin id="813" dir="0" index="0" bw="64" slack="12"/>
<pin id="814" dir="1" index="1" bw="64" slack="2147483647"/>
</pin_list>
<bind>
<opcode="load(27) " fcode="load"/>
<opset="p_loc61_load/13 "/>
</bind>
</comp>

<comp id="815" class="1004" name="p_loc62_load_load_fu_815">
<pin_list>
<pin id="816" dir="0" index="0" bw="64" slack="12"/>
<pin id="817" dir="1" index="1" bw="64" slack="2147483647"/>
</pin_list>
<bind>
<opcode="load(27) " fcode="load"/>
<opset="p_loc62_load/13 "/>
</bind>
</comp>

<comp id="818" class="1004" name="p_loc63_load_load_fu_818">
<pin_list>
<pin id="819" dir="0" index="0" bw="64" slack="12"/>
<pin id="820" dir="1" index="1" bw="64" slack="2147483647"/>
</pin_list>
<bind>
<opcode="load(27) " fcode="load"/>
<opset="p_loc63_load/13 "/>
</bind>
</comp>

<comp id="821" class="1004" name="p_loc64_load_load_fu_821">
<pin_list>
<pin id="822" dir="0" index="0" bw="64" slack="12"/>
<pin id="823" dir="1" index="1" bw="64" slack="2147483647"/>
</pin_list>
<bind>
<opcode="load(27) " fcode="load"/>
<opset="p_loc64_load/13 "/>
</bind>
</comp>

<comp id="824" class="1004" name="p_loc65_load_load_fu_824">
<pin_list>
<pin id="825" dir="0" index="0" bw="64" slack="12"/>
<pin id="826" dir="1" index="1" bw="64" slack="2147483647"/>
</pin_list>
<bind>
<opcode="load(27) " fcode="load"/>
<opset="p_loc65_load/13 "/>
</bind>
</comp>

<comp id="827" class="1004" name="p_loc66_load_load_fu_827">
<pin_list>
<pin id="828" dir="0" index="0" bw="64" slack="12"/>
<pin id="829" dir="1" index="1" bw="64" slack="2147483647"/>
</pin_list>
<bind>
<opcode="load(27) " fcode="load"/>
<opset="p_loc66_load/13 "/>
</bind>
</comp>

<comp id="830" class="1004" name="p_loc67_load_load_fu_830">
<pin_list>
<pin id="831" dir="0" index="0" bw="64" slack="12"/>
<pin id="832" dir="1" index="1" bw="64" slack="2147483647"/>
</pin_list>
<bind>
<opcode="load(27) " fcode="load"/>
<opset="p_loc67_load/13 "/>
</bind>
</comp>

<comp id="833" class="1004" name="p_loc68_load_load_fu_833">
<pin_list>
<pin id="834" dir="0" index="0" bw="64" slack="12"/>
<pin id="835" dir="1" index="1" bw="64" slack="2147483647"/>
</pin_list>
<bind>
<opcode="load(27) " fcode="load"/>
<opset="p_loc68_load/13 "/>
</bind>
</comp>

<comp id="836" class="1004" name="c_load_fu_836">
<pin_list>
<pin id="837" dir="0" index="0" bw="3" slack="13"/>
<pin id="838" dir="1" index="1" bw="3" slack="0"/>
</pin_list>
<bind>
<opcode="load(27) " fcode="load"/>
<opset="c/14 "/>
</bind>
</comp>

<comp id="839" class="1004" name="icmp_ln140_fu_839">
<pin_list>
<pin id="840" dir="0" index="0" bw="3" slack="0"/>
<pin id="841" dir="0" index="1" bw="3" slack="0"/>
<pin id="842" dir="1" index="2" bw="1" slack="2147483647"/>
</pin_list>
<bind>
<opcode="icmp(45) " fcode="icmp"/>
<opset="icmp_ln140/14 "/>
</bind>
</comp>

<comp id="845" class="1004" name="add_ln140_1_fu_845">
<pin_list>
<pin id="846" dir="0" index="0" bw="3" slack="0"/>
<pin id="847" dir="0" index="1" bw="1" slack="0"/>
<pin id="848" dir="1" index="2" bw="3" slack="0"/>
</pin_list>
<bind>
<opcode="add(8) " fcode="add"/>
<opset="add_ln140_1/14 "/>
</bind>
</comp>

<comp id="851" class="1004" name="empty_62_fu_851">
<pin_list>
<pin id="852" dir="0" index="0" bw="3" slack="0"/>
<pin id="853" dir="1" index="1" bw="2" slack="0"/>
</pin_list>
<bind>
<opcode="trunc(33) " fcode="trunc"/>
<opset="empty_62/14 "/>
</bind>
</comp>

<comp id="855" class="1004" name="tmp_2_fu_855">
<pin_list>
<pin id="856" dir="0" index="0" bw="4" slack="0"/>
<pin id="857" dir="0" index="1" bw="3" slack="0"/>
<pin id="858" dir="0" index="2" bw="1" slack="0"/>
<pin id="859" dir="1" index="3" bw="4" slack="0"/>
</pin_list>
<bind>
<opcode="bitconcatenate(1004) " fcode="bitconcatenate"/>
<opset="tmp_2/14 "/>
</bind>
</comp>

<comp id="863" class="1004" name="tmp_3_fu_863">
<pin_list>
<pin id="864" dir="0" index="0" bw="5" slack="0"/>
<pin id="865" dir="0" index="1" bw="2" slack="0"/>
<pin id="866" dir="0" index="2" bw="1" slack="0"/>
<pin id="867" dir="1" index="3" bw="5" slack="0"/>
</pin_list>
<bind>
<opcode="bitconcatenate(1004) " fcode="bitconcatenate"/>
<opset="tmp_3/14 "/>
</bind>
</comp>

<comp id="871" class="1004" name="empty_63_fu_871">
<pin_list>
<pin id="872" dir="0" index="0" bw="4" slack="0"/>
<pin id="873" dir="1" index="1" bw="5" slack="0"/>
</pin_list>
<bind>
<opcode="zext(34) " fcode="zext"/>
<opset="empty_63/14 "/>
</bind>
</comp>

<comp id="875" class="1004" name="sub_ln141_fu_875">
<pin_list>
<pin id="876" dir="0" index="0" bw="5" slack="0"/>
<pin id="877" dir="0" index="1" bw="4" slack="0"/>
<pin id="878" dir="1" index="2" bw="5" slack="1"/>
</pin_list>
<bind>
<opcode="sub(10) " fcode="sub"/>
<opset="sub_ln141/14 "/>
</bind>
</comp>

<comp id="881" class="1004" name="store_ln140_store_fu_881">
<pin_list>
<pin id="882" dir="0" index="0" bw="3" slack="0"/>
<pin id="883" dir="0" index="1" bw="3" slack="13"/>
<pin id="884" dir="1" index="2" bw="0" slack="2147483647"/>
</pin_list>
<bind>
<opcode="store(28) " fcode="store"/>
<opset="store_ln140/14 "/>
</bind>
</comp>

<comp id="886" class="1004" name="trunc_ln5_fu_886">
<pin_list>
<pin id="887" dir="0" index="0" bw="61" slack="0"/>
<pin id="888" dir="0" index="1" bw="64" slack="13"/>
<pin id="889" dir="0" index="2" bw="3" slack="0"/>
<pin id="890" dir="0" index="3" bw="7" slack="0"/>
<pin id="891" dir="1" index="4" bw="61" slack="1"/>
</pin_list>
<bind>
<opcode="partselect(1002) " fcode="partselect"/>
<opset="trunc_ln5/14 "/>
</bind>
</comp>

<comp id="895" class="1004" name="read_idx_load_load_fu_895">
<pin_list>
<pin id="896" dir="0" index="0" bw="6" slack="14"/>
<pin id="897" dir="1" index="1" bw="6" slack="0"/>
</pin_list>
<bind>
<opcode="load(27) " fcode="load"/>
<opset="read_idx_load/15 "/>
</bind>
</comp>

<comp id="899" class="1004" name="indvars_iv165_load_load_fu_899">
<pin_list>
<pin id="900" dir="0" index="0" bw="3" slack="14"/>
<pin id="901" dir="1" index="1" bw="3" slack="0"/>
</pin_list>
<bind>
<opcode="load(27) " fcode="load"/>
<opset="indvars_iv165_load/15 "/>
</bind>
</comp>

<comp id="902" class="1004" name="zext_ln140_fu_902">
<pin_list>
<pin id="903" dir="0" index="0" bw="3" slack="0"/>
<pin id="904" dir="1" index="1" bw="6" slack="0"/>
</pin_list>
<bind>
<opcode="zext(34) " fcode="zext"/>
<opset="zext_ln140/15 "/>
</bind>
</comp>

<comp id="906" class="1004" name="read_idx_2_fu_906">
<pin_list>
<pin id="907" dir="0" index="0" bw="3" slack="0"/>
<pin id="908" dir="0" index="1" bw="6" slack="0"/>
<pin id="909" dir="1" index="2" bw="6" slack="0"/>
</pin_list>
<bind>
<opcode="add(8) " fcode="add"/>
<opset="read_idx_2/15 "/>
</bind>
</comp>

<comp id="912" class="1004" name="add_ln140_fu_912">
<pin_list>
<pin id="913" dir="0" index="0" bw="3" slack="0"/>
<pin id="914" dir="0" index="1" bw="1" slack="0"/>
<pin id="915" dir="1" index="2" bw="3" slack="0"/>
</pin_list>
<bind>
<opcode="add(8) " fcode="add"/>
<opset="add_ln140/15 "/>
</bind>
</comp>

<comp id="918" class="1004" name="store_ln140_store_fu_918">
<pin_list>
<pin id="919" dir="0" index="0" bw="3" slack="0"/>
<pin id="920" dir="0" index="1" bw="3" slack="14"/>
<pin id="921" dir="1" index="2" bw="0" slack="2147483647"/>
</pin_list>
<bind>
<opcode="store(28) " fcode="store"/>
<opset="store_ln140/15 "/>
</bind>
</comp>

<comp id="923" class="1004" name="store_ln139_store_fu_923">
<pin_list>
<pin id="924" dir="0" index="0" bw="6" slack="0"/>
<pin id="925" dir="0" index="1" bw="6" slack="14"/>
<pin id="926" dir="1" index="2" bw="0" slack="2147483647"/>
</pin_list>
<bind>
<opcode="store(28) " fcode="store"/>
<opset="store_ln139/15 "/>
</bind>
</comp>

<comp id="928" class="1004" name="sext_ln151_fu_928">
<pin_list>
<pin id="929" dir="0" index="0" bw="61" slack="1"/>
<pin id="930" dir="1" index="1" bw="64" slack="0"/>
</pin_list>
<bind>
<opcode="sext(35) " fcode="sext"/>
<opset="sext_ln151/17 "/>
</bind>
</comp>

<comp id="931" class="1004" name="gmem3_addr_fu_931">
<pin_list>
<pin id="932" dir="0" index="0" bw="64" slack="0"/>
<pin id="933" dir="0" index="1" bw="64" slack="0"/>
<pin id="934" dir="1" index="2" bw="64" slack="0"/>
</pin_list>
<bind>
<opcode="getelementptr(29) " fcode="getelementptr"/>
<opset="gmem3_addr/17 "/>
</bind>
</comp>

<comp id="938" class="1005" name="read_idx_reg_938">
<pin_list>
<pin id="939" dir="0" index="0" bw="6" slack="0"/>
<pin id="940" dir="1" index="1" bw="6" slack="0"/>
</pin_list>
<bind>
<opset="read_idx "/>
</bind>
</comp>

<comp id="945" class="1005" name="r_reg_945">
<pin_list>
<pin id="946" dir="0" index="0" bw="3" slack="0"/>
<pin id="947" dir="1" index="1" bw="3" slack="0"/>
</pin_list>
<bind>
<opset="r "/>
</bind>
</comp>

<comp id="952" class="1005" name="indvars_iv165_reg_952">
<pin_list>
<pin id="953" dir="0" index="0" bw="3" slack="0"/>
<pin id="954" dir="1" index="1" bw="3" slack="0"/>
</pin_list>
<bind>
<opset="indvars_iv165 "/>
</bind>
</comp>

<comp id="959" class="1005" name="jtr_out_read_reg_959">
<pin_list>
<pin id="960" dir="0" index="0" bw="64" slack="13"/>
<pin id="961" dir="1" index="1" bw="64" slack="13"/>
</pin_list>
<bind>
<opset="jtr_out_read "/>
</bind>
</comp>

<comp id="964" class="1005" name="jtj_out_read_reg_964">
<pin_list>
<pin id="965" dir="0" index="0" bw="64" slack="14"/>
<pin id="966" dir="1" index="1" bw="64" slack="14"/>
</pin_list>
<bind>
<opset="jtj_out_read "/>
</bind>
</comp>

<comp id="969" class="1005" name="kernel_read_reg_969">
<pin_list>
<pin id="970" dir="0" index="0" bw="32" slack="6"/>
<pin id="971" dir="1" index="1" bw="32" slack="6"/>
</pin_list>
<bind>
<opset="kernel_read "/>
</bind>
</comp>

<comp id="975" class="1005" name="correspondence_count_read_reg_975">
<pin_list>
<pin id="976" dir="0" index="0" bw="32" slack="10"/>
<pin id="977" dir="1" index="1" bw="32" slack="10"/>
</pin_list>
<bind>
<opset="correspondence_count_read "/>
</bind>
</comp>

<comp id="981" class="1005" name="p_loc68_reg_981">
<pin_list>
<pin id="982" dir="0" index="0" bw="64" slack="10"/>
<pin id="983" dir="1" index="1" bw="64" slack="10"/>
</pin_list>
<bind>
<opset="p_loc68 "/>
</bind>
</comp>

<comp id="987" class="1005" name="p_loc67_reg_987">
<pin_list>
<pin id="988" dir="0" index="0" bw="64" slack="10"/>
<pin id="989" dir="1" index="1" bw="64" slack="10"/>
</pin_list>
<bind>
<opset="p_loc67 "/>
</bind>
</comp>

<comp id="993" class="1005" name="p_loc66_reg_993">
<pin_list>
<pin id="994" dir="0" index="0" bw="64" slack="10"/>
<pin id="995" dir="1" index="1" bw="64" slack="10"/>
</pin_list>
<bind>
<opset="p_loc66 "/>
</bind>
</comp>

<comp id="999" class="1005" name="p_loc65_reg_999">
<pin_list>
<pin id="1000" dir="0" index="0" bw="64" slack="10"/>
<pin id="1001" dir="1" index="1" bw="64" slack="10"/>
</pin_list>
<bind>
<opset="p_loc65 "/>
</bind>
</comp>

<comp id="1005" class="1005" name="p_loc64_reg_1005">
<pin_list>
<pin id="1006" dir="0" index="0" bw="64" slack="10"/>
<pin id="1007" dir="1" index="1" bw="64" slack="10"/>
</pin_list>
<bind>
<opset="p_loc64 "/>
</bind>
</comp>

<comp id="1011" class="1005" name="p_loc63_reg_1011">
<pin_list>
<pin id="1012" dir="0" index="0" bw="64" slack="10"/>
<pin id="1013" dir="1" index="1" bw="64" slack="10"/>
</pin_list>
<bind>
<opset="p_loc63 "/>
</bind>
</comp>

<comp id="1017" class="1005" name="p_loc62_reg_1017">
<pin_list>
<pin id="1018" dir="0" index="0" bw="64" slack="10"/>
<pin id="1019" dir="1" index="1" bw="64" slack="10"/>
</pin_list>
<bind>
<opset="p_loc62 "/>
</bind>
</comp>

<comp id="1023" class="1005" name="p_loc61_reg_1023">
<pin_list>
<pin id="1024" dir="0" index="0" bw="64" slack="10"/>
<pin id="1025" dir="1" index="1" bw="64" slack="10"/>
</pin_list>
<bind>
<opset="p_loc61 "/>
</bind>
</comp>

<comp id="1029" class="1005" name="p_loc60_reg_1029">
<pin_list>
<pin id="1030" dir="0" index="0" bw="64" slack="10"/>
<pin id="1031" dir="1" index="1" bw="64" slack="10"/>
</pin_list>
<bind>
<opset="p_loc60 "/>
</bind>
</comp>

<comp id="1035" class="1005" name="p_loc59_reg_1035">
<pin_list>
<pin id="1036" dir="0" index="0" bw="64" slack="10"/>
<pin id="1037" dir="1" index="1" bw="64" slack="10"/>
</pin_list>
<bind>
<opset="p_loc59 "/>
</bind>
</comp>

<comp id="1041" class="1005" name="p_loc58_reg_1041">
<pin_list>
<pin id="1042" dir="0" index="0" bw="64" slack="10"/>
<pin id="1043" dir="1" index="1" bw="64" slack="10"/>
</pin_list>
<bind>
<opset="p_loc58 "/>
</bind>
</comp>

<comp id="1047" class="1005" name="p_loc57_reg_1047">
<pin_list>
<pin id="1048" dir="0" index="0" bw="64" slack="10"/>
<pin id="1049" dir="1" index="1" bw="64" slack="10"/>
</pin_list>
<bind>
<opset="p_loc57 "/>
</bind>
</comp>

<comp id="1053" class="1005" name="p_loc56_reg_1053">
<pin_list>
<pin id="1054" dir="0" index="0" bw="64" slack="10"/>
<pin id="1055" dir="1" index="1" bw="64" slack="10"/>
</pin_list>
<bind>
<opset="p_loc56 "/>
</bind>
</comp>

<comp id="1059" class="1005" name="p_loc55_reg_1059">
<pin_list>
<pin id="1060" dir="0" index="0" bw="64" slack="10"/>
<pin id="1061" dir="1" index="1" bw="64" slack="10"/>
</pin_list>
<bind>
<opset="p_loc55 "/>
</bind>
</comp>

<comp id="1065" class="1005" name="p_loc54_reg_1065">
<pin_list>
<pin id="1066" dir="0" index="0" bw="64" slack="10"/>
<pin id="1067" dir="1" index="1" bw="64" slack="10"/>
</pin_list>
<bind>
<opset="p_loc54 "/>
</bind>
</comp>

<comp id="1071" class="1005" name="p_loc53_reg_1071">
<pin_list>
<pin id="1072" dir="0" index="0" bw="64" slack="10"/>
<pin id="1073" dir="1" index="1" bw="64" slack="10"/>
</pin_list>
<bind>
<opset="p_loc53 "/>
</bind>
</comp>

<comp id="1077" class="1005" name="p_loc52_reg_1077">
<pin_list>
<pin id="1078" dir="0" index="0" bw="64" slack="10"/>
<pin id="1079" dir="1" index="1" bw="64" slack="10"/>
</pin_list>
<bind>
<opset="p_loc52 "/>
</bind>
</comp>

<comp id="1083" class="1005" name="p_loc51_reg_1083">
<pin_list>
<pin id="1084" dir="0" index="0" bw="64" slack="10"/>
<pin id="1085" dir="1" index="1" bw="64" slack="10"/>
</pin_list>
<bind>
<opset="p_loc51 "/>
</bind>
</comp>

<comp id="1089" class="1005" name="p_loc50_reg_1089">
<pin_list>
<pin id="1090" dir="0" index="0" bw="64" slack="10"/>
<pin id="1091" dir="1" index="1" bw="64" slack="10"/>
</pin_list>
<bind>
<opset="p_loc50 "/>
</bind>
</comp>

<comp id="1095" class="1005" name="p_loc49_reg_1095">
<pin_list>
<pin id="1096" dir="0" index="0" bw="64" slack="10"/>
<pin id="1097" dir="1" index="1" bw="64" slack="10"/>
</pin_list>
<bind>
<opset="p_loc49 "/>
</bind>
</comp>

<comp id="1101" class="1005" name="p_loc48_reg_1101">
<pin_list>
<pin id="1102" dir="0" index="0" bw="64" slack="10"/>
<pin id="1103" dir="1" index="1" bw="64" slack="10"/>
</pin_list>
<bind>
<opset="p_loc48 "/>
</bind>
</comp>

<comp id="1107" class="1005" name="p_loc47_reg_1107">
<pin_list>
<pin id="1108" dir="0" index="0" bw="64" slack="10"/>
<pin id="1109" dir="1" index="1" bw="64" slack="10"/>
</pin_list>
<bind>
<opset="p_loc47 "/>
</bind>
</comp>

<comp id="1113" class="1005" name="p_loc46_reg_1113">
<pin_list>
<pin id="1114" dir="0" index="0" bw="64" slack="10"/>
<pin id="1115" dir="1" index="1" bw="64" slack="10"/>
</pin_list>
<bind>
<opset="p_loc46 "/>
</bind>
</comp>

<comp id="1119" class="1005" name="p_loc45_reg_1119">
<pin_list>
<pin id="1120" dir="0" index="0" bw="64" slack="10"/>
<pin id="1121" dir="1" index="1" bw="64" slack="10"/>
</pin_list>
<bind>
<opset="p_loc45 "/>
</bind>
</comp>

<comp id="1125" class="1005" name="p_loc44_reg_1125">
<pin_list>
<pin id="1126" dir="0" index="0" bw="64" slack="10"/>
<pin id="1127" dir="1" index="1" bw="64" slack="10"/>
</pin_list>
<bind>
<opset="p_loc44 "/>
</bind>
</comp>

<comp id="1131" class="1005" name="p_loc43_reg_1131">
<pin_list>
<pin id="1132" dir="0" index="0" bw="64" slack="10"/>
<pin id="1133" dir="1" index="1" bw="64" slack="10"/>
</pin_list>
<bind>
<opset="p_loc43 "/>
</bind>
</comp>

<comp id="1137" class="1005" name="p_loc_reg_1137">
<pin_list>
<pin id="1138" dir="0" index="0" bw="64" slack="10"/>
<pin id="1139" dir="1" index="1" bw="64" slack="10"/>
</pin_list>
<bind>
<opset="p_loc "/>
</bind>
</comp>

<comp id="1143" class="1005" name="trunc_ln26_reg_1143">
<pin_list>
<pin id="1144" dir="0" index="0" bw="31" slack="1"/>
<pin id="1145" dir="1" index="1" bw="31" slack="1"/>
</pin_list>
<bind>
<opset="trunc_ln26 "/>
</bind>
</comp>

<comp id="1148" class="1005" name="tmp_reg_1148">
<pin_list>
<pin id="1149" dir="0" index="0" bw="1" slack="1"/>
<pin id="1150" dir="1" index="1" bw="1" slack="1"/>
</pin_list>
<bind>
<opset="tmp "/>
</bind>
</comp>

<comp id="1153" class="1005" name="gmem4_addr_reg_1153">
<pin_list>
<pin id="1154" dir="0" index="0" bw="32" slack="1"/>
<pin id="1155" dir="1" index="1" bw="32" slack="1"/>
</pin_list>
<bind>
<opset="gmem4_addr "/>
</bind>
</comp>

<comp id="1159" class="1005" name="gmem4_addr_1_reg_1159">
<pin_list>
<pin id="1160" dir="0" index="0" bw="32" slack="3"/>
<pin id="1161" dir="1" index="1" bw="32" slack="3"/>
</pin_list>
<bind>
<opset="gmem4_addr_1 "/>
</bind>
</comp>

<comp id="1165" class="1005" name="trunc_ln4_reg_1165">
<pin_list>
<pin id="1166" dir="0" index="0" bw="62" slack="2"/>
<pin id="1167" dir="1" index="1" bw="62" slack="2"/>
</pin_list>
<bind>
<opset="trunc_ln4 "/>
</bind>
</comp>

<comp id="1171" class="1005" name="trunc_ln70_1_reg_1171">
<pin_list>
<pin id="1172" dir="0" index="0" bw="62" slack="2"/>
<pin id="1173" dir="1" index="1" bw="62" slack="2"/>
</pin_list>
<bind>
<opset="trunc_ln70_1 "/>
</bind>
</comp>

<comp id="1177" class="1005" name="trunc_ln70_2_reg_1177">
<pin_list>
<pin id="1178" dir="0" index="0" bw="62" slack="2"/>
<pin id="1179" dir="1" index="1" bw="62" slack="2"/>
</pin_list>
<bind>
<opset="trunc_ln70_2 "/>
</bind>
</comp>

<comp id="1183" class="1005" name="requested_reg_1183">
<pin_list>
<pin id="1184" dir="0" index="0" bw="31" slack="1"/>
<pin id="1185" dir="1" index="1" bw="31" slack="1"/>
</pin_list>
<bind>
<opset="requested "/>
</bind>
</comp>

<comp id="1188" class="1005" name="bounded_count_reg_1188">
<pin_list>
<pin id="1189" dir="0" index="0" bw="15" slack="1"/>
<pin id="1190" dir="1" index="1" bw="15" slack="1"/>
</pin_list>
<bind>
<opset="bounded_count "/>
</bind>
</comp>

<comp id="1194" class="1005" name="empty_reg_1194">
<pin_list>
<pin id="1195" dir="0" index="0" bw="16" slack="1"/>
<pin id="1196" dir="1" index="1" bw="16" slack="1"/>
</pin_list>
<bind>
<opset="empty "/>
</bind>
</comp>

<comp id="1199" class="1005" name="sub_ln65_reg_1199">
<pin_list>
<pin id="1200" dir="0" index="0" bw="32" slack="2"/>
<pin id="1201" dir="1" index="1" bw="32" slack="2"/>
</pin_list>
<bind>
<opset="sub_ln65 "/>
</bind>
</comp>

<comp id="1204" class="1005" name="gmem0_addr_reg_1204">
<pin_list>
<pin id="1205" dir="0" index="0" bw="32" slack="1"/>
<pin id="1206" dir="1" index="1" bw="32" slack="1"/>
</pin_list>
<bind>
<opset="gmem0_addr "/>
</bind>
</comp>

<comp id="1209" class="1005" name="zext_ln70_1_reg_1209">
<pin_list>
<pin id="1210" dir="0" index="0" bw="64" slack="1"/>
<pin id="1211" dir="1" index="1" bw="64" slack="1"/>
</pin_list>
<bind>
<opset="zext_ln70_1 "/>
</bind>
</comp>

<comp id="1215" class="1005" name="gmem1_addr_reg_1215">
<pin_list>
<pin id="1216" dir="0" index="0" bw="32" slack="1"/>
<pin id="1217" dir="1" index="1" bw="32" slack="1"/>
</pin_list>
<bind>
<opset="gmem1_addr "/>
</bind>
</comp>

<comp id="1220" class="1005" name="gmem2_addr_reg_1220">
<pin_list>
<pin id="1221" dir="0" index="0" bw="32" slack="1"/>
<pin id="1222" dir="1" index="1" bw="32" slack="1"/>
</pin_list>
<bind>
<opset="gmem2_addr "/>
</bind>
</comp>

<comp id="1225" class="1005" name="zext_ln70_2_reg_1225">
<pin_list>
<pin id="1226" dir="0" index="0" bw="64" slack="1"/>
<pin id="1227" dir="1" index="1" bw="64" slack="1"/>
</pin_list>
<bind>
<opset="zext_ln70_2 "/>
</bind>
</comp>

<comp id="1230" class="1005" name="kernel_sq_reg_1230">
<pin_list>
<pin id="1231" dir="0" index="0" bw="32" slack="1"/>
<pin id="1232" dir="1" index="1" bw="32" slack="1"/>
</pin_list>
<bind>
<opset="kernel_sq "/>
</bind>
</comp>

<comp id="1235" class="1005" name="add_ln70_reg_1235">
<pin_list>
<pin id="1236" dir="0" index="0" bw="33" slack="1"/>
<pin id="1237" dir="1" index="1" bw="33" slack="1"/>
</pin_list>
<bind>
<opset="add_ln70 "/>
</bind>
</comp>

<comp id="1321" class="1005" name="c_reg_1321">
<pin_list>
<pin id="1322" dir="0" index="0" bw="3" slack="1"/>
<pin id="1323" dir="1" index="1" bw="3" slack="1"/>
</pin_list>
<bind>
<opset="c "/>
</bind>
</comp>

<comp id="1330" class="1005" name="sub_ln141_reg_1330">
<pin_list>
<pin id="1331" dir="0" index="0" bw="5" slack="1"/>
<pin id="1332" dir="1" index="1" bw="5" slack="1"/>
</pin_list>
<bind>
<opset="sub_ln141 "/>
</bind>
</comp>

<comp id="1335" class="1005" name="trunc_ln5_reg_1335">
<pin_list>
<pin id="1336" dir="0" index="0" bw="61" slack="1"/>
<pin id="1337" dir="1" index="1" bw="61" slack="1"/>
</pin_list>
<bind>
<opset="trunc_ln5 "/>
</bind>
</comp>

<comp id="1341" class="1005" name="read_idx_load_reg_1341">
<pin_list>
<pin id="1342" dir="0" index="0" bw="6" slack="1"/>
<pin id="1343" dir="1" index="1" bw="6" slack="1"/>
</pin_list>
<bind>
<opset="read_idx_load "/>
</bind>
</comp>

<comp id="1346" class="1005" name="gmem3_addr_reg_1346">
<pin_list>
<pin id="1347" dir="0" index="0" bw="64" slack="3"/>
<pin id="1348" dir="1" index="1" bw="64" slack="3"/>
</pin_list>
<bind>
<opset="gmem3_addr "/>
</bind>
</comp>

</comp_list>

<net_list>
<net id="177"><net_src comp="28" pin="0"/><net_sink comp="174" pin=0"/></net>

<net id="181"><net_src comp="28" pin="0"/><net_sink comp="178" pin=0"/></net>

<net id="185"><net_src comp="28" pin="0"/><net_sink comp="182" pin=0"/></net>

<net id="189"><net_src comp="36" pin="0"/><net_sink comp="186" pin=0"/></net>

<net id="193"><net_src comp="36" pin="0"/><net_sink comp="190" pin=0"/></net>

<net id="197"><net_src comp="36" pin="0"/><net_sink comp="194" pin=0"/></net>

<net id="201"><net_src comp="36" pin="0"/><net_sink comp="198" pin=0"/></net>

<net id="205"><net_src comp="36" pin="0"/><net_sink comp="202" pin=0"/></net>

<net id="209"><net_src comp="36" pin="0"/><net_sink comp="206" pin=0"/></net>

<net id="213"><net_src comp="36" pin="0"/><net_sink comp="210" pin=0"/></net>

<net id="217"><net_src comp="36" pin="0"/><net_sink comp="214" pin=0"/></net>

<net id="221"><net_src comp="36" pin="0"/><net_sink comp="218" pin=0"/></net>

<net id="225"><net_src comp="36" pin="0"/><net_sink comp="222" pin=0"/></net>

<net id="229"><net_src comp="36" pin="0"/><net_sink comp="226" pin=0"/></net>

<net id="233"><net_src comp="36" pin="0"/><net_sink comp="230" pin=0"/></net>

<net id="237"><net_src comp="36" pin="0"/><net_sink comp="234" pin=0"/></net>

<net id="241"><net_src comp="36" pin="0"/><net_sink comp="238" pin=0"/></net>

<net id="245"><net_src comp="36" pin="0"/><net_sink comp="242" pin=0"/></net>

<net id="249"><net_src comp="36" pin="0"/><net_sink comp="246" pin=0"/></net>

<net id="253"><net_src comp="36" pin="0"/><net_sink comp="250" pin=0"/></net>

<net id="257"><net_src comp="36" pin="0"/><net_sink comp="254" pin=0"/></net>

<net id="261"><net_src comp="36" pin="0"/><net_sink comp="258" pin=0"/></net>

<net id="265"><net_src comp="36" pin="0"/><net_sink comp="262" pin=0"/></net>

<net id="269"><net_src comp="36" pin="0"/><net_sink comp="266" pin=0"/></net>

<net id="273"><net_src comp="36" pin="0"/><net_sink comp="270" pin=0"/></net>

<net id="277"><net_src comp="36" pin="0"/><net_sink comp="274" pin=0"/></net>

<net id="281"><net_src comp="36" pin="0"/><net_sink comp="278" pin=0"/></net>

<net id="285"><net_src comp="36" pin="0"/><net_sink comp="282" pin=0"/></net>

<net id="289"><net_src comp="36" pin="0"/><net_sink comp="286" pin=0"/></net>

<net id="293"><net_src comp="36" pin="0"/><net_sink comp="290" pin=0"/></net>

<net id="298"><net_src comp="30" pin="0"/><net_sink comp="294" pin=0"/></net>

<net id="299"><net_src comp="26" pin="0"/><net_sink comp="294" pin=1"/></net>

<net id="304"><net_src comp="30" pin="0"/><net_sink comp="300" pin=0"/></net>

<net id="305"><net_src comp="24" pin="0"/><net_sink comp="300" pin=1"/></net>

<net id="310"><net_src comp="30" pin="0"/><net_sink comp="306" pin=0"/></net>

<net id="311"><net_src comp="22" pin="0"/><net_sink comp="306" pin=1"/></net>

<net id="316"><net_src comp="30" pin="0"/><net_sink comp="312" pin=0"/></net>

<net id="317"><net_src comp="20" pin="0"/><net_sink comp="312" pin=1"/></net>

<net id="322"><net_src comp="32" pin="0"/><net_sink comp="318" pin=0"/></net>

<net id="323"><net_src comp="18" pin="0"/><net_sink comp="318" pin=1"/></net>

<net id="328"><net_src comp="34" pin="0"/><net_sink comp="324" pin=0"/></net>

<net id="329"><net_src comp="16" pin="0"/><net_sink comp="324" pin=1"/></net>

<net id="334"><net_src comp="30" pin="0"/><net_sink comp="330" pin=0"/></net>

<net id="335"><net_src comp="14" pin="0"/><net_sink comp="330" pin=1"/></net>

<net id="340"><net_src comp="30" pin="0"/><net_sink comp="336" pin=0"/></net>

<net id="341"><net_src comp="12" pin="0"/><net_sink comp="336" pin=1"/></net>

<net id="346"><net_src comp="30" pin="0"/><net_sink comp="342" pin=0"/></net>

<net id="347"><net_src comp="10" pin="0"/><net_sink comp="342" pin=1"/></net>

<net id="353"><net_src comp="60" pin="0"/><net_sink comp="348" pin=0"/></net>

<net id="354"><net_src comp="36" pin="0"/><net_sink comp="348" pin=2"/></net>

<net id="361"><net_src comp="70" pin="0"/><net_sink comp="355" pin=0"/></net>

<net id="362"><net_src comp="72" pin="0"/><net_sink comp="355" pin=3"/></net>

<net id="368"><net_src comp="74" pin="0"/><net_sink comp="363" pin=0"/></net>

<net id="374"><net_src comp="74" pin="0"/><net_sink comp="369" pin=0"/></net>

<net id="380"><net_src comp="74" pin="0"/><net_sink comp="375" pin=0"/></net>

<net id="381"><net_src comp="76" pin="0"/><net_sink comp="348" pin=0"/></net>

<net id="387"><net_src comp="60" pin="0"/><net_sink comp="382" pin=0"/></net>

<net id="388"><net_src comp="36" pin="0"/><net_sink comp="382" pin=2"/></net>

<net id="395"><net_src comp="70" pin="0"/><net_sink comp="389" pin=0"/></net>

<net id="396"><net_src comp="72" pin="0"/><net_sink comp="389" pin=3"/></net>

<net id="397"><net_src comp="76" pin="0"/><net_sink comp="382" pin=0"/></net>

<net id="403"><net_src comp="168" pin="0"/><net_sink comp="398" pin=0"/></net>

<net id="404"><net_src comp="162" pin="0"/><net_sink comp="398" pin=2"/></net>

<net id="405"><net_src comp="172" pin="0"/><net_sink comp="398" pin=0"/></net>

<net id="444"><net_src comp="88" pin="0"/><net_sink comp="406" pin=0"/></net>

<net id="445"><net_src comp="4" pin="0"/><net_sink comp="406" pin=1"/></net>

<net id="446"><net_src comp="2" pin="0"/><net_sink comp="406" pin=2"/></net>

<net id="447"><net_src comp="0" pin="0"/><net_sink comp="406" pin=3"/></net>

<net id="478"><net_src comp="156" pin="0"/><net_sink comp="448" pin=0"/></net>

<net id="479"><net_src comp="6" pin="0"/><net_sink comp="448" pin=3"/></net>

<net id="491"><net_src comp="170" pin="0"/><net_sink comp="480" pin=0"/></net>

<net id="492"><net_src comp="6" pin="0"/><net_sink comp="480" pin=1"/></net>

<net id="500"><net_src comp="324" pin="2"/><net_sink comp="497" pin=0"/></net>

<net id="506"><net_src comp="38" pin="0"/><net_sink comp="501" pin=0"/></net>

<net id="507"><net_src comp="324" pin="2"/><net_sink comp="501" pin=1"/></net>

<net id="508"><net_src comp="40" pin="0"/><net_sink comp="501" pin=2"/></net>

<net id="515"><net_src comp="42" pin="0"/><net_sink comp="509" pin=0"/></net>

<net id="516"><net_src comp="300" pin="2"/><net_sink comp="509" pin=1"/></net>

<net id="517"><net_src comp="44" pin="0"/><net_sink comp="509" pin=2"/></net>

<net id="518"><net_src comp="46" pin="0"/><net_sink comp="509" pin=3"/></net>

<net id="522"><net_src comp="509" pin="4"/><net_sink comp="519" pin=0"/></net>

<net id="527"><net_src comp="8" pin="0"/><net_sink comp="523" pin=0"/></net>

<net id="528"><net_src comp="519" pin="1"/><net_sink comp="523" pin=1"/></net>

<net id="535"><net_src comp="42" pin="0"/><net_sink comp="529" pin=0"/></net>

<net id="536"><net_src comp="294" pin="2"/><net_sink comp="529" pin=1"/></net>

<net id="537"><net_src comp="44" pin="0"/><net_sink comp="529" pin=2"/></net>

<net id="538"><net_src comp="46" pin="0"/><net_sink comp="529" pin=3"/></net>

<net id="542"><net_src comp="529" pin="4"/><net_sink comp="539" pin=0"/></net>

<net id="547"><net_src comp="8" pin="0"/><net_sink comp="543" pin=0"/></net>

<net id="548"><net_src comp="539" pin="1"/><net_sink comp="543" pin=1"/></net>

<net id="555"><net_src comp="42" pin="0"/><net_sink comp="549" pin=0"/></net>

<net id="556"><net_src comp="342" pin="2"/><net_sink comp="549" pin=1"/></net>

<net id="557"><net_src comp="44" pin="0"/><net_sink comp="549" pin=2"/></net>

<net id="558"><net_src comp="46" pin="0"/><net_sink comp="549" pin=3"/></net>

<net id="565"><net_src comp="42" pin="0"/><net_sink comp="559" pin=0"/></net>

<net id="566"><net_src comp="336" pin="2"/><net_sink comp="559" pin=1"/></net>

<net id="567"><net_src comp="44" pin="0"/><net_sink comp="559" pin=2"/></net>

<net id="568"><net_src comp="46" pin="0"/><net_sink comp="559" pin=3"/></net>

<net id="575"><net_src comp="42" pin="0"/><net_sink comp="569" pin=0"/></net>

<net id="576"><net_src comp="330" pin="2"/><net_sink comp="569" pin=1"/></net>

<net id="577"><net_src comp="44" pin="0"/><net_sink comp="569" pin=2"/></net>

<net id="578"><net_src comp="46" pin="0"/><net_sink comp="569" pin=3"/></net>

<net id="583"><net_src comp="48" pin="0"/><net_sink comp="579" pin=0"/></net>

<net id="588"><net_src comp="50" pin="0"/><net_sink comp="584" pin=0"/></net>

<net id="593"><net_src comp="52" pin="0"/><net_sink comp="589" pin=0"/></net>

<net id="599"><net_src comp="54" pin="0"/><net_sink comp="594" pin=1"/></net>

<net id="603"><net_src comp="594" pin="3"/><net_sink comp="600" pin=0"/></net>

<net id="608"><net_src comp="594" pin="3"/><net_sink comp="604" pin=0"/></net>

<net id="609"><net_src comp="56" pin="0"/><net_sink comp="604" pin=1"/></net>

<net id="615"><net_src comp="604" pin="2"/><net_sink comp="610" pin=0"/></net>

<net id="616"><net_src comp="58" pin="0"/><net_sink comp="610" pin=1"/></net>

<net id="617"><net_src comp="600" pin="1"/><net_sink comp="610" pin=2"/></net>

<net id="622"><net_src comp="610" pin="3"/><net_sink comp="618" pin=0"/></net>

<net id="623"><net_src comp="62" pin="0"/><net_sink comp="618" pin=1"/></net>

<net id="627"><net_src comp="610" pin="3"/><net_sink comp="624" pin=0"/></net>

<net id="631"><net_src comp="610" pin="3"/><net_sink comp="628" pin=0"/></net>

<net id="637"><net_src comp="64" pin="0"/><net_sink comp="632" pin=0"/></net>

<net id="638"><net_src comp="628" pin="1"/><net_sink comp="632" pin=1"/></net>

<net id="639"><net_src comp="66" pin="0"/><net_sink comp="632" pin=2"/></net>

<net id="644"><net_src comp="632" pin="3"/><net_sink comp="640" pin=0"/></net>

<net id="645"><net_src comp="624" pin="1"/><net_sink comp="640" pin=1"/></net>

<net id="651"><net_src comp="618" pin="2"/><net_sink comp="646" pin=0"/></net>

<net id="652"><net_src comp="640" pin="2"/><net_sink comp="646" pin=1"/></net>

<net id="653"><net_src comp="68" pin="0"/><net_sink comp="646" pin=2"/></net>

<net id="660"><net_src comp="657" pin="1"/><net_sink comp="355" pin=2"/></net>

<net id="665"><net_src comp="654" pin="1"/><net_sink comp="661" pin=0"/></net>

<net id="666"><net_src comp="657" pin="1"/><net_sink comp="661" pin=1"/></net>

<net id="674"><net_src comp="0" pin="0"/><net_sink comp="670" pin=0"/></net>

<net id="675"><net_src comp="667" pin="1"/><net_sink comp="670" pin=1"/></net>

<net id="676"><net_src comp="670" pin="2"/><net_sink comp="363" pin=1"/></net>

<net id="680"><net_src comp="677" pin="1"/><net_sink comp="363" pin=2"/></net>

<net id="681"><net_src comp="677" pin="1"/><net_sink comp="369" pin=2"/></net>

<net id="689"><net_src comp="2" pin="0"/><net_sink comp="685" pin=0"/></net>

<net id="690"><net_src comp="682" pin="1"/><net_sink comp="685" pin=1"/></net>

<net id="691"><net_src comp="685" pin="2"/><net_sink comp="369" pin=1"/></net>

<net id="699"><net_src comp="4" pin="0"/><net_sink comp="695" pin=0"/></net>

<net id="700"><net_src comp="692" pin="1"/><net_sink comp="695" pin=1"/></net>

<net id="701"><net_src comp="695" pin="2"/><net_sink comp="375" pin=1"/></net>

<net id="705"><net_src comp="702" pin="1"/><net_sink comp="375" pin=2"/></net>

<net id="710"><net_src comp="78" pin="0"/><net_sink comp="706" pin=1"/></net>

<net id="715"><net_src comp="80" pin="0"/><net_sink comp="711" pin=1"/></net>

<net id="721"><net_src comp="706" pin="2"/><net_sink comp="716" pin=0"/></net>

<net id="722"><net_src comp="711" pin="2"/><net_sink comp="716" pin=1"/></net>

<net id="723"><net_src comp="80" pin="0"/><net_sink comp="716" pin=2"/></net>

<net id="728"><net_src comp="716" pin="3"/><net_sink comp="724" pin=0"/></net>

<net id="729"><net_src comp="82" pin="0"/><net_sink comp="724" pin=1"/></net>

<net id="734"><net_src comp="78" pin="0"/><net_sink comp="730" pin=0"/></net>

<net id="735"><net_src comp="716" pin="3"/><net_sink comp="730" pin=1"/></net>

<net id="741"><net_src comp="724" pin="2"/><net_sink comp="736" pin=0"/></net>

<net id="742"><net_src comp="730" pin="2"/><net_sink comp="736" pin=1"/></net>

<net id="743"><net_src comp="84" pin="0"/><net_sink comp="736" pin=2"/></net>

<net id="747"><net_src comp="736" pin="3"/><net_sink comp="744" pin=0"/></net>

<net id="752"><net_src comp="744" pin="1"/><net_sink comp="748" pin=0"/></net>

<net id="753"><net_src comp="86" pin="0"/><net_sink comp="748" pin=1"/></net>

<net id="754"><net_src comp="748" pin="2"/><net_sink comp="406" pin=4"/></net>

<net id="843"><net_src comp="836" pin="1"/><net_sink comp="839" pin=0"/></net>

<net id="844"><net_src comp="48" pin="0"/><net_sink comp="839" pin=1"/></net>

<net id="849"><net_src comp="836" pin="1"/><net_sink comp="845" pin=0"/></net>

<net id="850"><net_src comp="144" pin="0"/><net_sink comp="845" pin=1"/></net>

<net id="854"><net_src comp="836" pin="1"/><net_sink comp="851" pin=0"/></net>

<net id="860"><net_src comp="146" pin="0"/><net_sink comp="855" pin=0"/></net>

<net id="861"><net_src comp="836" pin="1"/><net_sink comp="855" pin=1"/></net>

<net id="862"><net_src comp="148" pin="0"/><net_sink comp="855" pin=2"/></net>

<net id="868"><net_src comp="150" pin="0"/><net_sink comp="863" pin=0"/></net>

<net id="869"><net_src comp="851" pin="1"/><net_sink comp="863" pin=1"/></net>

<net id="870"><net_src comp="50" pin="0"/><net_sink comp="863" pin=2"/></net>

<net id="874"><net_src comp="855" pin="3"/><net_sink comp="871" pin=0"/></net>

<net id="879"><net_src comp="863" pin="3"/><net_sink comp="875" pin=0"/></net>

<net id="880"><net_src comp="871" pin="1"/><net_sink comp="875" pin=1"/></net>

<net id="885"><net_src comp="845" pin="2"/><net_sink comp="881" pin=0"/></net>

<net id="892"><net_src comp="152" pin="0"/><net_sink comp="886" pin=0"/></net>

<net id="893"><net_src comp="154" pin="0"/><net_sink comp="886" pin=2"/></net>

<net id="894"><net_src comp="46" pin="0"/><net_sink comp="886" pin=3"/></net>

<net id="898"><net_src comp="895" pin="1"/><net_sink comp="448" pin=1"/></net>

<net id="905"><net_src comp="899" pin="1"/><net_sink comp="902" pin=0"/></net>

<net id="910"><net_src comp="902" pin="1"/><net_sink comp="906" pin=0"/></net>

<net id="911"><net_src comp="895" pin="1"/><net_sink comp="906" pin=1"/></net>

<net id="916"><net_src comp="899" pin="1"/><net_sink comp="912" pin=0"/></net>

<net id="917"><net_src comp="158" pin="0"/><net_sink comp="912" pin=1"/></net>

<net id="922"><net_src comp="912" pin="2"/><net_sink comp="918" pin=0"/></net>

<net id="927"><net_src comp="906" pin="2"/><net_sink comp="923" pin=0"/></net>

<net id="935"><net_src comp="6" pin="0"/><net_sink comp="931" pin=0"/></net>

<net id="936"><net_src comp="928" pin="1"/><net_sink comp="931" pin=1"/></net>

<net id="937"><net_src comp="931" pin="2"/><net_sink comp="398" pin=1"/></net>

<net id="941"><net_src comp="174" pin="1"/><net_sink comp="938" pin=0"/></net>

<net id="942"><net_src comp="938" pin="1"/><net_sink comp="589" pin=1"/></net>

<net id="943"><net_src comp="938" pin="1"/><net_sink comp="895" pin=0"/></net>

<net id="944"><net_src comp="938" pin="1"/><net_sink comp="923" pin=1"/></net>

<net id="948"><net_src comp="178" pin="1"/><net_sink comp="945" pin=0"/></net>

<net id="949"><net_src comp="945" pin="1"/><net_sink comp="584" pin=1"/></net>

<net id="950"><net_src comp="945" pin="1"/><net_sink comp="836" pin=0"/></net>

<net id="951"><net_src comp="945" pin="1"/><net_sink comp="881" pin=1"/></net>

<net id="955"><net_src comp="182" pin="1"/><net_sink comp="952" pin=0"/></net>

<net id="956"><net_src comp="952" pin="1"/><net_sink comp="579" pin=1"/></net>

<net id="957"><net_src comp="952" pin="1"/><net_sink comp="899" pin=0"/></net>

<net id="958"><net_src comp="952" pin="1"/><net_sink comp="918" pin=1"/></net>

<net id="962"><net_src comp="306" pin="2"/><net_sink comp="959" pin=0"/></net>

<net id="963"><net_src comp="959" pin="1"/><net_sink comp="886" pin=1"/></net>

<net id="967"><net_src comp="312" pin="2"/><net_sink comp="964" pin=0"/></net>

<net id="968"><net_src comp="964" pin="1"/><net_sink comp="448" pin=26"/></net>

<net id="972"><net_src comp="318" pin="2"/><net_sink comp="969" pin=0"/></net>

<net id="973"><net_src comp="969" pin="1"/><net_sink comp="493" pin=0"/></net>

<net id="974"><net_src comp="969" pin="1"/><net_sink comp="493" pin=1"/></net>

<net id="978"><net_src comp="324" pin="2"/><net_sink comp="975" pin=0"/></net>

<net id="979"><net_src comp="975" pin="1"/><net_sink comp="706" pin=0"/></net>

<net id="980"><net_src comp="975" pin="1"/><net_sink comp="711" pin=0"/></net>

<net id="984"><net_src comp="186" pin="1"/><net_sink comp="981" pin=0"/></net>

<net id="985"><net_src comp="981" pin="1"/><net_sink comp="406" pin=35"/></net>

<net id="986"><net_src comp="981" pin="1"/><net_sink comp="833" pin=0"/></net>

<net id="990"><net_src comp="190" pin="1"/><net_sink comp="987" pin=0"/></net>

<net id="991"><net_src comp="987" pin="1"/><net_sink comp="406" pin=34"/></net>

<net id="992"><net_src comp="987" pin="1"/><net_sink comp="830" pin=0"/></net>

<net id="996"><net_src comp="194" pin="1"/><net_sink comp="993" pin=0"/></net>

<net id="997"><net_src comp="993" pin="1"/><net_sink comp="406" pin=33"/></net>

<net id="998"><net_src comp="993" pin="1"/><net_sink comp="827" pin=0"/></net>

<net id="1002"><net_src comp="198" pin="1"/><net_sink comp="999" pin=0"/></net>

<net id="1003"><net_src comp="999" pin="1"/><net_sink comp="406" pin=32"/></net>

<net id="1004"><net_src comp="999" pin="1"/><net_sink comp="824" pin=0"/></net>

<net id="1008"><net_src comp="202" pin="1"/><net_sink comp="1005" pin=0"/></net>

<net id="1009"><net_src comp="1005" pin="1"/><net_sink comp="406" pin=31"/></net>

<net id="1010"><net_src comp="1005" pin="1"/><net_sink comp="821" pin=0"/></net>

<net id="1014"><net_src comp="206" pin="1"/><net_sink comp="1011" pin=0"/></net>

<net id="1015"><net_src comp="1011" pin="1"/><net_sink comp="406" pin=30"/></net>

<net id="1016"><net_src comp="1011" pin="1"/><net_sink comp="818" pin=0"/></net>

<net id="1020"><net_src comp="210" pin="1"/><net_sink comp="1017" pin=0"/></net>

<net id="1021"><net_src comp="1017" pin="1"/><net_sink comp="406" pin=29"/></net>

<net id="1022"><net_src comp="1017" pin="1"/><net_sink comp="815" pin=0"/></net>

<net id="1026"><net_src comp="214" pin="1"/><net_sink comp="1023" pin=0"/></net>

<net id="1027"><net_src comp="1023" pin="1"/><net_sink comp="406" pin=28"/></net>

<net id="1028"><net_src comp="1023" pin="1"/><net_sink comp="812" pin=0"/></net>

<net id="1032"><net_src comp="218" pin="1"/><net_sink comp="1029" pin=0"/></net>

<net id="1033"><net_src comp="1029" pin="1"/><net_sink comp="406" pin=27"/></net>

<net id="1034"><net_src comp="1029" pin="1"/><net_sink comp="809" pin=0"/></net>

<net id="1038"><net_src comp="222" pin="1"/><net_sink comp="1035" pin=0"/></net>

<net id="1039"><net_src comp="1035" pin="1"/><net_sink comp="406" pin=26"/></net>

<net id="1040"><net_src comp="1035" pin="1"/><net_sink comp="806" pin=0"/></net>

<net id="1044"><net_src comp="226" pin="1"/><net_sink comp="1041" pin=0"/></net>

<net id="1045"><net_src comp="1041" pin="1"/><net_sink comp="406" pin=25"/></net>

<net id="1046"><net_src comp="1041" pin="1"/><net_sink comp="803" pin=0"/></net>

<net id="1050"><net_src comp="230" pin="1"/><net_sink comp="1047" pin=0"/></net>

<net id="1051"><net_src comp="1047" pin="1"/><net_sink comp="406" pin=24"/></net>

<net id="1052"><net_src comp="1047" pin="1"/><net_sink comp="800" pin=0"/></net>

<net id="1056"><net_src comp="234" pin="1"/><net_sink comp="1053" pin=0"/></net>

<net id="1057"><net_src comp="1053" pin="1"/><net_sink comp="406" pin=23"/></net>

<net id="1058"><net_src comp="1053" pin="1"/><net_sink comp="797" pin=0"/></net>

<net id="1062"><net_src comp="238" pin="1"/><net_sink comp="1059" pin=0"/></net>

<net id="1063"><net_src comp="1059" pin="1"/><net_sink comp="406" pin=22"/></net>

<net id="1064"><net_src comp="1059" pin="1"/><net_sink comp="794" pin=0"/></net>

<net id="1068"><net_src comp="242" pin="1"/><net_sink comp="1065" pin=0"/></net>

<net id="1069"><net_src comp="1065" pin="1"/><net_sink comp="406" pin=21"/></net>

<net id="1070"><net_src comp="1065" pin="1"/><net_sink comp="791" pin=0"/></net>

<net id="1074"><net_src comp="246" pin="1"/><net_sink comp="1071" pin=0"/></net>

<net id="1075"><net_src comp="1071" pin="1"/><net_sink comp="406" pin=20"/></net>

<net id="1076"><net_src comp="1071" pin="1"/><net_sink comp="788" pin=0"/></net>

<net id="1080"><net_src comp="250" pin="1"/><net_sink comp="1077" pin=0"/></net>

<net id="1081"><net_src comp="1077" pin="1"/><net_sink comp="406" pin=19"/></net>

<net id="1082"><net_src comp="1077" pin="1"/><net_sink comp="785" pin=0"/></net>

<net id="1086"><net_src comp="254" pin="1"/><net_sink comp="1083" pin=0"/></net>

<net id="1087"><net_src comp="1083" pin="1"/><net_sink comp="406" pin=18"/></net>

<net id="1088"><net_src comp="1083" pin="1"/><net_sink comp="782" pin=0"/></net>

<net id="1092"><net_src comp="258" pin="1"/><net_sink comp="1089" pin=0"/></net>

<net id="1093"><net_src comp="1089" pin="1"/><net_sink comp="406" pin=17"/></net>

<net id="1094"><net_src comp="1089" pin="1"/><net_sink comp="779" pin=0"/></net>

<net id="1098"><net_src comp="262" pin="1"/><net_sink comp="1095" pin=0"/></net>

<net id="1099"><net_src comp="1095" pin="1"/><net_sink comp="406" pin=16"/></net>

<net id="1100"><net_src comp="1095" pin="1"/><net_sink comp="776" pin=0"/></net>

<net id="1104"><net_src comp="266" pin="1"/><net_sink comp="1101" pin=0"/></net>

<net id="1105"><net_src comp="1101" pin="1"/><net_sink comp="406" pin=15"/></net>

<net id="1106"><net_src comp="1101" pin="1"/><net_sink comp="773" pin=0"/></net>

<net id="1110"><net_src comp="270" pin="1"/><net_sink comp="1107" pin=0"/></net>

<net id="1111"><net_src comp="1107" pin="1"/><net_sink comp="406" pin=14"/></net>

<net id="1112"><net_src comp="1107" pin="1"/><net_sink comp="770" pin=0"/></net>

<net id="1116"><net_src comp="274" pin="1"/><net_sink comp="1113" pin=0"/></net>

<net id="1117"><net_src comp="1113" pin="1"/><net_sink comp="406" pin=13"/></net>

<net id="1118"><net_src comp="1113" pin="1"/><net_sink comp="767" pin=0"/></net>

<net id="1122"><net_src comp="278" pin="1"/><net_sink comp="1119" pin=0"/></net>

<net id="1123"><net_src comp="1119" pin="1"/><net_sink comp="406" pin=12"/></net>

<net id="1124"><net_src comp="1119" pin="1"/><net_sink comp="764" pin=0"/></net>

<net id="1128"><net_src comp="282" pin="1"/><net_sink comp="1125" pin=0"/></net>

<net id="1129"><net_src comp="1125" pin="1"/><net_sink comp="406" pin=11"/></net>

<net id="1130"><net_src comp="1125" pin="1"/><net_sink comp="761" pin=0"/></net>

<net id="1134"><net_src comp="286" pin="1"/><net_sink comp="1131" pin=0"/></net>

<net id="1135"><net_src comp="1131" pin="1"/><net_sink comp="406" pin=10"/></net>

<net id="1136"><net_src comp="1131" pin="1"/><net_sink comp="758" pin=0"/></net>

<net id="1140"><net_src comp="290" pin="1"/><net_sink comp="1137" pin=0"/></net>

<net id="1141"><net_src comp="1137" pin="1"/><net_sink comp="406" pin=9"/></net>

<net id="1142"><net_src comp="1137" pin="1"/><net_sink comp="755" pin=0"/></net>

<net id="1146"><net_src comp="497" pin="1"/><net_sink comp="1143" pin=0"/></net>

<net id="1147"><net_src comp="1143" pin="1"/><net_sink comp="594" pin=2"/></net>

<net id="1151"><net_src comp="501" pin="3"/><net_sink comp="1148" pin=0"/></net>

<net id="1152"><net_src comp="1148" pin="1"/><net_sink comp="594" pin=0"/></net>

<net id="1156"><net_src comp="523" pin="2"/><net_sink comp="1153" pin=0"/></net>

<net id="1157"><net_src comp="1153" pin="1"/><net_sink comp="348" pin=1"/></net>

<net id="1158"><net_src comp="1153" pin="1"/><net_sink comp="355" pin=1"/></net>

<net id="1162"><net_src comp="543" pin="2"/><net_sink comp="1159" pin=0"/></net>

<net id="1163"><net_src comp="1159" pin="1"/><net_sink comp="382" pin=1"/></net>

<net id="1164"><net_src comp="1159" pin="1"/><net_sink comp="389" pin=1"/></net>

<net id="1168"><net_src comp="549" pin="4"/><net_sink comp="1165" pin=0"/></net>

<net id="1169"><net_src comp="1165" pin="1"/><net_sink comp="667" pin=0"/></net>

<net id="1170"><net_src comp="1165" pin="1"/><net_sink comp="406" pin=5"/></net>

<net id="1174"><net_src comp="559" pin="4"/><net_sink comp="1171" pin=0"/></net>

<net id="1175"><net_src comp="1171" pin="1"/><net_sink comp="682" pin=0"/></net>

<net id="1176"><net_src comp="1171" pin="1"/><net_sink comp="406" pin=6"/></net>

<net id="1180"><net_src comp="569" pin="4"/><net_sink comp="1177" pin=0"/></net>

<net id="1181"><net_src comp="1177" pin="1"/><net_sink comp="692" pin=0"/></net>

<net id="1182"><net_src comp="1177" pin="1"/><net_sink comp="406" pin=7"/></net>

<net id="1186"><net_src comp="594" pin="3"/><net_sink comp="1183" pin=0"/></net>

<net id="1187"><net_src comp="1183" pin="1"/><net_sink comp="654" pin=0"/></net>

<net id="1191"><net_src comp="610" pin="3"/><net_sink comp="1188" pin=0"/></net>

<net id="1192"><net_src comp="1188" pin="1"/><net_sink comp="657" pin=0"/></net>

<net id="1193"><net_src comp="1188" pin="1"/><net_sink comp="702" pin=0"/></net>

<net id="1197"><net_src comp="646" pin="3"/><net_sink comp="1194" pin=0"/></net>

<net id="1198"><net_src comp="1194" pin="1"/><net_sink comp="677" pin=0"/></net>

<net id="1202"><net_src comp="661" pin="2"/><net_sink comp="1199" pin=0"/></net>

<net id="1203"><net_src comp="1199" pin="1"/><net_sink comp="389" pin=2"/></net>

<net id="1207"><net_src comp="670" pin="2"/><net_sink comp="1204" pin=0"/></net>

<net id="1208"><net_src comp="1204" pin="1"/><net_sink comp="363" pin=1"/></net>

<net id="1212"><net_src comp="677" pin="1"/><net_sink comp="1209" pin=0"/></net>

<net id="1213"><net_src comp="1209" pin="1"/><net_sink comp="363" pin=2"/></net>

<net id="1214"><net_src comp="1209" pin="1"/><net_sink comp="369" pin=2"/></net>

<net id="1218"><net_src comp="685" pin="2"/><net_sink comp="1215" pin=0"/></net>

<net id="1219"><net_src comp="1215" pin="1"/><net_sink comp="369" pin=1"/></net>

<net id="1223"><net_src comp="695" pin="2"/><net_sink comp="1220" pin=0"/></net>

<net id="1224"><net_src comp="1220" pin="1"/><net_sink comp="375" pin=1"/></net>

<net id="1228"><net_src comp="702" pin="1"/><net_sink comp="1225" pin=0"/></net>

<net id="1229"><net_src comp="1225" pin="1"/><net_sink comp="375" pin=2"/></net>

<net id="1233"><net_src comp="493" pin="2"/><net_sink comp="1230" pin=0"/></net>

<net id="1234"><net_src comp="1230" pin="1"/><net_sink comp="406" pin=8"/></net>

<net id="1238"><net_src comp="748" pin="2"/><net_sink comp="1235" pin=0"/></net>

<net id="1239"><net_src comp="1235" pin="1"/><net_sink comp="406" pin=4"/></net>

<net id="1324"><net_src comp="836" pin="1"/><net_sink comp="1321" pin=0"/></net>

<net id="1325"><net_src comp="1321" pin="1"/><net_sink comp="448" pin=2"/></net>

<net id="1326"><net_src comp="1321" pin="1"/><net_sink comp="448" pin=27"/></net>

<net id="1333"><net_src comp="875" pin="2"/><net_sink comp="1330" pin=0"/></net>

<net id="1334"><net_src comp="1330" pin="1"/><net_sink comp="448" pin=25"/></net>

<net id="1338"><net_src comp="886" pin="4"/><net_sink comp="1335" pin=0"/></net>

<net id="1339"><net_src comp="1335" pin="1"/><net_sink comp="928" pin=0"/></net>

<net id="1340"><net_src comp="1335" pin="1"/><net_sink comp="480" pin=2"/></net>

<net id="1344"><net_src comp="895" pin="1"/><net_sink comp="1341" pin=0"/></net>

<net id="1345"><net_src comp="1341" pin="1"/><net_sink comp="448" pin=1"/></net>

<net id="1349"><net_src comp="931" pin="2"/><net_sink comp="1346" pin=0"/></net>

<net id="1350"><net_src comp="1346" pin="1"/><net_sink comp="398" pin=1"/></net>

</net_list>

</model> 
---------------- Datapath Model END ------------------

* FSMD analyzer results:
  - Output states:
	Port: gmem3 | {15 16 17 18 19 20 21 22 23 24 }
	Port: gmem4 | {2 3 4 5 6 7 8 9 10 }
 - Input state : 
	Port: registration_accumulate_kernel : gmem0 | {3 4 5 6 7 8 9 10 11 12 }
	Port: registration_accumulate_kernel : gmem1 | {3 4 5 6 7 8 9 10 11 12 }
	Port: registration_accumulate_kernel : gmem2 | {3 4 5 6 7 8 9 10 11 12 }
	Port: registration_accumulate_kernel : src_xyz | {1 }
	Port: registration_accumulate_kernel : tgt_xyz | {1 }
	Port: registration_accumulate_kernel : labels | {1 }
	Port: registration_accumulate_kernel : correspondence_count | {1 }
	Port: registration_accumulate_kernel : kernel | {1 }
	Port: registration_accumulate_kernel : jtj_out | {1 }
	Port: registration_accumulate_kernel : jtr_out | {1 }
	Port: registration_accumulate_kernel : used_count | {1 }
	Port: registration_accumulate_kernel : dropped_count | {1 }
  - Chain level:
	State 1
		sext_ln64 : 1
		gmem4_addr : 2
		sext_ln65 : 1
		gmem4_addr_1 : 2
		store_ln0 : 1
		store_ln140 : 1
		store_ln139 : 1
	State 2
		trunc_ln61 : 1
		icmp_ln200 : 1
		bounded_count : 2
		icmp_ln70 : 3
		zext_ln70 : 3
		trunc_ln70 : 3
		p_shl : 4
		sub_ln70_1 : 5
		empty : 6
	State 3
		write_ln64 : 1
		sub_ln65 : 1
		gmem0_addr : 1
		empty_57 : 2
		gmem1_addr : 1
		empty_58 : 2
		gmem2_addr : 1
		empty_59 : 2
	State 4
	State 5
	State 6
	State 7
	State 8
	State 9
	State 10
	State 11
		empty_61 : 1
		sub_ln70 : 1
		select_ln70_1 : 2
		zext_ln70_3 : 3
		add_ln70 : 4
		call_ln70 : 5
	State 12
	State 13
	State 14
		icmp_ln140 : 1
		add_ln140_1 : 1
		br_ln140 : 2
		empty_62 : 1
		tmp_2 : 1
		tmp_3 : 2
		empty_63 : 2
		sub_ln141 : 3
		store_ln140 : 2
	State 15
		call_ln140 : 1
		zext_ln140 : 1
		read_idx_2 : 2
		add_ln140 : 1
		store_ln140 : 2
		store_ln139 : 3
	State 16
	State 17
		gmem3_addr : 1
		empty_64 : 2
	State 18
	State 19
	State 20
	State 21
	State 22
	State 23
	State 24


============================================================
+ Verbose Summary: Datapath Resource usage 
============================================================

* Functional unit list:
|----------|----------------------------------------------------------------------|---------|---------|---------|---------|
| Operation|                            Functional Unit                           |   DSP   |  Delay  |    FF   |   LUT   |
|----------|----------------------------------------------------------------------|---------|---------|---------|---------|
|          |  grp_registration_accumulate_kernel_Pipeline_VITIS_LOOP_70_3_fu_406  |   108   | 25.0087 |  21515  |  11911  |
|   call   | grp_registration_accumulate_kernel_Pipeline_VITIS_LOOP_141_10_fu_448 |    0    |  1.548  |   465   |   355   |
|          | grp_registration_accumulate_kernel_Pipeline_VITIS_LOOP_151_11_fu_480 |    0    |    0    |   131   |    51   |
|----------|----------------------------------------------------------------------|---------|---------|---------|---------|
|   fmul   |                              grp_fu_493                              |    3    |    0    |   143   |    78   |
|----------|----------------------------------------------------------------------|---------|---------|---------|---------|
|          |                           icmp_ln200_fu_604                          |    0    |    0    |    0    |    38   |
|          |                           icmp_ln70_fu_618                           |    0    |    0    |    0    |    22   |
|   icmp   |                            empty_60_fu_706                           |    0    |    0    |    0    |    39   |
|          |                            empty_61_fu_724                           |    0    |    0    |    0    |    39   |
|          |                           icmp_ln140_fu_839                          |    0    |    0    |    0    |    10   |
|----------|----------------------------------------------------------------------|---------|---------|---------|---------|
|          |                           requested_fu_594                           |    0    |    0    |    0    |    31   |
|          |                         bounded_count_fu_610                         |    0    |    0    |    0    |    15   |
|  select  |                             empty_fu_646                             |    0    |    0    |    0    |    16   |
|          |                          select_ln70_fu_716                          |    0    |    0    |    0    |    32   |
|          |                         select_ln70_1_fu_736                         |    0    |    0    |    0    |    32   |
|----------|----------------------------------------------------------------------|---------|---------|---------|---------|
|          |                           sub_ln70_1_fu_640                          |    0    |    0    |    0    |    23   |
|    sub   |                            sub_ln65_fu_661                           |    0    |    0    |    0    |    38   |
|          |                            sub_ln70_fu_730                           |    0    |    0    |    0    |    39   |
|          |                           sub_ln141_fu_875                           |    0    |    0    |    0    |    12   |
|----------|----------------------------------------------------------------------|---------|---------|---------|---------|
|          |                            add_ln70_fu_748                           |    0    |    0    |    0    |    39   |
|    add   |                          add_ln140_1_fu_845                          |    0    |    0    |    0    |    10   |
|          |                           read_idx_2_fu_906                          |    0    |    0    |    0    |    13   |
|          |                           add_ln140_fu_912                           |    0    |    0    |    0    |    10   |
|----------|----------------------------------------------------------------------|---------|---------|---------|---------|
|    xor   |                            xor_ln70_fu_711                           |    0    |    0    |    0    |    32   |
|----------|----------------------------------------------------------------------|---------|---------|---------|---------|
|          |                    dropped_count_read_read_fu_294                    |    0    |    0    |    0    |    0    |
|          |                      used_count_read_read_fu_300                     |    0    |    0    |    0    |    0    |
|          |                       jtr_out_read_read_fu_306                       |    0    |    0    |    0    |    0    |
|          |                       jtj_out_read_read_fu_312                       |    0    |    0    |    0    |    0    |
|   read   |                        kernel_read_read_fu_318                       |    0    |    0    |    0    |    0    |
|          |                 correspondence_count_read_read_fu_324                |    0    |    0    |    0    |    0    |
|          |                        labels_read_read_fu_330                       |    0    |    0    |    0    |    0    |
|          |                       tgt_xyz_read_read_fu_336                       |    0    |    0    |    0    |    0    |
|          |                       src_xyz_read_read_fu_342                       |    0    |    0    |    0    |    0    |
|----------|----------------------------------------------------------------------|---------|---------|---------|---------|
|          |                         grp_writeresp_fu_348                         |    0    |    0    |    0    |    0    |
| writeresp|                         grp_writeresp_fu_382                         |    0    |    0    |    0    |    0    |
|          |                         grp_writeresp_fu_398                         |    0    |    0    |    0    |    0    |
|----------|----------------------------------------------------------------------|---------|---------|---------|---------|
|   write  |                        write_ln64_write_fu_355                       |    0    |    0    |    0    |    0    |
|          |                        write_ln65_write_fu_389                       |    0    |    0    |    0    |    0    |
|----------|----------------------------------------------------------------------|---------|---------|---------|---------|
|          |                          grp_readreq_fu_363                          |    0    |    0    |    0    |    0    |
|  readreq |                          grp_readreq_fu_369                          |    0    |    0    |    0    |    0    |
|          |                          grp_readreq_fu_375                          |    0    |    0    |    0    |    0    |
|----------|----------------------------------------------------------------------|---------|---------|---------|---------|
|          |                           trunc_ln26_fu_497                          |    0    |    0    |    0    |    0    |
|   trunc  |                           trunc_ln61_fu_600                          |    0    |    0    |    0    |    0    |
|          |                           trunc_ln70_fu_628                          |    0    |    0    |    0    |    0    |
|          |                            empty_62_fu_851                           |    0    |    0    |    0    |    0    |
|----------|----------------------------------------------------------------------|---------|---------|---------|---------|
| bitselect|                              tmp_fu_501                              |    0    |    0    |    0    |    0    |
|----------|----------------------------------------------------------------------|---------|---------|---------|---------|
|          |                           trunc_ln2_fu_509                           |    0    |    0    |    0    |    0    |
|          |                           trunc_ln3_fu_529                           |    0    |    0    |    0    |    0    |
|partselect|                           trunc_ln4_fu_549                           |    0    |    0    |    0    |    0    |
|          |                          trunc_ln70_1_fu_559                         |    0    |    0    |    0    |    0    |
|          |                          trunc_ln70_2_fu_569                         |    0    |    0    |    0    |    0    |
|          |                           trunc_ln5_fu_886                           |    0    |    0    |    0    |    0    |
|----------|----------------------------------------------------------------------|---------|---------|---------|---------|
|          |                           sext_ln64_fu_519                           |    0    |    0    |    0    |    0    |
|          |                           sext_ln65_fu_539                           |    0    |    0    |    0    |    0    |
|   sext   |                           sext_ln70_fu_667                           |    0    |    0    |    0    |    0    |
|          |                          sext_ln70_1_fu_682                          |    0    |    0    |    0    |    0    |
|          |                          sext_ln70_2_fu_692                          |    0    |    0    |    0    |    0    |
|          |                           sext_ln151_fu_928                          |    0    |    0    |    0    |    0    |
|----------|----------------------------------------------------------------------|---------|---------|---------|---------|
|          |                           zext_ln70_fu_624                           |    0    |    0    |    0    |    0    |
|          |                           zext_ln61_fu_654                           |    0    |    0    |    0    |    0    |
|          |                           zext_ln62_fu_657                           |    0    |    0    |    0    |    0    |
|   zext   |                          zext_ln70_1_fu_677                          |    0    |    0    |    0    |    0    |
|          |                          zext_ln70_2_fu_702                          |    0    |    0    |    0    |    0    |
|          |                          zext_ln70_3_fu_744                          |    0    |    0    |    0    |    0    |
|          |                            empty_63_fu_871                           |    0    |    0    |    0    |    0    |
|          |                           zext_ln140_fu_902                          |    0    |    0    |    0    |    0    |
|----------|----------------------------------------------------------------------|---------|---------|---------|---------|
|          |                             p_shl_fu_632                             |    0    |    0    |    0    |    0    |
|bitconcatenate|                             tmp_2_fu_855                             |    0    |    0    |    0    |    0    |
|          |                             tmp_3_fu_863                             |    0    |    0    |    0    |    0    |
|----------|----------------------------------------------------------------------|---------|---------|---------|---------|
|   Total  |                                                                      |   111   | 26.5567 |  22254  |  12885  |
|----------|----------------------------------------------------------------------|---------|---------|---------|---------|

Memories:
N/A

* Register list:
+---------------------------------+--------+
|                                 |   FF   |
+---------------------------------+--------+
|        add_ln70_reg_1235        |   33   |
|      bounded_count_reg_1188     |   15   |
|            c_reg_1321           |    3   |
|correspondence_count_read_reg_975|   32   |
|          empty_reg_1194         |   16   |
|       gmem0_addr_reg_1204       |   32   |
|       gmem1_addr_reg_1215       |   32   |
|       gmem2_addr_reg_1220       |   32   |
|       gmem3_addr_reg_1346       |   64   |
|      gmem4_addr_1_reg_1159      |   32   |
|       gmem4_addr_reg_1153       |   32   |
|      indvars_iv165_reg_952      |    3   |
|       jtj_out_read_reg_964      |   64   |
|       jtr_out_read_reg_959      |   64   |
|       kernel_read_reg_969       |   32   |
|        kernel_sq_reg_1230       |   32   |
|         p_loc43_reg_1131        |   64   |
|         p_loc44_reg_1125        |   64   |
|         p_loc45_reg_1119        |   64   |
|         p_loc46_reg_1113        |   64   |
|         p_loc47_reg_1107        |   64   |
|         p_loc48_reg_1101        |   64   |
|         p_loc49_reg_1095        |   64   |
|         p_loc50_reg_1089        |   64   |
|         p_loc51_reg_1083        |   64   |
|         p_loc52_reg_1077        |   64   |
|         p_loc53_reg_1071        |   64   |
|         p_loc54_reg_1065        |   64   |
|         p_loc55_reg_1059        |   64   |
|         p_loc56_reg_1053        |   64   |
|         p_loc57_reg_1047        |   64   |
|         p_loc58_reg_1041        |   64   |
|         p_loc59_reg_1035        |   64   |
|         p_loc60_reg_1029        |   64   |
|         p_loc61_reg_1023        |   64   |
|         p_loc62_reg_1017        |   64   |
|         p_loc63_reg_1011        |   64   |
|         p_loc64_reg_1005        |   64   |
|         p_loc65_reg_999         |   64   |
|         p_loc66_reg_993         |   64   |
|         p_loc67_reg_987         |   64   |
|         p_loc68_reg_981         |   64   |
|          p_loc_reg_1137         |   64   |
|            r_reg_945            |    3   |
|      read_idx_load_reg_1341     |    6   |
|         read_idx_reg_938        |    6   |
|        requested_reg_1183       |   31   |
|        sub_ln141_reg_1330       |    5   |
|        sub_ln65_reg_1199        |   32   |
|           tmp_reg_1148          |    1   |
|       trunc_ln26_reg_1143       |   31   |
|        trunc_ln4_reg_1165       |   62   |
|        trunc_ln5_reg_1335       |   61   |
|      trunc_ln70_1_reg_1171      |   62   |
|      trunc_ln70_2_reg_1177      |   62   |
|       zext_ln70_1_reg_1209      |   64   |
|       zext_ln70_2_reg_1225      |   64   |
+---------------------------------+--------+
|              Total              |  2736  |
+---------------------------------+--------+

* Multiplexer (MUX) list: 
|----------------------------------------------------------------------|------|------|------|--------||---------||---------||---------|
|                                 Comp                                 |  Pin | Size |  BW  | S x BW ||  Delay  ||    FF   ||   LUT   |
|----------------------------------------------------------------------|------|------|------|--------||---------||---------||---------|
|                         grp_writeresp_fu_348                         |  p0  |   2  |   1  |    2   |
|                          grp_readreq_fu_363                          |  p1  |   2  |  32  |   64   ||    0    ||    9    |
|                          grp_readreq_fu_363                          |  p2  |   2  |  16  |   32   ||    0    ||    9    |
|                          grp_readreq_fu_369                          |  p1  |   2  |  32  |   64   ||    0    ||    9    |
|                          grp_readreq_fu_369                          |  p2  |   2  |  16  |   32   ||    0    ||    9    |
|                          grp_readreq_fu_375                          |  p1  |   2  |  32  |   64   ||    0    ||    9    |
|                          grp_readreq_fu_375                          |  p2  |   2  |  15  |   30   ||    0    ||    9    |
|                         grp_writeresp_fu_382                         |  p0  |   2  |   1  |    2   |
|                         grp_writeresp_fu_398                         |  p0  |   2  |   1  |    2   |
|                         grp_writeresp_fu_398                         |  p1  |   2  |  64  |   128  ||    0    ||    9    |
|  grp_registration_accumulate_kernel_Pipeline_VITIS_LOOP_70_3_fu_406  |  p4  |   2  |  33  |   66   ||    0    ||    9    |
| grp_registration_accumulate_kernel_Pipeline_VITIS_LOOP_141_10_fu_448 |  p1  |   2  |   6  |   12   ||    0    ||    9    |
|----------------------------------------------------------------------|------|------|------|--------||---------||---------||---------|
|                                 Total                                |      |      |      |   498  ||  4.644  ||    0    ||    81   |
|----------------------------------------------------------------------|------|------|------|--------||---------||---------||---------|



* Summary:
+-----------+--------+--------+--------+--------+
|           |   DSP  |  Delay |   FF   |   LUT  |
+-----------+--------+--------+--------+--------+
|  Function |   111  |   26   |  22254 |  12885 |
|   Memory  |    -   |    -   |    -   |    -   |
|Multiplexer|    -   |    4   |    0   |   81   |
|  Register |    -   |    -   |  2736  |    -   |
+-----------+--------+--------+--------+--------+
|   Total   |   111  |   31   |  24990 |  12966 |
+-----------+--------+--------+--------+--------+
