{
  "input_dir": "/Users/jacobtkaczyk/Downloads/SG-SLAM/profiling",
  "output_dir": "/Users/jacobtkaczyk/Downloads/SG-SLAM/profiling/important_plots",
  "frontend_rows": 658,
  "odometry_rows": 658,
  "mapping_had_frame_rows": 658,
  "max_frames": null,
  "stats": {
    "frontend_avg_total_ms": 28.53273282674772,
    "frontend_p95_total_ms": 45.38986,
    "frontend_avg_registration_ms": 14.117024009118543,
    "frontend_avg_voxelize_ms": 4.951487173252279,
    "frontend_avg_local_graph_update_ms": 2.373001810030395,
    "frontend_avg_preprocess_ms": 1.8050261458966566,
    "frontend_avg_cluster_ms": 1.599306092705167,
    "frontend_avg_find_match_ms": 1.0134540440729485,
    "frontend_avg_local_map_update_ms": 0.7215554392097263,
    "frontend_avg_buildgraph_ms": 0.3211981732522796,
    "odometry_avg_wall_ms": 55.23646063829787,
    "odometry_p95_wall_ms": 92.90365499999999,
    "odometry_avg_frontend_pct": 54.088583738601834,
    "odometry_avg_load_pct": 26.693423054711243,
    "odometry_avg_viz_publish_pct": 18.097019042553192,
    "odometry_avg_save_pose_pct": 0.9050662234042552,
    "odometry_avg_queue_push_pct": 0.10130701261398177,
    "odometry_avg_tf_publish_pct": 0.033919722006079026,
    "odometry_avg_odom_publish_pct": 0.004705140121580547,
    "mapping_avg_loop_ms": 1.3942673936170211,
    "mapping_p95_loop_ms": 5.343858999999988,
    "mapping_avg_mapping_main_ms": 1.0677735258358663,
    "mapping_avg_search_ms": 0.8775069179331306,
    "mapping_avg_pgo_ms": 0.14326479939209727,
    "mapping_avg_gen_des_ms": 0.0922636838905775,
    "mapping_avg_publish_map_ms": 0.005557060790273557,
    "mapping_avg_update_map_ms": 0.0009979103343465045,
    "mapping_event_rate_run_isam_pct": 4.86322188449848,
    "mapping_event_rate_run_map_update_pct": 4.86322188449848,
    "mapping_event_rate_loop_detected_pct": 0.0,
    "cross_frontend_odom_corr": 0.2779065582514295
  }
}